              total        used        free      shared  buff/cache   available
Mem:          33447        3872        1680         158       27894       28920
Swap:          2147         438        1708
Total:        35595        4310        3389

              total        used        free      shared  buff/cache   available
Mem:          33447        3878        1673         158       27894       28913
Swap:          2147         438        1708
Total:        35595        4317        3382

              total        used        free      shared  buff/cache   available
Mem:          33447        3879        1673         158       27894       28912
Swap:          2147         438        1708
Total:        35595        4318        3382

              total        used        free      shared  buff/cache   available
Mem:          33447        3881        1671         158       27894       28911
Swap:          2147         438        1708
Total:        35595        4319        3380

              total        used        free      shared  buff/cache   available
Mem:          33447        3884        1668         158       27894       28907
Swap:          2147         438        1708
Total:        35595        4323        3376

              total        used        free      shared  buff/cache   available
Mem:          33447        3861        1690         158       27894       28930
Swap:          2147         438        1708
Total:        35595        4300        3399

              total        used        free      shared  buff/cache   available
Mem:          33447        3855        1696         158       27894       28936
Swap:          2147         438        1708
Total:        35595        4294        3405

              total        used        free      shared  buff/cache   available
Mem:          33447        3856        1696         158       27894       28935
Swap:          2147         438        1708
Total:        35595        4295        3404

              total        used        free      shared  buff/cache   available
Mem:          33447        3856        1696         158       27894       28936
Swap:          2147         438        1708
Total:        35595        4294        3405

              total        used        free      shared  buff/cache   available
Mem:          33447        3854        1697         158       27894       28937
Swap:          2147         438        1708
Total:        35595        4293        3406

              total        used        free      shared  buff/cache   available
Mem:          33447        3855        1697         158       27894       28937
Swap:          2147         438        1708
Total:        35595        4293        3406

              total        used        free      shared  buff/cache   available
Mem:          33447        3970        1575         161       27902       28818
Swap:          2147         438        1708
Total:        35595        4408        3283

              total        used        free      shared  buff/cache   available
Mem:          33447        3973        1571         161       27902       28815
Swap:          2147         438        1708
Total:        35595        4411        3280

              total        used        free      shared  buff/cache   available
Mem:          33447        3974        1570         161       27902       28814
Swap:          2147         438        1708
Total:        35595        4412        3279

              total        used        free      shared  buff/cache   available
Mem:          33447        3902        1642         161       27902       28886
Swap:          2147         438        1708
Total:        35595        4341        3351

              total        used        free      shared  buff/cache   available
Mem:          33447        3901        1646         158       27898       28890
Swap:          2147         438        1708
Total:        35595        4340        3355

              total        used        free      shared  buff/cache   available
Mem:          33447        3979        1568         158       27898       28812
Swap:          2147         438        1708
Total:        35595        4418        3277

              total        used        free      shared  buff/cache   available
Mem:          33447        3983        1565         158       27898       28808
Swap:          2147         438        1708
Total:        35595        4422        3273

              total        used        free      shared  buff/cache   available
Mem:          33447        3986        1562         158       27898       28805
Swap:          2147         438        1708
Total:        35595        4424        3271

              total        used        free      shared  buff/cache   available
Mem:          33447        3908        1640         158       27898       28883
Swap:          2147         438        1708
Total:        35595        4347        3348

              total        used        free      shared  buff/cache   available
Mem:          33447        3907        1641         158       27898       28884
Swap:          2147         438        1708
Total:        35595        4345        3350

              total        used        free      shared  buff/cache   available
Mem:          33447        3867        1681         158       27898       28925
Swap:          2147         438        1708
Total:        35595        4305        3390

              total        used        free      shared  buff/cache   available
Mem:          33447        3982        1565         158       27899       28809
Swap:          2147         438        1708
Total:        35595        4421        3274

              total        used        free      shared  buff/cache   available
Mem:          33447        3985        1562         158       27899       28806
Swap:          2147         438        1708
Total:        35595        4424        3271

              total        used        free      shared  buff/cache   available
Mem:          33447        3987        1561         158       27899       28804
Swap:          2147         438        1708
Total:        35595        4425        3270

              total        used        free      shared  buff/cache   available
Mem:          33447        3907        1640         158       27899       28884
Swap:          2147         438        1708
Total:        35595        4346        3349

              total        used        free      shared  buff/cache   available
Mem:          33447        3905        1642         158       27899       28886
Swap:          2147         438        1708
Total:        35595        4344        3351

              total        used        free      shared  buff/cache   available
Mem:          33447        3966        1583         158       27897       28826
Swap:          2147         438        1708
Total:        35595        4404        3292

              total        used        free      shared  buff/cache   available
Mem:          33447        3995        1552         158       27899       28796
Swap:          2147         438        1708
Total:        35595        4434        3261

              total        used        free      shared  buff/cache   available
Mem:          33447        3897        1652         156       27897       28896
Swap:          2147         438        1708
Total:        35595        4335        3361

              total        used        free      shared  buff/cache   available
Mem:          33447        3898        1654         152       27894       28898
Swap:          2147         438        1708
Total:        35595        4337        3363

              total        used        free      shared  buff/cache   available
Mem:          33447        3793        1760         152       27894       29004
Swap:          2147         438        1708
Total:        35595        4231        3469

              total        used        free      shared  buff/cache   available
Mem:          33447        3794        1758         152       27894       29002
Swap:          2147         438        1708
Total:        35595        4233        3467

              total        used        free      shared  buff/cache   available
Mem:          33447        3870        1681         152       27894       28926
Swap:          2147         438        1708
Total:        35595        4309        3390

              total        used        free      shared  buff/cache   available
Mem:          33447        3871        1680         152       27894       28925
Swap:          2147         438        1708
Total:        35595        4310        3389

              total        used        free      shared  buff/cache   available
Mem:          33447        3872        1679         152       27894       28924
Swap:          2147         438        1708
Total:        35595        4311        3388

              total        used        free      shared  buff/cache   available
Mem:          33447        3785        1767         152       27894       29012
Swap:          2147         438        1708
Total:        35595        4223        3476

              total        used        free      shared  buff/cache   available
Mem:          33447        3787        1765         152       27894       29010
Swap:          2147         438        1708
Total:        35595        4225        3474

              total        used        free      shared  buff/cache   available
Mem:          33447        3851        1702         152       27893       28946
Swap:          2147         438        1708
Total:        35595        4289        3411

              total        used        free      shared  buff/cache   available
Mem:          33447        3872        1679         152       27895       28924
Swap:          2147         438        1708
Total:        35595        4311        3388

              total        used        free      shared  buff/cache   available
Mem:          33447        3874        1678         152       27895       28923
Swap:          2147         438        1708
Total:        35595        4312        3387

              total        used        free      shared  buff/cache   available
Mem:          33447        3873        1678         152       27895       28923
Swap:          2147         438        1708
Total:        35595        4312        3387

              total        used        free      shared  buff/cache   available
Mem:          33447        3798        1750         156       27898       28995
Swap:          2147         438        1708
Total:        35595        4237        3459

              total        used        free      shared  buff/cache   available
Mem:          33447        3797        1751         156       27898       28996
Swap:          2147         438        1708
Total:        35595        4236        3460

              total        used        free      shared  buff/cache   available
Mem:          33447        3873        1677         155       27896       28922
Swap:          2147         438        1708
Total:        35595        4312        3386

              total        used        free      shared  buff/cache   available
Mem:          33447        3878        1675         151       27893       28920
Swap:          2147         438        1708
Total:        35595        4316        3384

              total        used        free      shared  buff/cache   available
Mem:          33447        3878        1674         151       27893       28919
Swap:          2147         438        1708
Total:        35595        4317        3383

              total        used        free      shared  buff/cache   available
Mem:          33447        3797        1756         151       27893       29000
Swap:          2147         438        1708
Total:        35595        4236        3465

              total        used        free      shared  buff/cache   available
Mem:          33447        3822        1728         154       27895       28973
Swap:          2147         438        1708
Total:        35595        4261        3437

              total        used        free      shared  buff/cache   available
Mem:          33447        3794        1756         154       27896       29001
Swap:          2147         438        1708
Total:        35595        4233        3465

              total        used        free      shared  buff/cache   available
Mem:          33447        3912        1636         157       27899       28880
Swap:          2147         438        1708
Total:        35595        4350        3345

              total        used        free      shared  buff/cache   available
Mem:          33447        3911        1634         159       27901       28879
Swap:          2147         438        1708
Total:        35595        4350        3343

              total        used        free      shared  buff/cache   available
Mem:          33447        4022        1526         157       27899       28770
Swap:          2147         438        1708
Total:        35595        4460        3235

              total        used        free      shared  buff/cache   available
Mem:          33447        3956        1591         157       27899       28836
Swap:          2147         438        1708
Total:        35595        4395        3300

              total        used        free      shared  buff/cache   available
Mem:          33447        3956        1592         157       27899       28836
Swap:          2147         438        1708
Total:        35595        4394        3301

              total        used        free      shared  buff/cache   available
Mem:          33447        4023        1517         157       27906       28769
Swap:          2147         438        1708
Total:        35595        4461        3226

              total        used        free      shared  buff/cache   available
Mem:          33447        4009        1538         157       27899       28783
Swap:          2147         438        1708
Total:        35595        4448        3247

              total        used        free      shared  buff/cache   available
Mem:          33447        4007        1540         157       27899       28785
Swap:          2147         438        1708
Total:        35595        4445        3249

              total        used        free      shared  buff/cache   available
Mem:          33447        3922        1625         157       27899       28870
Swap:          2147         438        1708
Total:        35595        4361        3333

              total        used        free      shared  buff/cache   available
Mem:          33447        3918        1629         157       27899       28874
Swap:          2147         438        1708
Total:        35595        4356        3338

              total        used        free      shared  buff/cache   available
Mem:          33447        3889        1658         157       27899       28903
Swap:          2147         438        1708
Total:        35595        4327        3367

              total        used        free      shared  buff/cache   available
Mem:          33447        3997        1550         157       27899       28795
Swap:          2147         438        1708
Total:        35595        4436        3259

              total        used        free      shared  buff/cache   available
Mem:          33447        3999        1548         157       27899       28793
Swap:          2147         438        1708
Total:        35595        4438        3257

              total        used        free      shared  buff/cache   available
Mem:          33447        4000        1547         157       27899       28792
Swap:          2147         438        1708
Total:        35595        4439        3256

              total        used        free      shared  buff/cache   available
Mem:          33447        3921        1626         157       27899       28871
Swap:          2147         438        1708
Total:        35595        4360        3335

              total        used        free      shared  buff/cache   available
Mem:          33447        3922        1625         157       27899       28870
Swap:          2147         438        1708
Total:        35595        4360        3334

              total        used        free      shared  buff/cache   available
Mem:          33447        3975        1574         157       27897       28817
Swap:          2147         438        1708
Total:        35595        4414        3283

              total        used        free      shared  buff/cache   available
Mem:          33447        4005        1542         157       27899       28787
Swap:          2147         438        1708
Total:        35595        4443        3251

              total        used        free      shared  buff/cache   available
Mem:          33447        4005        1542         157       27899       28787
Swap:          2147         438        1708
Total:        35595        4443        3251

              total        used        free      shared  buff/cache   available
Mem:          33447        4004        1542         157       27899       28788
Swap:          2147         438        1708
Total:        35595        4443        3251

              total        used        free      shared  buff/cache   available
Mem:          33447        3923        1624         157       27899       28869
Swap:          2147         438        1708
Total:        35595        4361        3333

              total        used        free      shared  buff/cache   available
Mem:          33447        3925        1615         163       27905       28861
Swap:          2147         438        1708
Total:        35595        4364        3324

              total        used        free      shared  buff/cache   available
Mem:          33447        4002        1538         163       27906       28784
Swap:          2147         438        1708
Total:        35595        4441        3247

              total        used        free      shared  buff/cache   available
Mem:          33447        4030        1504         169       27912       28750
Swap:          2147         438        1708
Total:        35595        4469        3213

              total        used        free      shared  buff/cache   available
Mem:          33447        4035        1499         169       27912       28745
Swap:          2147         438        1708
Total:        35595        4474        3208

              total        used        free      shared  buff/cache   available
Mem:          33447        3957        1577         169       27912       28823
Swap:          2147         438        1708
Total:        35595        4395        3286

              total        used        free      shared  buff/cache   available
Mem:          33447        3948        1589         166       27909       28835
Swap:          2147         438        1708
Total:        35595        4387        3298

              total        used        free      shared  buff/cache   available
Mem:          33447        3921        1619         166       27907       28863
Swap:          2147         438        1708
Total:        35595        4359        3328

              total        used        free      shared  buff/cache   available
Mem:          33447        4022        1515         166       27909       28761
Swap:          2147         438        1708
Total:        35595        4461        3224

              total        used        free      shared  buff/cache   available
Mem:          33447        4025        1513         166       27909       28759
Swap:          2147         438        1708
Total:        35595        4463        3221

              total        used        free      shared  buff/cache   available
Mem:          33447        4026        1511         166       27909       28757
Swap:          2147         438        1708
Total:        35595        4464        3220

              total        used        free      shared  buff/cache   available
Mem:          33447        3947        1590         166       27909       28836
Swap:          2147         438        1708
Total:        35595        4386        3299

              total        used        free      shared  buff/cache   available
Mem:          33447        3945        1592         166       27909       28838
Swap:          2147         438        1708
Total:        35595        4384        3301

              total        used        free      shared  buff/cache   available
Mem:          33447        4015        1522         166       27909       28768
Swap:          2147         438        1708
Total:        35595        4453        3231

              total        used        free      shared  buff/cache   available
Mem:          33447        4018        1519         166       27909       28765
Swap:          2147         438        1708
Total:        35595        4457        3227

              total        used        free      shared  buff/cache   available
Mem:          33447        4022        1516         166       27909       28762
Swap:          2147         438        1708
Total:        35595        4460        3224

              total        used        free      shared  buff/cache   available
Mem:          33447        3945        1592         166       27909       28838
Swap:          2147         438        1708
Total:        35595        4384        3301

              total        used        free      shared  buff/cache   available
Mem:          33447        3941        1596         166       27909       28843
Swap:          2147         438        1708
Total:        35595        4379        3305

              total        used        free      shared  buff/cache   available
Mem:          33447        3900        1637         166       27909       28883
Swap:          2147         438        1708
Total:        35595        4339        3346

              total        used        free      shared  buff/cache   available
Mem:          33447        4006        1531         166       27909       28777
Swap:          2147         438        1708
Total:        35595        4445        3240

              total        used        free      shared  buff/cache   available
Mem:          33447        4009        1528         166       27909       28774
Swap:          2147         438        1708
Total:        35595        4448        3237

              total        used        free      shared  buff/cache   available
Mem:          33447        4011        1526         166       27909       28772
Swap:          2147         438        1708
Total:        35595        4450        3235

              total        used        free      shared  buff/cache   available
Mem:          33447        3937        1600         166       27909       28847
Swap:          2147         438        1708
Total:        35595        4375        3309

              total        used        free      shared  buff/cache   available
Mem:          33447        3935        1602         166       27909       28848
Swap:          2147         438        1708
Total:        35595        4373        3311

              total        used        free      shared  buff/cache   available
Mem:          33447        3984        1555         166       27907       28800
Swap:          2147         438        1708
Total:        35595        4422        3264

              total        used        free      shared  buff/cache   available
Mem:          33447        4008        1529         166       27909       28775
Swap:          2147         438        1708
Total:        35595        4446        3238

              total        used        free      shared  buff/cache   available
Mem:          33447        4011        1526         166       27910       28772
Swap:          2147         438        1708
Total:        35595        4449        3235

              total        used        free      shared  buff/cache   available
Mem:          33447        4013        1523         166       27910       28770
Swap:          2147         438        1708
Total:        35595        4452        3232

              total        used        free      shared  buff/cache   available
Mem:          33447        3933        1603         166       27910       28850
Swap:          2147         438        1708
Total:        35595        4372        3312

              total        used        free      shared  buff/cache   available
Mem:          33447        3934        1603         166       27910       28849
Swap:          2147         438        1708
Total:        35595        4372        3312

              total        used        free      shared  buff/cache   available
Mem:          33447        4009        1527         166       27910       28774
Swap:          2147         438        1708
Total:        35595        4448        3236

              total        used        free      shared  buff/cache   available
Mem:          33447        4015        1521         166       27910       28768
Swap:          2147         438        1708
Total:        35595        4454        3230

              total        used        free      shared  buff/cache   available
Mem:          33447        4015        1518         169       27913       28765
Swap:          2147         438        1708
Total:        35595        4453        3227

              total        used        free      shared  buff/cache   available
Mem:          33447        3933        1600         169       27913       28847
Swap:          2147         438        1708
Total:        35595        4371        3309

              total        used        free      shared  buff/cache   available
Mem:          33447        3930        1603         169       27913       28850
Swap:          2147         438        1708
Total:        35595        4369        3312

              total        used        free      shared  buff/cache   available
Mem:          33447        3890        1644         169       27912       28890
Swap:          2147         438        1708
Total:        35595        4329        3353

              total        used        free      shared  buff/cache   available
Mem:          33447        4006        1530         166       27910       28777
Swap:          2147         438        1708
Total:        35595        4444        3239

              total        used        free      shared  buff/cache   available
Mem:          33447        4011        1525         166       27910       28772
Swap:          2147         438        1708
Total:        35595        4449        3234

              total        used        free      shared  buff/cache   available
Mem:          33447        4020        1516         166       27910       28763
Swap:          2147         438        1708
Total:        35595        4459        3224

              total        used        free      shared  buff/cache   available
Mem:          33447        3948        1588         166       27910       28835
Swap:          2147         438        1708
Total:        35595        4386        3297

              total        used        free      shared  buff/cache   available
Mem:          33447        3947        1588         166       27910       28836
Swap:          2147         438        1708
Total:        35595        4386        3297

              total        used        free      shared  buff/cache   available
Mem:          33447        4005        1530         166       27910       28777
Swap:          2147         438        1708
Total:        35595        4444        3239

              total        used        free      shared  buff/cache   available
Mem:          33447        4013        1522         166       27911       28770
Swap:          2147         438        1708
Total:        35595        4451        3231

              total        used        free      shared  buff/cache   available
Mem:          33447        4014        1522         166       27911       28769
Swap:          2147         438        1708
Total:        35595        4452        3231

              total        used        free      shared  buff/cache   available
Mem:          33447        3943        1593         166       27911       28840
Swap:          2147         438        1708
Total:        35595        4381        3301

              total        used        free      shared  buff/cache   available
Mem:          33447        3942        1593         166       27911       28841
Swap:          2147         438        1708
Total:        35595        4380        3302

              total        used        free      shared  buff/cache   available
Mem:          33447        3904        1631         166       27911       28878
Swap:          2147         438        1708
Total:        35595        4343        3340

              total        used        free      shared  buff/cache   available
Mem:          33447        4014        1521         166       27911       28769
Swap:          2147         438        1708
Total:        35595        4453        3230

              total        used        free      shared  buff/cache   available
Mem:          33447        4019        1516         166       27911       28764
Swap:          2147         438        1708
Total:        35595        4457        3225

              total        used        free      shared  buff/cache   available
Mem:          33447        4022        1513         166       27911       28761
Swap:          2147         438        1708
Total:        35595        4460        3222

              total        used        free      shared  buff/cache   available
Mem:          33447        3937        1598         166       27911       28846
Swap:          2147         438        1708
Total:        35595        4375        3307

              total        used        free      shared  buff/cache   available
Mem:          33447        3937        1598         166       27911       28846
Swap:          2147         438        1708
Total:        35595        4376        3307

              total        used        free      shared  buff/cache   available
Mem:          33447        3998        1539         166       27909       28784
Swap:          2147         438        1708
Total:        35595        4437        3248

              total        used        free      shared  buff/cache   available
Mem:          33447        4020        1515         166       27911       28763
Swap:          2147         438        1708
Total:        35595        4458        3224

              total        used        free      shared  buff/cache   available
Mem:          33447        4022        1513         166       27911       28761
Swap:          2147         438        1708
Total:        35595        4461        3222

              total        used        free      shared  buff/cache   available
Mem:          33447        4021        1514         166       27911       28762
Swap:          2147         438        1708
Total:        35595        4460        3223

              total        used        free      shared  buff/cache   available
Mem:          33447        3950        1584         166       27911       28832
Swap:          2147         438        1708
Total:        35595        4389        3293

              total        used        free      shared  buff/cache   available
Mem:          33447        3949        1586         166       27911       28833
Swap:          2147         438        1708
Total:        35595        4388        3295

              total        used        free      shared  buff/cache   available
Mem:          33447        4007        1528         166       27912       28776
Swap:          2147         438        1708
Total:        35595        4446        3236

              total        used        free      shared  buff/cache   available
Mem:          33447        4012        1522         166       27912       28771
Swap:          2147         438        1708
Total:        35595        4451        3231

              total        used        free      shared  buff/cache   available
Mem:          33447        4013        1522         166       27912       28770
Swap:          2147         438        1708
Total:        35595        4452        3230

              total        used        free      shared  buff/cache   available
Mem:          33447        3936        1595         170       27915       28844
Swap:          2147         438        1708
Total:        35595        4374        3304

              total        used        free      shared  buff/cache   available
Mem:          33447        3930        1602         170       27915       28850
Swap:          2147         438        1708
Total:        35595        4368        3310

              total        used        free      shared  buff/cache   available
Mem:          33447        3967        1568         167       27911       28815
Swap:          2147         438        1708
Total:        35595        4406        3277

              total        used        free      shared  buff/cache   available
Mem:          33447        3979        1555         167       27912       28803
Swap:          2147         438        1708
Total:        35595        4417        3264

              total        used        free      shared  buff/cache   available
Mem:          33447        3982        1552         167       27912       28801
Swap:          2147         438        1708
Total:        35595        4420        3261

              total        used        free      shared  buff/cache   available
Mem:          33447        3986        1551         164       27909       28799
Swap:          2147         438        1708
Total:        35595        4424        3260

              total        used        free      shared  buff/cache   available
Mem:          33447        3920        1617         164       27909       28866
Swap:          2147         438        1708
Total:        35595        4358        3326

              total        used        free      shared  buff/cache   available
Mem:          33447        3897        1645         158       27903       28894
Swap:          2147         438        1708
Total:        35595        4336        3354

              total        used        free      shared  buff/cache   available
Mem:          33447        3968        1575         158       27903       28823
Swap:          2147         438        1708
Total:        35595        4407        3284

              total        used        free      shared  buff/cache   available
Mem:          33447        3972        1571         158       27904       28819
Swap:          2147         438        1708
Total:        35595        4411        3279

              total        used        free      shared  buff/cache   available
Mem:          33447        3969        1573         158       27904       28822
Swap:          2147         438        1708
Total:        35595        4408        3282

              total        used        free      shared  buff/cache   available
Mem:          33447        3899        1644         158       27904       28893
Swap:          2147         438        1708
Total:        35595        4337        3353

              total        used        free      shared  buff/cache   available
Mem:          33447        3898        1645         158       27904       28894
Swap:          2147         438        1708
Total:        35595        4336        3354

              total        used        free      shared  buff/cache   available
Mem:          33447        3859        1683         158       27903       28932
Swap:          2147         438        1708
Total:        35595        4298        3392

              total        used        free      shared  buff/cache   available
Mem:          33447        3977        1565         158       27904       28814
Swap:          2147         438        1708
Total:        35595        4416        3274

              total        used        free      shared  buff/cache   available
Mem:          33447        3978        1565         158       27904       28814
Swap:          2147         438        1708
Total:        35595        4416        3273

              total        used        free      shared  buff/cache   available
Mem:          33447        3981        1561         158       27904       28811
Swap:          2147         438        1708
Total:        35595        4419        3270

              total        used        free      shared  buff/cache   available
Mem:          33447        3886        1656         158       27904       28905
Swap:          2147         438        1708
Total:        35595        4325        3365

              total        used        free      shared  buff/cache   available
Mem:          33447        3883        1659         158       27904       28908
Swap:          2147         438        1708
Total:        35595        4322        3368

              total        used        free      shared  buff/cache   available
Mem:          33447        3962        1581         158       27904       28829
Swap:          2147         438        1708
Total:        35595        4400        3290

              total        used        free      shared  buff/cache   available
Mem:          33447        3966        1576         158       27904       28825
Swap:          2147         438        1708
Total:        35595        4405        3284

              total        used        free      shared  buff/cache   available
Mem:          33447        3969        1573         158       27904       28822
Swap:          2147         438        1708
Total:        35595        4408        3282

              total        used        free      shared  buff/cache   available
Mem:          33447        3902        1640         158       27904       28890
Swap:          2147         438        1708
Total:        35595        4340        3349

              total        used        free      shared  buff/cache   available
Mem:          33447        3900        1642         158       27904       28891
Swap:          2147         438        1708
Total:        35595        4339        3350

              total        used        free      shared  buff/cache   available
Mem:          33447        3896        1645         158       27904       28895
Swap:          2147         438        1708
Total:        35595        4335        3354

              total        used        free      shared  buff/cache   available
Mem:          33447        3978        1564         158       27904       28813
Swap:          2147         438        1708
Total:        35595        4417        3273

              total        used        free      shared  buff/cache   available
Mem:          33447        3980        1562         158       27904       28811
Swap:          2147         438        1708
Total:        35595        4419        3271

              total        used        free      shared  buff/cache   available
Mem:          33447        3879        1665         156       27902       28914
Swap:          2147         438        1708
Total:        35595        4318        3374

              total        used        free      shared  buff/cache   available
Mem:          33447        3785        1763         152       27898       29012
Swap:          2147         438        1708
Total:        35595        4224        3472

              total        used        free      shared  buff/cache   available
Mem:          33447        3785        1763         152       27898       29012
Swap:          2147         438        1708
Total:        35595        4223        3472

              total        used        free      shared  buff/cache   available
Mem:          33447        3849        1701         152       27896       28948
Swap:          2147         438        1708
Total:        35595        4288        3410

              total        used        free      shared  buff/cache   available
Mem:          33447        3867        1677         156       27902       28926
Swap:          2147         438        1708
Total:        35595        4306        3386

              total        used        free      shared  buff/cache   available
Mem:          33447        3869        1676         156       27902       28925
Swap:          2147         438        1708
Total:        35595        4307        3385

              total        used        free      shared  buff/cache   available
Mem:          33447        3868        1676         155       27901       28926
Swap:          2147         438        1708
Total:        35595        4307        3385

              total        used        free      shared  buff/cache   available
Mem:          33447        3793        1755         152       27898       29004
Swap:          2147         438        1708
Total:        35595        4231        3464

              total        used        free      shared  buff/cache   available
Mem:          33447        3791        1757         152       27898       29006
Swap:          2147         438        1708
Total:        35595        4229        3466

              total        used        free      shared  buff/cache   available
Mem:          33447        3857        1690         152       27899       28939
Swap:          2147         438        1708
Total:        35595        4296        3399

              total        used        free      shared  buff/cache   available
Mem:          33447        3873        1674         152       27899       28923
Swap:          2147         438        1708
Total:        35595        4312        3383

              total        used        free      shared  buff/cache   available
Mem:          33447        3875        1673         152       27899       28922
Swap:          2147         438        1708
Total:        35595        4313        3382

              total        used        free      shared  buff/cache   available
Mem:          33447        3799        1748         152       27899       28998
Swap:          2147         438        1708
Total:        35595        4237        3457

              total        used        free      shared  buff/cache   available
Mem:          33447        3800        1748         152       27899       28997
Swap:          2147         438        1708
Total:        35595        4238        3457

              total        used        free      shared  buff/cache   available
Mem:          33447        3768        1781         152       27897       29028
Swap:          2147         438        1708
Total:        35595        4207        3490

              total        used        free      shared  buff/cache   available
Mem:          33447        3880        1667         152       27899       28916
Swap:          2147         438        1708
Total:        35595        4319        3376

              total        used        free      shared  buff/cache   available
Mem:          33447        3886        1661         153       27899       28911
Swap:          2147         438        1708
Total:        35595        4325        3370

              total        used        free      shared  buff/cache   available
Mem:          33447        3887        1660         152       27899       28910
Swap:          2147         438        1708
Total:        35595        4326        3369

              total        used        free      shared  buff/cache   available
Mem:          33447        3804        1743         152       27899       28993
Swap:          2147         438        1708
Total:        35595        4243        3452

              total        used        free      shared  buff/cache   available
Mem:          33447        3803        1744         152       27899       28994
Swap:          2147         438        1708
Total:        35595        4241        3453

              total        used        free      shared  buff/cache   available
Mem:          33447        3876        1672         152       27899       28921
Swap:          2147         438        1708
Total:        35595        4314        3381

              total        used        free      shared  buff/cache   available
Mem:          33447        3880        1667         152       27899       28916
Swap:          2147         438        1708
Total:        35595        4319        3376

              total        used        free      shared  buff/cache   available
Mem:          33447        3881        1667         152       27899       28916
Swap:          2147         438        1708
Total:        35595        4319        3376

              total        used        free      shared  buff/cache   available
Mem:          33447        3798        1749         152       27899       28999
Swap:          2147         438        1708
Total:        35595        4237        3458

              total        used        free      shared  buff/cache   available
Mem:          33447        3798        1749         152       27899       28998
Swap:          2147         438        1708
Total:        35595        4237        3458

              total        used        free      shared  buff/cache   available
Mem:          33447        3767        1780         152       27899       29029
Swap:          2147         438        1708
Total:        35595        4206        3489

              total        used        free      shared  buff/cache   available
Mem:          33447        3885        1662         152       27899       28912
Swap:          2147         438        1708
Total:        35595        4323        3371

              total        used        free      shared  buff/cache   available
Mem:          33447        3886        1661         152       27899       28910
Swap:          2147         438        1708
Total:        35595        4325        3369

              total        used        free      shared  buff/cache   available
Mem:          33447        3886        1661         152       27899       28911
Swap:          2147         438        1708
Total:        35595        4325        3370

              total        used        free      shared  buff/cache   available
Mem:          33447        3811        1736         152       27899       28986
Swap:          2147         438        1708
Total:        35595        4250        3445

              total        used        free      shared  buff/cache   available
Mem:          33447        3800        1747         152       27899       28997
Swap:          2147         438        1708
Total:        35595        4238        3456

              total        used        free      shared  buff/cache   available
Mem:          33447        3851        1697         152       27898       28946
Swap:          2147         438        1708
Total:        35595        4290        3406

              total        used        free      shared  buff/cache   available
Mem:          33447        3870        1677         153       27900       28927
Swap:          2147         438        1708
Total:        35595        4308        3386

              total        used        free      shared  buff/cache   available
Mem:          33447        3874        1669         156       27903       28919
Swap:          2147         438        1708
Total:        35595        4313        3378

              total        used        free      shared  buff/cache   available
Mem:          33447        3875        1669         156       27903       28919
Swap:          2147         438        1708
Total:        35595        4313        3377

              total        used        free      shared  buff/cache   available
Mem:          33447        3793        1750         156       27903       29001
Swap:          2147         438        1708
Total:        35595        4231        3459

              total        used        free      shared  buff/cache   available
Mem:          33447        3792        1751         156       27903       29001
Swap:          2147         438        1708
Total:        35595        4231        3460

              total        used        free      shared  buff/cache   available
Mem:          33447        3877        1666         156       27903       28917
Swap:          2147         438        1708
Total:        35595        4315        3375

              total        used        free      shared  buff/cache   available
Mem:          33447        3879        1667         153       27900       28917
Swap:          2147         438        1708
Total:        35595        4318        3376

              total        used        free      shared  buff/cache   available
Mem:          33447        3880        1665         153       27900       28916
Swap:          2147         438        1708
Total:        35595        4319        3374

              total        used        free      shared  buff/cache   available
Mem:          33447        3790        1756         153       27900       29007
Swap:          2147         438        1708
Total:        35595        4228        3465

              total        used        free      shared  buff/cache   available
Mem:          33447        3786        1760         153       27900       29010
Swap:          2147         438        1708
Total:        35595        4225        3469

              total        used        free      shared  buff/cache   available
Mem:          33447        3748        1799         153       27899       29048
Swap:          2147         438        1708
Total:        35595        4187        3508

              total        used        free      shared  buff/cache   available
Mem:          33447        3857        1688         153       27901       28939
Swap:          2147         438        1708
Total:        35595        4296        3397

              total        used        free      shared  buff/cache   available
Mem:          33447        3862        1684         153       27901       28935
Swap:          2147         438        1708
Total:        35595        4300        3393

              total        used        free      shared  buff/cache   available
Mem:          33447        3862        1684         153       27901       28935
Swap:          2147         438        1708
Total:        35595        4300        3393

              total        used        free      shared  buff/cache   available
Mem:          33447        3779        1766         152       27900       29017
Swap:          2147         438        1708
Total:        35595        4218        3475

              total        used        free      shared  buff/cache   available
Mem:          33447        3780        1765         153       27901       29016
Swap:          2147         438        1708
Total:        35595        4219        3474

              total        used        free      shared  buff/cache   available
Mem:          33447        3867        1679         153       27900       28929
Swap:          2147         438        1708
Total:        35595        4306        3388

              total        used        free      shared  buff/cache   available
Mem:          33447        3869        1677         153       27901       28928
Swap:          2147         438        1708
Total:        35595        4307        3385

              total        used        free      shared  buff/cache   available
Mem:          33447        3868        1678         153       27901       28929
Swap:          2147         438        1708
Total:        35595        4306        3387

              total        used        free      shared  buff/cache   available
Mem:          33447        3784        1761         153       27901       29013
Swap:          2147         438        1708
Total:        35595        4222        3470

              total        used        free      shared  buff/cache   available
Mem:          33447        3785        1760         153       27901       29011
Swap:          2147         438        1708
Total:        35595        4224        3469

              total        used        free      shared  buff/cache   available
Mem:          33447        3752        1793         153       27901       29044
Swap:          2147         438        1708
Total:        35595        4191        3502

              total        used        free      shared  buff/cache   available
Mem:          33447        3867        1678         153       27901       28930
Swap:          2147         438        1708
Total:        35595        4306        3387

              total        used        free      shared  buff/cache   available
Mem:          33447        3871        1674         153       27901       28926
Swap:          2147         438        1708
Total:        35595        4309        3383

              total        used        free      shared  buff/cache   available
Mem:          33447        3871        1674         153       27901       28926
Swap:          2147         438        1708
Total:        35595        4309        3383

              total        used        free      shared  buff/cache   available
Mem:          33447        3794        1751         153       27901       29003
Swap:          2147         438        1708
Total:        35595        4233        3460

              total        used        free      shared  buff/cache   available
Mem:          33447        3817        1725         155       27904       28977
Swap:          2147         438        1708
Total:        35595        4256        3434

              total        used        free      shared  buff/cache   available
Mem:          33447        3905        1639         155       27902       28889
Swap:          2147         438        1708
Total:        35595        4344        3348

              total        used        free      shared  buff/cache   available
Mem:          33447        3920        1619         158       27907       28871
Swap:          2147         438        1708
Total:        35595        4359        3328

              total        used        free      shared  buff/cache   available
Mem:          33447        3915        1622         160       27909       28874
Swap:          2147         438        1708
Total:        35595        4353        3331

              total        used        free      shared  buff/cache   available
Mem:          33447        4021        1519         158       27907       28770
Swap:          2147         438        1708
Total:        35595        4459        3227

              total        used        free      shared  buff/cache   available
Mem:          33447        3956        1583         158       27907       28835
Swap:          2147         438        1708
Total:        35595        4395        3292

              total        used        free      shared  buff/cache   available
Mem:          33447        3947        1589         162       27910       28841
Swap:          2147         438        1708
Total:        35595        4385        3298

              total        used        free      shared  buff/cache   available
Mem:          33447        3995        1540         161       27911       28793
Swap:          2147         438        1708
Total:        35595        4434        3249

              total        used        free      shared  buff/cache   available
Mem:          33447        3998        1537         162       27911       28789
Swap:          2147         438        1708
Total:        35595        4437        3246

              total        used        free      shared  buff/cache   available
Mem:          33447        4001        1535         162       27911       28787
Swap:          2147         438        1708
Total:        35595        4439        3244

              total        used        free      shared  buff/cache   available
Mem:          33447        3921        1615         162       27911       28867
Swap:          2147         438        1708
Total:        35595        4359        3323

              total        used        free      shared  buff/cache   available
Mem:          33447        3919        1619         158       27908       28872
Swap:          2147         438        1708
Total:        35595        4358        3328

              total        used        free      shared  buff/cache   available
Mem:          33447        3991        1549         158       27906       28800
Swap:          2147         438        1708
Total:        35595        4429        3258

              total        used        free      shared  buff/cache   available
Mem:          33447        4006        1532         158       27908       28785
Swap:          2147         438        1708
Total:        35595        4445        3241

              total        used        free      shared  buff/cache   available
Mem:          33447        4008        1530         158       27908       28782
Swap:          2147         438        1708
Total:        35595        4447        3239

              total        used        free      shared  buff/cache   available
Mem:          33447        4010        1528         158       27908       28781
Swap:          2147         438        1708
Total:        35595        4448        3237

              total        used        free      shared  buff/cache   available
Mem:          33447        3909        1629         158       27908       28882
Swap:          2147         438        1708
Total:        35595        4347        3338

              total        used        free      shared  buff/cache   available
Mem:          33447        3908        1630         158       27908       28883
Swap:          2147         438        1708
Total:        35595        4347        3339

              total        used        free      shared  buff/cache   available
Mem:          33447        3987        1551         158       27908       28803
Swap:          2147         438        1708
Total:        35595        4426        3260

              total        used        free      shared  buff/cache   available
Mem:          33447        3991        1546         158       27908       28799
Swap:          2147         438        1708
Total:        35595        4430        3255

              total        used        free      shared  buff/cache   available
Mem:          33447        3994        1543         158       27908       28796
Swap:          2147         438        1708
Total:        35595        4433        3252

              total        used        free      shared  buff/cache   available
Mem:          33447        3928        1610         158       27908       28863
Swap:          2147         438        1708
Total:        35595        4366        3319

              total        used        free      shared  buff/cache   available
Mem:          33447        3927        1610         158       27908       28863
Swap:          2147         438        1708
Total:        35595        4366        3319

              total        used        free      shared  buff/cache   available
Mem:          33447        3884        1655         158       27907       28907
Swap:          2147         438        1708
Total:        35595        4323        3364

              total        used        free      shared  buff/cache   available
Mem:          33447        4002        1535         158       27909       28788
Swap:          2147         438        1708
Total:        35595        4441        3244

              total        used        free      shared  buff/cache   available
Mem:          33447        3996        1541         158       27909       28795
Swap:          2147         438        1708
Total:        35595        4435        3250

              total        used        free      shared  buff/cache   available
Mem:          33447        3999        1538         158       27909       28791
Swap:          2147         438        1708
Total:        35595        4438        3247

              total        used        free      shared  buff/cache   available
Mem:          33447        3911        1626         158       27909       28879
Swap:          2147         438        1708
Total:        35595        4350        3335

              total        used        free      shared  buff/cache   available
Mem:          33447        3911        1627         158       27909       28880
Swap:          2147         438        1708
Total:        35595        4349        3336

              total        used        free      shared  buff/cache   available
Mem:          33447        3993        1544         158       27908       28797
Swap:          2147         438        1708
Total:        35595        4432        3253

              total        used        free      shared  buff/cache   available
Mem:          33447        3975        1562         159       27909       28816
Swap:          2147         438        1708
Total:        35595        4414        3271

              total        used        free      shared  buff/cache   available
Mem:          33447        3973        1564         159       27909       28818
Swap:          2147         438        1708
Total:        35595        4411        3273

              total        used        free      shared  buff/cache   available
Mem:          33447        3888        1649         159       27909       28903
Swap:          2147         438        1708
Total:        35595        4326        3358

              total        used        free      shared  buff/cache   available
Mem:          33447        3888        1649         159       27909       28902
Swap:          2147         438        1708
Total:        35595        4327        3358

              total        used        free      shared  buff/cache   available
Mem:          33447        3850        1687         159       27909       28940
Swap:          2147         438        1708
Total:        35595        4289        3396

              total        used        free      shared  buff/cache   available
Mem:          33447        3965        1569         162       27912       28823
Swap:          2147         438        1708
Total:        35595        4403        3278

              total        used        free      shared  buff/cache   available
Mem:          33447        3970        1563         162       27912       28817
Swap:          2147         438        1708
Total:        35595        4409        3272

              total        used        free      shared  buff/cache   available
Mem:          33447        3971        1562         162       27912       28816
Swap:          2147         438        1708
Total:        35595        4410        3271

              total        used        free      shared  buff/cache   available
Mem:          33447        3890        1644         162       27912       28897
Swap:          2147         438        1708
Total:        35595        4328        3353

              total        used        free      shared  buff/cache   available
Mem:          33447        3887        1650         159       27909       28903
Swap:          2147         438        1708
Total:        35595        4326        3359

              total        used        free      shared  buff/cache   available
Mem:          33447        3938        1601         159       27907       28853
Swap:          2147         438        1708
Total:        35595        4376        3310

              total        used        free      shared  buff/cache   available
Mem:          33447        3968        1568         159       27909       28822
Swap:          2147         438        1708
Total:        35595        4407        3277

              total        used        free      shared  buff/cache   available
Mem:          33447        3873        1666         157       27907       28919
Swap:          2147         438        1708
Total:        35595        4312        3375

              total        used        free      shared  buff/cache   available
Mem:          33447        3877        1665         153       27904       28919
Swap:          2147         438        1708
Total:        35595        4316        3374

              total        used        free      shared  buff/cache   available
Mem:          33447        3799        1743         153       27904       28997
Swap:          2147         438        1708
Total:        35595        4238        3452

              total        used        free      shared  buff/cache   available
Mem:          33447        3799        1743         153       27904       28997
Swap:          2147         438        1708
Total:        35595        4238        3452

              total        used        free      shared  buff/cache   available
Mem:          33447        3866        1677         153       27904       28930
Swap:          2147         438        1708
Total:        35595        4304        3385

              total        used        free      shared  buff/cache   available
Mem:          33447        3870        1672         153       27904       28926
Swap:          2147         438        1708
Total:        35595        4309        3381

              total        used        free      shared  buff/cache   available
Mem:          33447        3872        1671         153       27904       28924
Swap:          2147         438        1708
Total:        35595        4310        3380

              total        used        free      shared  buff/cache   available
Mem:          33447        3783        1759         153       27904       29013
Swap:          2147         438        1708
Total:        35595        4222        3468

              total        used        free      shared  buff/cache   available
Mem:          33447        3785        1758         153       27904       29011
Swap:          2147         438        1708
Total:        35595        4223        3467

              total        used        free      shared  buff/cache   available
Mem:          33447        3845        1698         153       27903       28951
Swap:          2147         438        1708
Total:        35595        4284        3407

              total        used        free      shared  buff/cache   available
Mem:          33447        3861        1680         153       27904       28935
Swap:          2147         438        1708
Total:        35595        4300        3389

              total        used        free      shared  buff/cache   available
Mem:          33447        3864        1678         153       27904       28932
Swap:          2147         438        1708
Total:        35595        4302        3387

              total        used        free      shared  buff/cache   available
Mem:          33447        3866        1676         153       27904       28930
Swap:          2147         438        1708
Total:        35595        4305        3385

              total        used        free      shared  buff/cache   available
Mem:          33447        3785        1757         153       27904       29011
Swap:          2147         438        1708
Total:        35595        4223        3466

              total        used        free      shared  buff/cache   available
Mem:          33447        3785        1757         153       27904       29011
Swap:          2147         438        1708
Total:        35595        4223        3466

              total        used        free      shared  buff/cache   available
Mem:          33447        3863        1679         153       27905       28933
Swap:          2147         438        1708
Total:        35595        4301        3387

              total        used        free      shared  buff/cache   available
Mem:          33447        3870        1672         153       27905       28926
Swap:          2147         438        1708
Total:        35595        4308        3380

              total        used        free      shared  buff/cache   available
Mem:          33447        3872        1669         153       27905       28924
Swap:          2147         438        1708
Total:        35595        4311        3378

              total        used        free      shared  buff/cache   available
Mem:          33447        3785        1756         153       27905       29011
Swap:          2147         438        1708
Total:        35595        4223        3465

              total        used        free      shared  buff/cache   available
Mem:          33447        3784        1758         153       27905       29012
Swap:          2147         438        1708
Total:        35595        4222        3466

              total        used        free      shared  buff/cache   available
Mem:          33447        3746        1796         153       27905       29050
Swap:          2147         438        1708
Total:        35595        4184        3504

              total        used        free      shared  buff/cache   available
Mem:          33447        3866        1675         153       27905       28930
Swap:          2147         438        1708
Total:        35595        4304        3384

              total        used        free      shared  buff/cache   available
Mem:          33447        3868        1673         153       27905       28928
Swap:          2147         438        1708
Total:        35595        4306        3382

              total        used        free      shared  buff/cache   available
Mem:          33447        3869        1671         153       27905       28927
Swap:          2147         438        1708
Total:        35595        4308        3380

              total        used        free      shared  buff/cache   available
Mem:          33447        3798        1740         156       27909       28995
Swap:          2147         438        1708
Total:        35595        4236        3449

              total        used        free      shared  buff/cache   available
Mem:          33447        3797        1740         156       27909       28996
Swap:          2147         438        1708
Total:        35595        4236        3449

              total        used        free      shared  buff/cache   available
Mem:          33447        3861        1677         156       27908       28931
Swap:          2147         438        1708
Total:        35595        4300        3385

              total        used        free      shared  buff/cache   available
Mem:          33447        3868        1672         153       27906       28928
Swap:          2147         438        1708
Total:        35595        4307        3381

              total        used        free      shared  buff/cache   available
Mem:          33447        3870        1670         153       27906       28925
Swap:          2147         438        1708
Total:        35595        4309        3379

              total        used        free      shared  buff/cache   available
Mem:          33447        3797        1744         153       27906       28999
Swap:          2147         438        1708
Total:        35595        4235        3453

              total        used        free      shared  buff/cache   available
Mem:          33447        3796        1745         153       27905       29000
Swap:          2147         438        1708
Total:        35595        4234        3454

              total        used        free      shared  buff/cache   available
Mem:          33447        3795        1745         153       27906       29001
Swap:          2147         438        1708
Total:        35595        4234        3454

              total        used        free      shared  buff/cache   available
Mem:          33447        3870        1671         153       27906       28926
Swap:          2147         438        1708
Total:        35595        4308        3379

              total        used        free      shared  buff/cache   available
Mem:          33447        3870        1670         153       27906       28926
Swap:          2147         438        1708
Total:        35595        4308        3379

              total        used        free      shared  buff/cache   available
Mem:          33447        3872        1668         153       27906       28924
Swap:          2147         438        1708
Total:        35595        4311        3377

              total        used        free      shared  buff/cache   available
Mem:          33447        3803        1737         153       27906       28992
Swap:          2147         438        1708
Total:        35595        4242        3446

              total        used        free      shared  buff/cache   available
Mem:          33447        3801        1739         153       27906       28995
Swap:          2147         438        1708
Total:        35595        4240        3448

              total        used        free      shared  buff/cache   available
Mem:          33447        3842        1700         153       27904       28954
Swap:          2147         438        1708
Total:        35595        4281        3409

              total        used        free      shared  buff/cache   available
Mem:          33447        3869        1671         153       27906       28926
Swap:          2147         438        1708
Total:        35595        4308        3380

              total        used        free      shared  buff/cache   available
Mem:          33447        3874        1666         153       27906       28922
Swap:          2147         438        1708
Total:        35595        4312        3375

              total        used        free      shared  buff/cache   available
Mem:          33447        3875        1665         153       27906       28921
Swap:          2147         438        1708
Total:        35595        4314        3374

              total        used        free      shared  buff/cache   available
Mem:          33447        3806        1734         153       27906       28990
Swap:          2147         438        1708
Total:        35595        4244        3443

              total        used        free      shared  buff/cache   available
Mem:          33447        3803        1737         153       27906       28993
Swap:          2147         438        1708
Total:        35595        4241        3446

              total        used        free      shared  buff/cache   available
Mem:          33447        3864        1677         153       27906       28932
Swap:          2147         438        1708
Total:        35595        4302        3386

              total        used        free      shared  buff/cache   available
Mem:          33447        3875        1665         153       27906       28921
Swap:          2147         438        1708
Total:        35595        4313        3374

              total        used        free      shared  buff/cache   available
Mem:          33447        3872        1668         153       27906       28924
Swap:          2147         438        1708
Total:        35595        4310        3377

              total        used        free      shared  buff/cache   available
Mem:          33447        3791        1748         153       27906       29004
Swap:          2147         438        1708
Total:        35595        4230        3457

              total        used        free      shared  buff/cache   available
Mem:          33447        3790        1749         153       27906       29005
Swap:          2147         438        1708
Total:        35595        4229        3458

              total        used        free      shared  buff/cache   available
Mem:          33447        3755        1784         153       27906       29040
Swap:          2147         438        1708
Total:        35595        4194        3493

              total        used        free      shared  buff/cache   available
Mem:          33447        3866        1674         153       27907       28930
Swap:          2147         438        1708
Total:        35595        4304        3382

              total        used        free      shared  buff/cache   available
Mem:          33447        3869        1670         153       27907       28927
Swap:          2147         438        1708
Total:        35595        4308        3379

              total        used        free      shared  buff/cache   available
Mem:          33447        3872        1667         153       27907       28924
Swap:          2147         438        1708
Total:        35595        4311        3376

              total        used        free      shared  buff/cache   available
Mem:          33447        3788        1752         153       27907       29008
Swap:          2147         438        1708
Total:        35595        4226        3461

              total        used        free      shared  buff/cache   available
Mem:          33447        3786        1750         157       27910       29006
Swap:          2147         438        1708
Total:        35595        4225        3459

              total        used        free      shared  buff/cache   available
Mem:          33447        3880        1657         157       27908       28912
Swap:          2147         438        1708
Total:        35595        4319        3366

              total        used        free      shared  buff/cache   available
Mem:          33447        3864        1672         157       27910       28929
Swap:          2147         438        1708
Total:        35595        4302        3381

              total        used        free      shared  buff/cache   available
Mem:          33447        3866        1670         157       27910       28926
Swap:          2147         438        1708
Total:        35595        4305        3378

              total        used        free      shared  buff/cache   available
Mem:          33447        3785        1754         154       27907       29010
Swap:          2147         438        1708
Total:        35595        4224        3463

              total        used        free      shared  buff/cache   available
Mem:          33447        3785        1754         154       27907       29010
Swap:          2147         438        1708
Total:        35595        4224        3463

              total        used        free      shared  buff/cache   available
Mem:          33447        3786        1753         154       27907       29010
Swap:          2147         438        1708
Total:        35595        4225        3462

              total        used        free      shared  buff/cache   available
Mem:          33447        3859        1680         154       27907       28937
Swap:          2147         438        1708
Total:        35595        4297        3389

              total        used        free      shared  buff/cache   available
Mem:          33447        3863        1676         154       27907       28933
Swap:          2147         438        1708
Total:        35595        4301        3385

              total        used        free      shared  buff/cache   available
Mem:          33447        3863        1675         154       27907       28932
Swap:          2147         438        1708
Total:        35595        4302        3384

              total        used        free      shared  buff/cache   available
Mem:          33447        3784        1755         154       27907       29012
Swap:          2147         438        1708
Total:        35595        4222        3464

              total        used        free      shared  buff/cache   available
Mem:          33447        3784        1755         154       27907       29012
Swap:          2147         438        1708
Total:        35595        4222        3464

              total        used        free      shared  buff/cache   available
Mem:          33447        3839        1701         153       27906       28957
Swap:          2147         438        1708
Total:        35595        4277        3410

              total        used        free      shared  buff/cache   available
Mem:          33447        3870        1668         153       27908       28925
Swap:          2147         438        1708
Total:        35595        4309        3377

              total        used        free      shared  buff/cache   available
Mem:          33447        3872        1667         154       27908       28924
Swap:          2147         438        1708
Total:        35595        4310        3376

              total        used        free      shared  buff/cache   available
Mem:          33447        3873        1665         154       27908       28922
Swap:          2147         438        1708
Total:        35595        4312        3374

              total        used        free      shared  buff/cache   available
Mem:          33447        3783        1756         154       27908       29013
Swap:          2147         438        1708
Total:        35595        4221        3464

              total        used        free      shared  buff/cache   available
Mem:          33447        3783        1756         154       27908       29013
Swap:          2147         438        1708
Total:        35595        4221        3464

              total        used        free      shared  buff/cache   available
Mem:          33447        3863        1675         154       27908       28932
Swap:          2147         438        1708
Total:        35595        4301        3384

              total        used        free      shared  buff/cache   available
Mem:          33447        3862        1676         154       27908       28934
Swap:          2147         438        1708
Total:        35595        4300        3385

              total        used        free      shared  buff/cache   available
Mem:          33447        3866        1672         154       27908       28930
Swap:          2147         438        1708
Total:        35595        4305        3381

              total        used        free      shared  buff/cache   available
Mem:          33447        3798        1741         152       27907       28999
Swap:          2147         438        1708
Total:        35595        4237        3450

              total        used        free      shared  buff/cache   available
Mem:          33447        3797        1742         153       27907       29000
Swap:          2147         438        1708
Total:        35595        4236        3451

              total        used        free      shared  buff/cache   available
Mem:          33447        3793        1748         152       27905       29004
Swap:          2147         438        1708
Total:        35595        4231        3457

              total        used        free      shared  buff/cache   available
Mem:          33447        3881        1658         153       27907       28916
Swap:          2147         438        1708
Total:        35595        4320        3367

              total        used        free      shared  buff/cache   available
Mem:          33447        3880        1659         153       27907       28916
Swap:          2147         438        1708
Total:        35595        4319        3367

              total        used        free      shared  buff/cache   available
Mem:          33447        3909        1627         155       27910       28885
Swap:          2147         438        1708
Total:        35595        4348        3336

              total        used        free      shared  buff/cache   available
Mem:          33447        3815        1721         155       27910       28979
Swap:          2147         438        1708
Total:        35595        4254        3430

              total        used        free      shared  buff/cache   available
Mem:          33447        3812        1721         159       27913       28978
Swap:          2147         438        1708
Total:        35595        4251        3430

              total        used        free      shared  buff/cache   available
Mem:          33447        3905        1626         161       27916       28883
Swap:          2147         438        1708
Total:        35595        4343        3335

              total        used        free      shared  buff/cache   available
Mem:          33447        4019        1514         159       27914       28772
Swap:          2147         438        1708
Total:        35595        4457        3223

              total        used        free      shared  buff/cache   available
Mem:          33447        4042        1487         162       27917       28746
Swap:          2147         438        1708
Total:        35595        4480        3196

              total        used        free      shared  buff/cache   available
Mem:          33447        3949        1580         162       27917       28838
Swap:          2147         438        1708
Total:        35595        4387        3289

              total        used        free      shared  buff/cache   available
Mem:          33447        3910        1619         162       27917       28878
Swap:          2147         438        1708
Total:        35595        4348        3328

              total        used        free      shared  buff/cache   available
Mem:          33447        3883        1646         162       27917       28904
Swap:          2147         438        1708
Total:        35595        4321        3355

              total        used        free      shared  buff/cache   available
Mem:          33447        3996        1533         162       27917       28791
Swap:          2147         438        1708
Total:        35595        4435        3242

              total        used        free      shared  buff/cache   available
Mem:          33447        3997        1535         159       27914       28793
Swap:          2147         438        1708
Total:        35595        4436        3244

              total        used        free      shared  buff/cache   available
Mem:          33447        3999        1533         159       27914       28791
Swap:          2147         438        1708
Total:        35595        4438        3242

              total        used        free      shared  buff/cache   available
Mem:          33447        3925        1608         159       27914       28866
Swap:          2147         438        1708
Total:        35595        4363        3317

              total        used        free      shared  buff/cache   available
Mem:          33447        3923        1610         159       27914       28868
Swap:          2147         438        1708
Total:        35595        4361        3318

              total        used        free      shared  buff/cache   available
Mem:          33447        3987        1547         159       27912       28804
Swap:          2147         438        1708
Total:        35595        4425        3256

              total        used        free      shared  buff/cache   available
Mem:          33447        3995        1537         159       27914       28795
Swap:          2147         438        1708
Total:        35595        4434        3246

              total        used        free      shared  buff/cache   available
Mem:          33447        3996        1536         159       27914       28794
Swap:          2147         438        1708
Total:        35595        4435        3245

              total        used        free      shared  buff/cache   available
Mem:          33447        3999        1533         159       27914       28791
Swap:          2147         438        1708
Total:        35595        4438        3242

              total        used        free      shared  buff/cache   available
Mem:          33447        3920        1612         159       27914       28871
Swap:          2147         438        1708
Total:        35595        4358        3321

              total        used        free      shared  buff/cache   available
Mem:          33447        3919        1613         159       27914       28872
Swap:          2147         438        1708
Total:        35595        4357        3322

              total        used        free      shared  buff/cache   available
Mem:          33447        3992        1540         159       27915       28798
Swap:          2147         438        1708
Total:        35595        4430        3249

              total        used        free      shared  buff/cache   available
Mem:          33447        3996        1536         159       27915       28794
Swap:          2147         438        1708
Total:        35595        4434        3244

              total        used        free      shared  buff/cache   available
Mem:          33447        3998        1534         159       27915       28792
Swap:          2147         438        1708
Total:        35595        4436        3242

              total        used        free      shared  buff/cache   available
Mem:          33447        3919        1612         159       27915       28871
Swap:          2147         438        1708
Total:        35595        4358        3321

              total        used        free      shared  buff/cache   available
Mem:          33447        3915        1617         159       27915       28876
Swap:          2147         438        1708
Total:        35595        4353        3326

              total        used        free      shared  buff/cache   available
Mem:          33447        3973        1560         159       27913       28817
Swap:          2147         438        1708
Total:        35595        4412        3269

              total        used        free      shared  buff/cache   available
Mem:          33447        3992        1539         159       27915       28798
Swap:          2147         438        1708
Total:        35595        4431        3248

              total        used        free      shared  buff/cache   available
Mem:          33447        3997        1534         159       27915       28793
Swap:          2147         438        1708
Total:        35595        4436        3243

              total        used        free      shared  buff/cache   available
Mem:          33447        3996        1536         159       27915       28795
Swap:          2147         438        1708
Total:        35595        4434        3244

              total        used        free      shared  buff/cache   available
Mem:          33447        3919        1612         159       27915       28871
Swap:          2147         438        1708
Total:        35595        4357        3321

              total        used        free      shared  buff/cache   available
Mem:          33447        3894        1637         159       27915       28897
Swap:          2147         438        1708
Total:        35595        4332        3346

              total        used        free      shared  buff/cache   available
Mem:          33447        3970        1561         159       27915       28820
Swap:          2147         438        1708
Total:        35595        4409        3270

              total        used        free      shared  buff/cache   available
Mem:          33447        3973        1557         159       27915       28817
Swap:          2147         438        1708
Total:        35595        4412        3266

              total        used        free      shared  buff/cache   available
Mem:          33447        3974        1557         159       27915       28816
Swap:          2147         438        1708
Total:        35595        4412        3266

              total        used        free      shared  buff/cache   available
Mem:          33447        3906        1619         164       27921       28879
Swap:          2147         438        1708
Total:        35595        4345        3328

              total        used        free      shared  buff/cache   available
Mem:          33447        3901        1624         165       27921       28883
Swap:          2147         438        1708
Total:        35595        4340        3333

              total        used        free      shared  buff/cache   available
Mem:          33447        3824        1695         171       27927       28954
Swap:          2147         438        1708
Total:        35595        4263        3403

              total        used        free      shared  buff/cache   available
Mem:          33447        3948        1573         168       27925       28833
Swap:          2147         438        1708
Total:        35595        4387        3282

              total        used        free      shared  buff/cache   available
Mem:          33447        3948        1570         171       27928       28831
Swap:          2147         438        1708
Total:        35595        4386        3279

              total        used        free      shared  buff/cache   available
Mem:          33447        3946        1577         166       27923       28837
Swap:          2147         438        1708
Total:        35595        4385        3286

              total        used        free      shared  buff/cache   available
Mem:          33447        4000        1521         168       27925       28781
Swap:          2147         438        1708
Total:        35595        4439        3230

              total        used        free      shared  buff/cache   available
Mem:          33447        3988        1533         168       27925       28793
Swap:          2147         438        1708
Total:        35595        4427        3242

              total        used        free      shared  buff/cache   available
Mem:          33447        4062        1459         168       27925       28719
Swap:          2147         438        1708
Total:        35595        4501        3168

              total        used        free      shared  buff/cache   available
Mem:          33447        4033        1487         168       27925       28748
Swap:          2147         438        1708
Total:        35595        4472        3196

              total        used        free      shared  buff/cache   available
Mem:          33447        4038        1482         168       27925       28743
Swap:          2147         438        1708
Total:        35595        4477        3191

              total        used        free      shared  buff/cache   available
Mem:          33447        3964        1557         168       27925       28818
Swap:          2147         438        1708
Total:        35595        4402        3266

              total        used        free      shared  buff/cache   available
Mem:          33447        3951        1569         168       27925       28830
Swap:          2147         438        1708
Total:        35595        4390        3278

              total        used        free      shared  buff/cache   available
Mem:          33447        3920        1601         168       27925       28861
Swap:          2147         438        1708
Total:        35595        4359        3310

              total        used        free      shared  buff/cache   available
Mem:          33447        4028        1492         168       27926       28753
Swap:          2147         438        1708
Total:        35595        4467        3201

              total        used        free      shared  buff/cache   available
Mem:          33447        4031        1489         168       27926       28751
Swap:          2147         438        1708
Total:        35595        4469        3198

              total        used        free      shared  buff/cache   available
Mem:          33447        4033        1487         168       27926       28748
Swap:          2147         438        1708
Total:        35595        4472        3196

              total        used        free      shared  buff/cache   available
Mem:          33447        3963        1557         168       27926       28818
Swap:          2147         438        1708
Total:        35595        4402        3266

              total        used        free      shared  buff/cache   available
Mem:          33447        3963        1557         168       27926       28819
Swap:          2147         438        1708
Total:        35595        4401        3266

              total        used        free      shared  buff/cache   available
Mem:          33447        4007        1515         168       27924       28774
Swap:          2147         438        1708
Total:        35595        4446        3224

              total        used        free      shared  buff/cache   available
Mem:          33447        4030        1490         168       27926       28751
Swap:          2147         438        1708
Total:        35595        4469        3199

              total        used        free      shared  buff/cache   available
Mem:          33447        4033        1487         168       27926       28748
Swap:          2147         438        1708
Total:        35595        4472        3196

              total        used        free      shared  buff/cache   available
Mem:          33447        4036        1484         168       27926       28745
Swap:          2147         438        1708
Total:        35595        4475        3193

              total        used        free      shared  buff/cache   available
Mem:          33447        3949        1571         168       27926       28832
Swap:          2147         438        1708
Total:        35595        4388        3280

              total        used        free      shared  buff/cache   available
Mem:          33447        3942        1579         168       27926       28840
Swap:          2147         438        1708
Total:        35595        4380        3287

              total        used        free      shared  buff/cache   available
Mem:          33447        4023        1497         168       27926       28758
Swap:          2147         438        1708
Total:        35595        4462        3206

              total        used        free      shared  buff/cache   available
Mem:          33447        4026        1494         168       27926       28755
Swap:          2147         438        1708
Total:        35595        4465        3203

              total        used        free      shared  buff/cache   available
Mem:          33447        4030        1489         168       27926       28751
Swap:          2147         438        1708
Total:        35595        4469        3198

              total        used        free      shared  buff/cache   available
Mem:          33447        3956        1564         168       27926       28825
Swap:          2147         438        1708
Total:        35595        4395        3272

              total        used        free      shared  buff/cache   available
Mem:          33447        3957        1563         168       27926       28824
Swap:          2147         438        1708
Total:        35595        4396        3272

              total        used        free      shared  buff/cache   available
Mem:          33447        3999        1519         171       27928       28779
Swap:          2147         438        1708
Total:        35595        4437        3228

              total        used        free      shared  buff/cache   available
Mem:          33447        4037        1479         171       27930       28741
Swap:          2147         438        1708
Total:        35595        4476        3188

              total        used        free      shared  buff/cache   available
Mem:          33447        4015        1502         171       27930       28764
Swap:          2147         438        1708
Total:        35595        4453        3211

              total        used        free      shared  buff/cache   available
Mem:          33447        4015        1501         171       27930       28763
Swap:          2147         438        1708
Total:        35595        4454        3210

              total        used        free      shared  buff/cache   available
Mem:          33447        3917        1600         171       27930       28861
Swap:          2147         438        1708
Total:        35595        4355        3308

              total        used        free      shared  buff/cache   available
Mem:          33447        3909        1610         168       27927       28872
Swap:          2147         438        1708
Total:        35595        4348        3319

              total        used        free      shared  buff/cache   available
Mem:          33447        3999        1520         168       27927       28782
Swap:          2147         438        1708
Total:        35595        4437        3229

              total        used        free      shared  buff/cache   available
Mem:          33447        4005        1514         168       27927       28776
Swap:          2147         438        1708
Total:        35595        4444        3223

              total        used        free      shared  buff/cache   available
Mem:          33447        4006        1513         168       27927       28776
Swap:          2147         438        1708
Total:        35595        4444        3222

              total        used        free      shared  buff/cache   available
Mem:          33447        3936        1583         168       27927       28845
Swap:          2147         438        1708
Total:        35595        4375        3292

              total        used        free      shared  buff/cache   available
Mem:          33447        3927        1592         168       27927       28854
Swap:          2147         438        1708
Total:        35595        4366        3301

              total        used        free      shared  buff/cache   available
Mem:          33447        3892        1627         168       27927       28889
Swap:          2147         438        1708
Total:        35595        4331        3336

              total        used        free      shared  buff/cache   available
Mem:          33447        4001        1518         168       27927       28780
Swap:          2147         438        1708
Total:        35595        4439        3227

              total        used        free      shared  buff/cache   available
Mem:          33447        4004        1514         168       27927       28777
Swap:          2147         438        1708
Total:        35595        4443        3223

              total        used        free      shared  buff/cache   available
Mem:          33447        4008        1510         168       27927       28773
Swap:          2147         438        1708
Total:        35595        4447        3219

              total        used        free      shared  buff/cache   available
Mem:          33447        3926        1593         168       27927       28855
Swap:          2147         438        1708
Total:        35595        4364        3302

              total        used        free      shared  buff/cache   available
Mem:          33447        3924        1595         168       27927       28858
Swap:          2147         438        1708
Total:        35595        4362        3304

              total        used        free      shared  buff/cache   available
Mem:          33447        3977        1544         168       27926       28804
Swap:          2147         438        1708
Total:        35595        4415        3253

              total        used        free      shared  buff/cache   available
Mem:          33447        4007        1512         168       27927       28774
Swap:          2147         438        1708
Total:        35595        4446        3221

              total        used        free      shared  buff/cache   available
Mem:          33447        4010        1508         168       27928       28771
Swap:          2147         438        1708
Total:        35595        4449        3217

              total        used        free      shared  buff/cache   available
Mem:          33447        4011        1508         168       27928       28771
Swap:          2147         438        1708
Total:        35595        4449        3217

              total        used        free      shared  buff/cache   available
Mem:          33447        3922        1597         168       27928       28859
Swap:          2147         438        1708
Total:        35595        4360        3305

              total        used        free      shared  buff/cache   available
Mem:          33447        3919        1599         168       27928       28862
Swap:          2147         438        1708
Total:        35595        4358        3308

              total        used        free      shared  buff/cache   available
Mem:          33447        4010        1508         168       27928       28771
Swap:          2147         438        1708
Total:        35595        4448        3217

              total        used        free      shared  buff/cache   available
Mem:          33447        4011        1507         168       27928       28770
Swap:          2147         438        1708
Total:        35595        4449        3216

              total        used        free      shared  buff/cache   available
Mem:          33447        4010        1508         168       27928       28771
Swap:          2147         438        1708
Total:        35595        4449        3217

              total        used        free      shared  buff/cache   available
Mem:          33447        3923        1595         168       27928       28858
Swap:          2147         438        1708
Total:        35595        4362        3304

              total        used        free      shared  buff/cache   available
Mem:          33447        3921        1597         168       27928       28860
Swap:          2147         438        1708
Total:        35595        4360        3306

              total        used        free      shared  buff/cache   available
Mem:          33447        3991        1528         168       27926       28790
Swap:          2147         438        1708
Total:        35595        4430        3237

              total        used        free      shared  buff/cache   available
Mem:          33447        4010        1507         168       27928       28771
Swap:          2147         438        1708
Total:        35595        4449        3216

              total        used        free      shared  buff/cache   available
Mem:          33447        4013        1502         171       27932       28765
Swap:          2147         438        1708
Total:        35595        4451        3211

              total        used        free      shared  buff/cache   available
Mem:          33447        4016        1499         171       27932       28762
Swap:          2147         438        1708
Total:        35595        4454        3208

              total        used        free      shared  buff/cache   available
Mem:          33447        3925        1592         169       27929       28856
Swap:          2147         438        1708
Total:        35595        4363        3301

              total        used        free      shared  buff/cache   available
Mem:          33447        3917        1600         169       27929       28863
Swap:          2147         438        1708
Total:        35595        4356        3309

              total        used        free      shared  buff/cache   available
Mem:          33447        3986        1534         166       27926       28797
Swap:          2147         438        1708
Total:        35595        4425        3243

              total        used        free      shared  buff/cache   available
Mem:          33447        3991        1529         166       27926       28793
Swap:          2147         438        1708
Total:        35595        4430        3238

              total        used        free      shared  buff/cache   available
Mem:          33447        3995        1524         166       27926       28788
Swap:          2147         438        1708
Total:        35595        4434        3233

              total        used        free      shared  buff/cache   available
Mem:          33447        3914        1606         166       27926       28869
Swap:          2147         438        1708
Total:        35595        4353        3314

              total        used        free      shared  buff/cache   available
Mem:          33447        3914        1606         166       27926       28870
Swap:          2147         438        1708
Total:        35595        4352        3315

              total        used        free      shared  buff/cache   available
Mem:          33447        3871        1649         166       27926       28913
Swap:          2147         438        1708
Total:        35595        4309        3358

              total        used        free      shared  buff/cache   available
Mem:          33447        4002        1518         166       27926       28782
Swap:          2147         438        1708
Total:        35595        4441        3227

              total        used        free      shared  buff/cache   available
Mem:          33447        4004        1515         166       27926       28779
Swap:          2147         438        1708
Total:        35595        4443        3224

              total        used        free      shared  buff/cache   available
Mem:          33447        4007        1513         166       27926       28777
Swap:          2147         438        1708
Total:        35595        4446        3222

              total        used        free      shared  buff/cache   available
Mem:          33447        3919        1600         166       27926       28864
Swap:          2147         438        1708
Total:        35595        4358        3309

              total        used        free      shared  buff/cache   available
Mem:          33447        3918        1602         166       27926       28866
Swap:          2147         438        1708
Total:        35595        4357        3310

              total        used        free      shared  buff/cache   available
Mem:          33447        3969        1553         166       27924       28815
Swap:          2147         438        1708
Total:        35595        4408        3262

              total        used        free      shared  buff/cache   available
Mem:          33447        3994        1526         166       27927       28790
Swap:          2147         438        1708
Total:        35595        4432        3235

              total        used        free      shared  buff/cache   available
Mem:          33447        3994        1525         166       27927       28789
Swap:          2147         438        1708
Total:        35595        4433        3234

              total        used        free      shared  buff/cache   available
Mem:          33447        3979        1547         160       27921       28811
Swap:          2147         438        1708
Total:        35595        4417        3255

              total        used        free      shared  buff/cache   available
Mem:          33447        3897        1628         159       27921       28892
Swap:          2147         438        1708
Total:        35595        4336        3337

              total        used        free      shared  buff/cache   available
Mem:          33447        3897        1628         159       27921       28893
Swap:          2147         438        1708
Total:        35595        4336        3337

              total        used        free      shared  buff/cache   available
Mem:          33447        3968        1557         160       27921       28822
Swap:          2147         438        1708
Total:        35595        4407        3266

              total        used        free      shared  buff/cache   available
Mem:          33447        3974        1551         160       27921       28816
Swap:          2147         438        1708
Total:        35595        4412        3260

              total        used        free      shared  buff/cache   available
Mem:          33447        3976        1549         160       27921       28814
Swap:          2147         438        1708
Total:        35595        4414        3258

              total        used        free      shared  buff/cache   available
Mem:          33447        3901        1624         160       27921       28889
Swap:          2147         438        1708
Total:        35595        4339        3333

              total        used        free      shared  buff/cache   available
Mem:          33447        3899        1626         160       27921       28891
Swap:          2147         438        1708
Total:        35595        4338        3335

              total        used        free      shared  buff/cache   available
Mem:          33447        3942        1584         160       27920       28848
Swap:          2147         438        1708
Total:        35595        4380        3293

              total        used        free      shared  buff/cache   available
Mem:          33447        3970        1555         160       27921       28820
Swap:          2147         438        1708
Total:        35595        4408        3264

              total        used        free      shared  buff/cache   available
Mem:          33447        3974        1550         160       27921       28815
Swap:          2147         438        1708
Total:        35595        4413        3259

              total        used        free      shared  buff/cache   available
Mem:          33447        3973        1552         160       27921       28816
Swap:          2147         438        1708
Total:        35595        4412        3260

              total        used        free      shared  buff/cache   available
Mem:          33447        3899        1625         160       27921       28890
Swap:          2147         438        1708
Total:        35595        4338        3334

              total        used        free      shared  buff/cache   available
Mem:          33447        3892        1630         163       27925       28895
Swap:          2147         438        1708
Total:        35595        4330        3339

              total        used        free      shared  buff/cache   available
Mem:          33447        3954        1569         163       27924       28833
Swap:          2147         438        1708
Total:        35595        4392        3278

              total        used        free      shared  buff/cache   available
Mem:          33447        3970        1550         163       27925       28816
Swap:          2147         438        1708
Total:        35595        4409        3259

              total        used        free      shared  buff/cache   available
Mem:          33447        3968        1553         163       27925       28818
Swap:          2147         438        1708
Total:        35595        4407        3262

              total        used        free      shared  buff/cache   available
Mem:          33447        3898        1626         160       27922       28891
Swap:          2147         438        1708
Total:        35595        4337        3335

              total        used        free      shared  buff/cache   available
Mem:          33447        3895        1629         160       27922       28895
Swap:          2147         438        1708
Total:        35595        4333        3338

              total        used        free      shared  buff/cache   available
Mem:          33447        3894        1630         159       27922       28895
Swap:          2147         438        1708
Total:        35595        4333        3339

              total        used        free      shared  buff/cache   available
Mem:          33447        3971        1553         160       27922       28818
Swap:          2147         438        1708
Total:        35595        4410        3261

              total        used        free      shared  buff/cache   available
Mem:          33447        3974        1550         160       27923       28816
Swap:          2147         438        1708
Total:        35595        4412        3258

              total        used        free      shared  buff/cache   available
Mem:          33447        3977        1547         160       27923       28813
Swap:          2147         438        1708
Total:        35595        4415        3256

              total        used        free      shared  buff/cache   available
Mem:          33447        3895        1628         160       27923       28895
Swap:          2147         438        1708
Total:        35595        4334        3337

              total        used        free      shared  buff/cache   available
Mem:          33447        3891        1632         160       27923       28898
Swap:          2147         438        1708
Total:        35595        4330        3341

              total        used        free      shared  buff/cache   available
Mem:          33447        3957        1568         160       27921       28833
Swap:          2147         438        1708
Total:        35595        4396        3277

              total        used        free      shared  buff/cache   available
Mem:          33447        3973        1550         160       27923       28817
Swap:          2147         438        1708
Total:        35595        4412        3259

              total        used        free      shared  buff/cache   available
Mem:          33447        3973        1550         160       27923       28817
Swap:          2147         438        1708
Total:        35595        4411        3259

              total        used        free      shared  buff/cache   available
Mem:          33447        3974        1549         160       27923       28816
Swap:          2147         438        1708
Total:        35595        4413        3258

              total        used        free      shared  buff/cache   available
Mem:          33447        3891        1632         160       27923       28899
Swap:          2147         438        1708
Total:        35595        4329        3341

              total        used        free      shared  buff/cache   available
Mem:          33447        3891        1632         160       27923       28898
Swap:          2147         438        1708
Total:        35595        4330        3340

              total        used        free      shared  buff/cache   available
Mem:          33447        3965        1558         160       27923       28824
Swap:          2147         438        1708
Total:        35595        4404        3267

              total        used        free      shared  buff/cache   available
Mem:          33447        3969        1554         160       27923       28820
Swap:          2147         438        1708
Total:        35595        4408        3263

              total        used        free      shared  buff/cache   available
Mem:          33447        3972        1551         160       27923       28818
Swap:          2147         438        1708
Total:        35595        4410        3260

              total        used        free      shared  buff/cache   available
Mem:          33447        3904        1619         160       27923       28885
Swap:          2147         438        1708
Total:        35595        4343        3328

              total        used        free      shared  buff/cache   available
Mem:          33447        3901        1622         160       27923       28888
Swap:          2147         438        1708
Total:        35595        4340        3331

              total        used        free      shared  buff/cache   available
Mem:          33447        3868        1655         160       27923       28921
Swap:          2147         438        1708
Total:        35595        4307        3364

              total        used        free      shared  buff/cache   available
Mem:          33447        3968        1555         160       27923       28822
Swap:          2147         438        1708
Total:        35595        4406        3264

              total        used        free      shared  buff/cache   available
Mem:          33447        3968        1554         160       27923       28821
Swap:          2147         438        1708
Total:        35595        4407        3263

              total        used        free      shared  buff/cache   available
Mem:          33447        3972        1551         160       27923       28818
Swap:          2147         438        1708
Total:        35595        4410        3260

              total        used        free      shared  buff/cache   available
Mem:          33447        3896        1626         160       27924       28893
Swap:          2147         438        1708
Total:        35595        4335        3335

              total        used        free      shared  buff/cache   available
Mem:          33447        3896        1627         160       27924       28894
Swap:          2147         438        1708
Total:        35595        4334        3336

              total        used        free      shared  buff/cache   available
Mem:          33447        3997        1523         163       27926       28789
Swap:          2147         438        1708
Total:        35595        4436        3232

              total        used        free      shared  buff/cache   available
Mem:          33447        3988        1531         163       27927       28798
Swap:          2147         438        1708
Total:        35595        4427        3240

              total        used        free      shared  buff/cache   available
Mem:          33447        3989        1530         163       27927       28797
Swap:          2147         438        1708
Total:        35595        4427        3239

              total        used        free      shared  buff/cache   available
Mem:          33447        3990        1528         163       27927       28796
Swap:          2147         438        1708
Total:        35595        4429        3237

              total        used        free      shared  buff/cache   available
Mem:          33447        3898        1624         160       27924       28891
Swap:          2147         438        1708
Total:        35595        4337        3332

              total        used        free      shared  buff/cache   available
Mem:          33447        3896        1626         160       27924       28894
Swap:          2147         438        1708
Total:        35595        4334        3335

              total        used        free      shared  buff/cache   available
Mem:          33447        3977        1545         160       27924       28813
Swap:          2147         438        1708
Total:        35595        4415        3254

              total        used        free      shared  buff/cache   available
Mem:          33447        3979        1543         160       27924       28810
Swap:          2147         438        1708
Total:        35595        4418        3252

              total        used        free      shared  buff/cache   available
Mem:          33447        3980        1542         160       27924       28810
Swap:          2147         438        1708
Total:        35595        4418        3251

              total        used        free      shared  buff/cache   available
Mem:          33447        3911        1611         160       27924       28878
Swap:          2147         438        1708
Total:        35595        4350        3320

              total        used        free      shared  buff/cache   available
Mem:          33447        3909        1613         160       27924       28880
Swap:          2147         438        1708
Total:        35595        4348        3322

              total        used        free      shared  buff/cache   available
Mem:          33447        3946        1578         160       27922       28844
Swap:          2147         438        1708
Total:        35595        4384        3287

              total        used        free      shared  buff/cache   available
Mem:          33447        3974        1547         160       27925       28815
Swap:          2147         438        1708
Total:        35595        4413        3256

              total        used        free      shared  buff/cache   available
Mem:          33447        3972        1550         160       27925       28818
Swap:          2147         438        1708
Total:        35595        4410        3259

              total        used        free      shared  buff/cache   available
Mem:          33447        3974        1548         160       27925       28816
Swap:          2147         438        1708
Total:        35595        4412        3257

              total        used        free      shared  buff/cache   available
Mem:          33447        3895        1626         160       27925       28894
Swap:          2147         438        1708
Total:        35595        4334        3335

              total        used        free      shared  buff/cache   available
Mem:          33447        3893        1629         160       27925       28896
Swap:          2147         438        1708
Total:        35595        4331        3338

              total        used        free      shared  buff/cache   available
Mem:          33447        3969        1553         160       27925       28820
Swap:          2147         438        1708
Total:        35595        4407        3262

              total        used        free      shared  buff/cache   available
Mem:          33447        3971        1550         160       27925       28818
Swap:          2147         438        1708
Total:        35595        4410        3259

              total        used        free      shared  buff/cache   available
Mem:          33447        3976        1546         160       27925       28814
Swap:          2147         438        1708
Total:        35595        4414        3255

              total        used        free      shared  buff/cache   available
Mem:          33447        3907        1615         160       27925       28883
Swap:          2147         438        1708
Total:        35595        4345        3324

              total        used        free      shared  buff/cache   available
Mem:          33447        3905        1616         160       27925       28884
Swap:          2147         438        1708
Total:        35595        4343        3325

              total        used        free      shared  buff/cache   available
Mem:          33447        3895        1628         160       27923       28894
Swap:          2147         438        1708
Total:        35595        4334        3336

              total        used        free      shared  buff/cache   available
Mem:          33447        3979        1542         160       27925       28810
Swap:          2147         438        1708
Total:        35595        4417        3251

              total        used        free      shared  buff/cache   available
Mem:          33447        3982        1539         160       27925       28807
Swap:          2147         438        1708
Total:        35595        4421        3248

              total        used        free      shared  buff/cache   available
Mem:          33447        3982        1538         160       27925       28807
Swap:          2147         438        1708
Total:        35595        4421        3247

              total        used        free      shared  buff/cache   available
Mem:          33447        3909        1612         160       27925       28881
Swap:          2147         438        1708
Total:        35595        4347        3321

              total        used        free      shared  buff/cache   available
Mem:          33447        3905        1616         160       27925       28885
Swap:          2147         438        1708
Total:        35595        4343        3325

              total        used        free      shared  buff/cache   available
Mem:          33447        3978        1542         160       27926       28811
Swap:          2147         438        1708
Total:        35595        4417        3251

              total        used        free      shared  buff/cache   available
Mem:          33447        3983        1537         160       27926       28806
Swap:          2147         438        1708
Total:        35595        4421        3246

              total        used        free      shared  buff/cache   available
Mem:          33447        3984        1537         160       27926       28806
Swap:          2147         438        1708
Total:        35595        4422        3246

              total        used        free      shared  buff/cache   available
Mem:          33447        3900        1617         163       27929       28886
Swap:          2147         438        1708
Total:        35595        4338        3326

              total        used        free      shared  buff/cache   available
Mem:          33447        3899        1618         163       27929       28887
Swap:          2147         438        1708
Total:        35595        4338        3327

              total        used        free      shared  buff/cache   available
Mem:          33447        3868        1649         163       27929       28918
Swap:          2147         438        1708
Total:        35595        4307        3358

              total        used        free      shared  buff/cache   available
Mem:          33447        3979        1541         160       27926       28810
Swap:          2147         438        1708
Total:        35595        4418        3250

              total        used        free      shared  buff/cache   available
Mem:          33447        3984        1536         160       27926       28805
Swap:          2147         438        1708
Total:        35595        4423        3245

              total        used        free      shared  buff/cache   available
Mem:          33447        3985        1535         160       27926       28804
Swap:          2147         438        1708
Total:        35595        4424        3244

              total        used        free      shared  buff/cache   available
Mem:          33447        3917        1604         160       27926       28872
Swap:          2147         438        1708
Total:        35595        4355        3313

              total        used        free      shared  buff/cache   available
Mem:          33447        3913        1607         160       27926       28876
Swap:          2147         438        1708
Total:        35595        4352        3316

              total        used        free      shared  buff/cache   available
Mem:          33447        3963        1560         160       27924       28826
Swap:          2147         438        1708
Total:        35595        4401        3269

              total        used        free      shared  buff/cache   available
Mem:          33447        3981        1540         160       27926       28808
Swap:          2147         438        1708
Total:        35595        4419        3249

              total        used        free      shared  buff/cache   available
Mem:          33447        3982        1539         160       27926       28807
Swap:          2147         438        1708
Total:        35595        4420        3248

              total        used        free      shared  buff/cache   available
Mem:          33447        3984        1536         160       27926       28805
Swap:          2147         438        1708
Total:        35595        4423        3245

              total        used        free      shared  buff/cache   available
Mem:          33447        3917        1603         160       27926       28872
Swap:          2147         438        1708
Total:        35595        4356        3312

              total        used        free      shared  buff/cache   available
Mem:          33447        3915        1606         160       27926       28874
Swap:          2147         438        1708
Total:        35595        4353        3315

              total        used        free      shared  buff/cache   available
Mem:          33447        3985        1535         160       27926       28804
Swap:          2147         438        1708
Total:        35595        4424        3244

              total        used        free      shared  buff/cache   available
Mem:          33447        3986        1534         160       27926       28803
Swap:          2147         438        1708
Total:        35595        4425        3243

              total        used        free      shared  buff/cache   available
Mem:          33447        3990        1530         160       27926       28799
Swap:          2147         438        1708
Total:        35595        4429        3239

              total        used        free      shared  buff/cache   available
Mem:          33447        3901        1619         160       27926       28888
Swap:          2147         438        1708
Total:        35595        4339        3328

              total        used        free      shared  buff/cache   available
Mem:          33447        3899        1621         160       27926       28890
Swap:          2147         438        1708
Total:        35595        4338        3330

              total        used        free      shared  buff/cache   available
Mem:          33447        3961        1560         160       27925       28828
Swap:          2147         438        1708
Total:        35595        4400        3269

              total        used        free      shared  buff/cache   available
Mem:          33447        3991        1528         160       27927       28798
Swap:          2147         438        1708
Total:        35595        4430        3237

              total        used        free      shared  buff/cache   available
Mem:          33447        3994        1526         160       27927       28795
Swap:          2147         438        1708
Total:        35595        4432        3235

              total        used        free      shared  buff/cache   available
Mem:          33447        3995        1524         160       27927       28794
Swap:          2147         438        1708
Total:        35595        4434        3233

              total        used        free      shared  buff/cache   available
Mem:          33447        3910        1610         160       27927       28879
Swap:          2147         438        1708
Total:        35595        4348        3318

              total        used        free      shared  buff/cache   available
Mem:          33447        3908        1612         160       27927       28881
Swap:          2147         438        1708
Total:        35595        4346        3321

              total        used        free      shared  buff/cache   available
Mem:          33447        3978        1541         160       27927       28810
Swap:          2147         438        1708
Total:        35595        4417        3250

              total        used        free      shared  buff/cache   available
Mem:          33447        3973        1547         160       27927       28816
Swap:          2147         438        1708
Total:        35595        4411        3255

              total        used        free      shared  buff/cache   available
Mem:          33447        3972        1547         160       27927       28817
Swap:          2147         438        1708
Total:        35595        4411        3256

              total        used        free      shared  buff/cache   available
Mem:          33447        3897        1623         160       27927       28892
Swap:          2147         438        1708
Total:        35595        4335        3331

              total        used        free      shared  buff/cache   available
Mem:          33447        3892        1624         163       27930       28894
Swap:          2147         438        1708
Total:        35595        4331        3333

              total        used        free      shared  buff/cache   available
Mem:          33447        3853        1663         163       27930       28933
Swap:          2147         438        1708
Total:        35595        4292        3372

              total        used        free      shared  buff/cache   available
Mem:          33447        4031        1484         163       27931       28755
Swap:          2147         438        1708
Total:        35595        4469        3193

              total        used        free      shared  buff/cache   available
Mem:          33447        4036        1480         163       27931       28750
Swap:          2147         438        1708
Total:        35595        4474        3189

              total        used        free      shared  buff/cache   available
Mem:          33447        4039        1479         160       27928       28749
Swap:          2147         438        1708
Total:        35595        4478        3188

              total        used        free      shared  buff/cache   available
Mem:          33447        3950        1568         160       27928       28839
Swap:          2147         438        1708
Total:        35595        4389        3277

              total        used        free      shared  buff/cache   available
Mem:          33447        3950        1568         160       27928       28839
Swap:          2147         438        1708
Total:        35595        4389        3277

              total        used        free      shared  buff/cache   available
Mem:          33447        4007        1512         160       27926       28782
Swap:          2147         438        1708
Total:        35595        4446        3221

              total        used        free      shared  buff/cache   available
Mem:          33447        4020        1498         160       27928       28769
Swap:          2147         438        1708
Total:        35595        4458        3207

              total        used        free      shared  buff/cache   available
Mem:          33447        4021        1497         160       27928       28768
Swap:          2147         438        1708
Total:        35595        4459        3206

              total        used        free      shared  buff/cache   available
Mem:          33447        4025        1492         160       27928       28763
Swap:          2147         438        1708
Total:        35595        4464        3201

              total        used        free      shared  buff/cache   available
Mem:          33447        3955        1563         160       27928       28834
Swap:          2147         438        1708
Total:        35595        4394        3272

              total        used        free      shared  buff/cache   available
Mem:          33447        3953        1565         160       27928       28836
Swap:          2147         438        1708
Total:        35595        4391        3274

              total        used        free      shared  buff/cache   available
Mem:          33447        4030        1488         160       27929       28759
Swap:          2147         438        1708
Total:        35595        4468        3196

              total        used        free      shared  buff/cache   available
Mem:          33447        4029        1487         160       27929       28759
Swap:          2147         438        1708
Total:        35595        4468        3196

              total        used        free      shared  buff/cache   available
Mem:          33447        4031        1486         160       27929       28758
Swap:          2147         438        1708
Total:        35595        4470        3195

              total        used        free      shared  buff/cache   available
Mem:          33447        3948        1569         160       27929       28841
Swap:          2147         438        1708
Total:        35595        4386        3278

              total        used        free      shared  buff/cache   available
Mem:          33447        3943        1574         160       27929       28846
Swap:          2147         438        1708
Total:        35595        4382        3283

              total        used        free      shared  buff/cache   available
Mem:          33447        3888        1630         160       27928       28901
Swap:          2147         438        1708
Total:        35595        4327        3339

              total        used        free      shared  buff/cache   available
Mem:          33447        3891        1628         160       27927       28898
Swap:          2147         438        1708
Total:        35595        4329        3337

              total        used        free      shared  buff/cache   available
Mem:          33447        3891        1628         160       27927       28898
Swap:          2147         438        1708
Total:        35595        4329        3337

              total        used        free      shared  buff/cache   available
Mem:          33447        3892        1627         160       27927       28897
Swap:          2147         438        1708
Total:        35595        4331        3336

              total        used        free      shared  buff/cache   available
Mem:          33447        3891        1628         160       27927       28898
Swap:          2147         438        1708
Total:        35595        4329        3337

              total        used        free      shared  buff/cache   available
Mem:          33447        3891        1628         160       27927       28898
Swap:          2147         438        1708
Total:        35595        4330        3337

              total        used        free      shared  buff/cache   available
Mem:          33447        3890        1629         160       27927       28899
Swap:          2147         438        1708
Total:        35595        4329        3338

              total        used        free      shared  buff/cache   available
Mem:          33447        3888        1631         160       27927       28901
Swap:          2147         438        1708
Total:        35595        4327        3340

              total        used        free      shared  buff/cache   available
Mem:          33447        3889        1630         160       27927       28900
Swap:          2147         438        1708
Total:        35595        4327        3339

              total        used        free      shared  buff/cache   available
Mem:          33447        3886        1633         160       27927       28903
Swap:          2147         438        1708
Total:        35595        4325        3342
