              total        used        free      shared  buff/cache   available
Mem:          33447        3873         886         161       28687       28927
Swap:          2147         438        1708
Total:        35595        4312        2594

              total        used        free      shared  buff/cache   available
Mem:          33447        4022         736         161       28688       28778
Swap:          2147         438        1708
Total:        35595        4461        2445

              total        used        free      shared  buff/cache   available
Mem:          33447        3873         885         161       28688       28927
Swap:          2147         438        1708
Total:        35595        4312        2594

              total        used        free      shared  buff/cache   available
Mem:          33447        3874         885         161       28688       28927
Swap:          2147         438        1708
Total:        35595        4312        2594

              total        used        free      shared  buff/cache   available
Mem:          33447        3874         884         161       28688       28926
Swap:          2147         438        1708
Total:        35595        4313        2593

              total        used        free      shared  buff/cache   available
Mem:          33447        3876         882         161       28688       28924
Swap:          2147         438        1708
Total:        35595        4314        2591

              total        used        free      shared  buff/cache   available
Mem:          33447        3877         881         161       28688       28923
Swap:          2147         438        1708
Total:        35595        4315        2590

              total        used        free      shared  buff/cache   available
Mem:          33447        3877         882         161       28688       28924
Swap:          2147         438        1708
Total:        35595        4315        2591

              total        used        free      shared  buff/cache   available
Mem:          33447        3877         881         161       28688       28923
Swap:          2147         438        1708
Total:        35595        4316        2590

              total        used        free      shared  buff/cache   available
Mem:          33447        3878         880         161       28688       28922
Swap:          2147         438        1708
Total:        35595        4317        2589

              total        used        free      shared  buff/cache   available
Mem:          33447        3878         881         161       28688       28923
Swap:          2147         438        1708
Total:        35595        4316        2590

              total        used        free      shared  buff/cache   available
Mem:          33447        4028         726         162       28691       28772
Swap:          2147         438        1708
Total:        35595        4467        2435

              total        used        free      shared  buff/cache   available
Mem:          33447        4029         725         162       28691       28771
Swap:          2147         438        1708
Total:        35595        4468        2434

              total        used        free      shared  buff/cache   available
Mem:          33447        4030         725         162       28691       28770
Swap:          2147         438        1708
Total:        35595        4468        2434

              total        used        free      shared  buff/cache   available
Mem:          33447        3950         805         162       28691       28850
Swap:          2147         438        1708
Total:        35595        4389        2514

              total        used        free      shared  buff/cache   available
Mem:          33447        3947         808         162       28691       28854
Swap:          2147         438        1708
Total:        35595        4385        2517

              total        used        free      shared  buff/cache   available
Mem:          33447        3999         758         162       28688       28801
Swap:          2147         438        1708
Total:        35595        4438        2467

              total        used        free      shared  buff/cache   available
Mem:          33447        4032         717         167       28697       28763
Swap:          2147         438        1708
Total:        35595        4471        2426

              total        used        free      shared  buff/cache   available
Mem:          33447        4039         709         167       28697       28755
Swap:          2147         438        1708
Total:        35595        4478        2418

              total        used        free      shared  buff/cache   available
Mem:          33447        3979         764         172       28702       28810
Swap:          2147         438        1708
Total:        35595        4418        2473

              total        used        free      shared  buff/cache   available
Mem:          33447        3983         760         173       28704       28806
Swap:          2147         438        1708
Total:        35595        4421        2469

              total        used        free      shared  buff/cache   available
Mem:          33447        3985         757         173       28704       28803
Swap:          2147         438        1708
Total:        35595        4424        2466

              total        used        free      shared  buff/cache   available
Mem:          33447        4065         683         170       28698       28726
Swap:          2147         438        1708
Total:        35595        4504        2392

              total        used        free      shared  buff/cache   available
Mem:          33447        4074         672         170       28700       28718
Swap:          2147         438        1708
Total:        35595        4512        2381

              total        used        free      shared  buff/cache   available
Mem:          33447        4075         670         170       28700       28716
Swap:          2147         438        1708
Total:        35595        4514        2379

              total        used        free      shared  buff/cache   available
Mem:          33447        3943         802         170       28700       28848
Swap:          2147         438        1708
Total:        35595        4382        2511

              total        used        free      shared  buff/cache   available
Mem:          33447        3939         806         170       28700       28852
Swap:          2147         438        1708
Total:        35595        4378        2515

              total        used        free      shared  buff/cache   available
Mem:          33447        3936         810         170       28700       28856
Swap:          2147         438        1708
Total:        35595        4374        2519

              total        used        free      shared  buff/cache   available
Mem:          33447        4000         745         170       28701       28791
Swap:          2147         438        1708
Total:        35595        4439        2454

              total        used        free      shared  buff/cache   available
Mem:          33447        4007         738         170       28701       28784
Swap:          2147         438        1708
Total:        35595        4446        2447

              total        used        free      shared  buff/cache   available
Mem:          33447        4008         738         170       28701       28783
Swap:          2147         438        1708
Total:        35595        4447        2446

              total        used        free      shared  buff/cache   available
Mem:          33447        3923         822         170       28701       28868
Swap:          2147         438        1708
Total:        35595        4362        2531

              total        used        free      shared  buff/cache   available
Mem:          33447        3922         823         170       28701       28869
Swap:          2147         438        1708
Total:        35595        4361        2532

              total        used        free      shared  buff/cache   available
Mem:          33447        3885         860         170       28701       28906
Swap:          2147         438        1708
Total:        35595        4324        2569

              total        used        free      shared  buff/cache   available
Mem:          33447        4002         743         170       28701       28789
Swap:          2147         438        1708
Total:        35595        4441        2452

              total        used        free      shared  buff/cache   available
Mem:          33447        4003         743         170       28701       28789
Swap:          2147         438        1708
Total:        35595        4441        2451

              total        used        free      shared  buff/cache   available
Mem:          33447        4005         741         170       28701       28787
Swap:          2147         438        1708
Total:        35595        4443        2449

              total        used        free      shared  buff/cache   available
Mem:          33447        3938         807         170       28701       28854
Swap:          2147         438        1708
Total:        35595        4376        2516

              total        used        free      shared  buff/cache   available
Mem:          33447        3939         807         170       28701       28853
Swap:          2147         438        1708
Total:        35595        4377        2516

              total        used        free      shared  buff/cache   available
Mem:          33447        3978         770         170       28698       28814
Swap:          2147         438        1708
Total:        35595        4416        2479

              total        used        free      shared  buff/cache   available
Mem:          33447        4006         739         170       28701       28786
Swap:          2147         438        1708
Total:        35595        4444        2448

              total        used        free      shared  buff/cache   available
Mem:          33447        4010         735         170       28701       28781
Swap:          2147         438        1708
Total:        35595        4449        2444

              total        used        free      shared  buff/cache   available
Mem:          33447        4011         734         170       28701       28780
Swap:          2147         438        1708
Total:        35595        4450        2443

              total        used        free      shared  buff/cache   available
Mem:          33447        3931         814         170       28701       28860
Swap:          2147         438        1708
Total:        35595        4370        2523

              total        used        free      shared  buff/cache   available
Mem:          33447        3926         819         170       28701       28866
Swap:          2147         438        1708
Total:        35595        4364        2528

              total        used        free      shared  buff/cache   available
Mem:          33447        4023         725         170       28699       28769
Swap:          2147         438        1708
Total:        35595        4461        2434

              total        used        free      shared  buff/cache   available
Mem:          33447        4001         744         170       28701       28790
Swap:          2147         438        1708
Total:        35595        4439        2453

              total        used        free      shared  buff/cache   available
Mem:          33447        4004         740         170       28701       28787
Swap:          2147         438        1708
Total:        35595        4443        2449

              total        used        free      shared  buff/cache   available
Mem:          33447        3930         812         174       28704       28859
Swap:          2147         438        1708
Total:        35595        4368        2521

              total        used        free      shared  buff/cache   available
Mem:          33447        3929         813         174       28704       28859
Swap:          2147         438        1708
Total:        35595        4367        2522

              total        used        free      shared  buff/cache   available
Mem:          33447        3924         818         174       28704       28865
Swap:          2147         438        1708
Total:        35595        4362        2527

              total        used        free      shared  buff/cache   available
Mem:          33447        4009         732         174       28705       28779
Swap:          2147         438        1708
Total:        35595        4448        2441

              total        used        free      shared  buff/cache   available
Mem:          33447        4014         727         174       28705       28774
Swap:          2147         438        1708
Total:        35595        4453        2436

              total        used        free      shared  buff/cache   available
Mem:          33447        4013         731         171       28702       28778
Swap:          2147         438        1708
Total:        35595        4452        2440

              total        used        free      shared  buff/cache   available
Mem:          33447        3916         829         171       28702       28875
Swap:          2147         438        1708
Total:        35595        4354        2537

              total        used        free      shared  buff/cache   available
Mem:          33447        3915         829         170       28702       28876
Swap:          2147         438        1708
Total:        35595        4354        2538

              total        used        free      shared  buff/cache   available
Mem:          33447        3881         863         170       28702       28910
Swap:          2147         438        1708
Total:        35595        4320        2572

              total        used        free      shared  buff/cache   available
Mem:          33447        4000         745         170       28701       28791
Swap:          2147         438        1708
Total:        35595        4439        2453

              total        used        free      shared  buff/cache   available
Mem:          33447        4003         742         171       28702       28788
Swap:          2147         438        1708
Total:        35595        4441        2451

              total        used        free      shared  buff/cache   available
Mem:          33447        4004         740         171       28702       28787
Swap:          2147         438        1708
Total:        35595        4443        2449

              total        used        free      shared  buff/cache   available
Mem:          33447        3929         816         170       28701       28863
Swap:          2147         438        1708
Total:        35595        4367        2525

              total        used        free      shared  buff/cache   available
Mem:          33447        3929         816         171       28702       28862
Swap:          2147         438        1708
Total:        35595        4367        2525

              total        used        free      shared  buff/cache   available
Mem:          33447        3982         765         170       28699       28810
Swap:          2147         438        1708
Total:        35595        4421        2474

              total        used        free      shared  buff/cache   available
Mem:          33447        3999         745         171       28702       28792
Swap:          2147         438        1708
Total:        35595        4437        2454

              total        used        free      shared  buff/cache   available
Mem:          33447        4002         742         171       28702       28789
Swap:          2147         438        1708
Total:        35595        4441        2451

              total        used        free      shared  buff/cache   available
Mem:          33447        4006         738         171       28702       28785
Swap:          2147         438        1708
Total:        35595        4445        2447

              total        used        free      shared  buff/cache   available
Mem:          33447        3933         811         171       28702       28858
Swap:          2147         438        1708
Total:        35595        4372        2520

              total        used        free      shared  buff/cache   available
Mem:          33447        3931         814         171       28702       28861
Swap:          2147         438        1708
Total:        35595        4369        2523

              total        used        free      shared  buff/cache   available
Mem:          33447        4012         735         171       28699       28779
Swap:          2147         438        1708
Total:        35595        4450        2444

              total        used        free      shared  buff/cache   available
Mem:          33447        4009         735         171       28702       28782
Swap:          2147         438        1708
Total:        35595        4447        2444

              total        used        free      shared  buff/cache   available
Mem:          33447        4013         731         171       28702       28778
Swap:          2147         438        1708
Total:        35595        4452        2440

              total        used        free      shared  buff/cache   available
Mem:          33447        3923         821         171       28702       28868
Swap:          2147         438        1708
Total:        35595        4362        2530

              total        used        free      shared  buff/cache   available
Mem:          33447        3922         822         171       28702       28869
Swap:          2147         438        1708
Total:        35595        4360        2531

              total        used        free      shared  buff/cache   available
Mem:          33447        3922         822         171       28702       28870
Swap:          2147         438        1708
Total:        35595        4360        2531

              total        used        free      shared  buff/cache   available
Mem:          33447        3988         756         171       28702       28802
Swap:          2147         438        1708
Total:        35595        4427        2464

              total        used        free      shared  buff/cache   available
Mem:          33447        3996         748         171       28702       28795
Swap:          2147         438        1708
Total:        35595        4434        2457

              total        used        free      shared  buff/cache   available
Mem:          33447        3999         744         171       28702       28792
Swap:          2147         438        1708
Total:        35595        4438        2453

              total        used        free      shared  buff/cache   available
Mem:          33447        3938         806         171       28702       28853
Swap:          2147         438        1708
Total:        35595        4377        2515

              total        used        free      shared  buff/cache   available
Mem:          33447        3933         808         174       28705       28855
Swap:          2147         438        1708
Total:        35595        4371        2517

              total        used        free      shared  buff/cache   available
Mem:          33447        3901         839         174       28706       28887
Swap:          2147         438        1708
Total:        35595        4340        2548

              total        used        free      shared  buff/cache   available
Mem:          33447        3993         750         171       28703       28797
Swap:          2147         438        1708
Total:        35595        4432        2459

              total        used        free      shared  buff/cache   available
Mem:          33447        3996         747         171       28703       28795
Swap:          2147         438        1708
Total:        35595        4435        2456

              total        used        free      shared  buff/cache   available
Mem:          33447        3999         744         171       28703       28792
Swap:          2147         438        1708
Total:        35595        4437        2453

              total        used        free      shared  buff/cache   available
Mem:          33447        3917         830         168       28700       28877
Swap:          2147         438        1708
Total:        35595        4355        2539

              total        used        free      shared  buff/cache   available
Mem:          33447        3915         831         168       28700       28878
Swap:          2147         438        1708
Total:        35595        4354        2540

              total        used        free      shared  buff/cache   available
Mem:          33447        3872         876         168       28697       28922
Swap:          2147         438        1708
Total:        35595        4311        2585

              total        used        free      shared  buff/cache   available
Mem:          33447        3997         749         168       28700       28797
Swap:          2147         438        1708
Total:        35595        4435        2458

              total        used        free      shared  buff/cache   available
Mem:          33447        3995         751         168       28700       28799
Swap:          2147         438        1708
Total:        35595        4433        2460

              total        used        free      shared  buff/cache   available
Mem:          33447        3996         750         168       28700       28798
Swap:          2147         438        1708
Total:        35595        4434        2459

              total        used        free      shared  buff/cache   available
Mem:          33447        3922         824         168       28700       28872
Swap:          2147         438        1708
Total:        35595        4361        2533

              total        used        free      shared  buff/cache   available
Mem:          33447        3920         826         168       28700       28874
Swap:          2147         438        1708
Total:        35595        4358        2535

              total        used        free      shared  buff/cache   available
Mem:          33447        3964         786         168       28697       28830
Swap:          2147         438        1708
Total:        35595        4402        2494

              total        used        free      shared  buff/cache   available
Mem:          33447        3976         770         168       28700       28818
Swap:          2147         438        1708
Total:        35595        4414        2479

              total        used        free      shared  buff/cache   available
Mem:          33447        3979         768         168       28700       28815
Swap:          2147         438        1708
Total:        35595        4417        2476

              total        used        free      shared  buff/cache   available
Mem:          33447        3918         828         168       28700       28876
Swap:          2147         438        1708
Total:        35595        4356        2537

              total        used        free      shared  buff/cache   available
Mem:          33447        3913         834         168       28700       28881
Swap:          2147         438        1708
Total:        35595        4351        2542

              total        used        free      shared  buff/cache   available
Mem:          33447        3912         834         168       28700       28881
Swap:          2147         438        1708
Total:        35595        4351        2543

              total        used        free      shared  buff/cache   available
Mem:          33447        4036         710         168       28700       28758
Swap:          2147         438        1708
Total:        35595        4474        2419

              total        used        free      shared  buff/cache   available
Mem:          33447        3986         759         168       28701       28807
Swap:          2147         438        1708
Total:        35595        4425        2468

              total        used        free      shared  buff/cache   available
Mem:          33447        3989         757         168       28701       28805
Swap:          2147         438        1708
Total:        35595        4427        2466

              total        used        free      shared  buff/cache   available
Mem:          33447        3912         833         168       28701       28882
Swap:          2147         438        1708
Total:        35595        4351        2542

              total        used        free      shared  buff/cache   available
Mem:          33447        3911         834         168       28701       28882
Swap:          2147         438        1708
Total:        35595        4350        2543

              total        used        free      shared  buff/cache   available
Mem:          33447        3911         834         168       28701       28883
Swap:          2147         438        1708
Total:        35595        4350        2543

              total        used        free      shared  buff/cache   available
Mem:          33447        3987         758         168       28701       28806
Swap:          2147         438        1708
Total:        35595        4426        2466

              total        used        free      shared  buff/cache   available
Mem:          33447        3990         755         168       28701       28804
Swap:          2147         438        1708
Total:        35595        4428        2464

              total        used        free      shared  buff/cache   available
Mem:          33447        3873         883         157       28690       28932
Swap:          2147         438        1708
Total:        35595        4312        2592

              total        used        free      shared  buff/cache   available
Mem:          33447        3799         958         157       28690       29006
Swap:          2147         438        1708
Total:        35595        4237        2667

              total        used        free      shared  buff/cache   available
Mem:          33447        3793         963         157       28690       29012
Swap:          2147         438        1708
Total:        35595        4232        2672

              total        used        free      shared  buff/cache   available
Mem:          33447        3781         972         162       28693       29019
Swap:          2147         438        1708
Total:        35595        4220        2681

              total        used        free      shared  buff/cache   available
Mem:          33447        3906         841         165       28699       28890
Swap:          2147         438        1708
Total:        35595        4345        2550

              total        used        free      shared  buff/cache   available
Mem:          33447        3907         838         168       28701       28887
Swap:          2147         438        1708
Total:        35595        4346        2547

              total        used        free      shared  buff/cache   available
Mem:          33447        4032         718         162       28696       28767
Swap:          2147         438        1708
Total:        35595        4471        2427

              total        used        free      shared  buff/cache   available
Mem:          33447        3950         800         162       28696       28849
Swap:          2147         438        1708
Total:        35595        4389        2509

              total        used        free      shared  buff/cache   available
Mem:          33447        3950         800         162       28696       28850
Swap:          2147         438        1708
Total:        35595        4388        2509

              total        used        free      shared  buff/cache   available
Mem:          33447        4017         737         162       28693       28783
Swap:          2147         438        1708
Total:        35595        4455        2446

              total        used        free      shared  buff/cache   available
Mem:          33447        3993         758         162       28695       28807
Swap:          2147         438        1708
Total:        35595        4431        2467

              total        used        free      shared  buff/cache   available
Mem:          33447        3996         754         162       28695       28803
Swap:          2147         438        1708
Total:        35595        4435        2463

              total        used        free      shared  buff/cache   available
Mem:          33447        3923         828         162       28695       28877
Swap:          2147         438        1708
Total:        35595        4361        2537

              total        used        free      shared  buff/cache   available
Mem:          33447        3916         835         162       28695       28883
Swap:          2147         438        1708
Total:        35595        4355        2544

              total        used        free      shared  buff/cache   available
Mem:          33447        3917         834         162       28695       28883
Swap:          2147         438        1708
Total:        35595        4355        2543

              total        used        free      shared  buff/cache   available
Mem:          33447        4006         748         162       28693       28794
Swap:          2147         438        1708
Total:        35595        4444        2457

              total        used        free      shared  buff/cache   available
Mem:          33447        3983         768         162       28695       28816
Swap:          2147         438        1708
Total:        35595        4422        2476

              total        used        free      shared  buff/cache   available
Mem:          33447        3985         766         162       28695       28815
Swap:          2147         438        1708
Total:        35595        4423        2475

              total        used        free      shared  buff/cache   available
Mem:          33447        3912         839         162       28695       28888
Swap:          2147         438        1708
Total:        35595        4350        2548

              total        used        free      shared  buff/cache   available
Mem:          33447        3910         840         162       28696       28889
Swap:          2147         438        1708
Total:        35595        4349        2549

              total        used        free      shared  buff/cache   available
Mem:          33447        3911         840         162       28695       28888
Swap:          2147         438        1708
Total:        35595        4349        2549

              total        used        free      shared  buff/cache   available
Mem:          33447        3983         768         162       28696       28817
Swap:          2147         438        1708
Total:        35595        4421        2476

              total        used        free      shared  buff/cache   available
Mem:          33447        3986         764         162       28696       28813
Swap:          2147         438        1708
Total:        35595        4425        2473

              total        used        free      shared  buff/cache   available
Mem:          33447        3991         760         162       28696       28809
Swap:          2147         438        1708
Total:        35595        4429        2469

              total        used        free      shared  buff/cache   available
Mem:          33447        3914         837         162       28696       28886
Swap:          2147         438        1708
Total:        35595        4352        2545

              total        used        free      shared  buff/cache   available
Mem:          33447        3911         839         162       28696       28888
Swap:          2147         438        1708
Total:        35595        4350        2548

              total        used        free      shared  buff/cache   available
Mem:          33447        3879         871         162       28696       28921
Swap:          2147         438        1708
Total:        35595        4317        2580

              total        used        free      shared  buff/cache   available
Mem:          33447        3986         763         162       28696       28813
Swap:          2147         438        1708
Total:        35595        4425        2472

              total        used        free      shared  buff/cache   available
Mem:          33447        3989         760         162       28696       28810
Swap:          2147         438        1708
Total:        35595        4428        2469

              total        used        free      shared  buff/cache   available
Mem:          33447        3989         760         162       28696       28810
Swap:          2147         438        1708
Total:        35595        4428        2469

              total        used        free      shared  buff/cache   available
Mem:          33447        3913         836         162       28696       28886
Swap:          2147         438        1708
Total:        35595        4352        2545

              total        used        free      shared  buff/cache   available
Mem:          33447        3912         838         162       28696       28888
Swap:          2147         438        1708
Total:        35595        4350        2547

              total        used        free      shared  buff/cache   available
Mem:          33447        3863         887         165       28696       28934
Swap:          2147         438        1708
Total:        35595        4302        2595

              total        used        free      shared  buff/cache   available
Mem:          33447        3967         779         166       28700       28829
Swap:          2147         438        1708
Total:        35595        4405        2488

              total        used        free      shared  buff/cache   available
Mem:          33447        3970         776         166       28700       28826
Swap:          2147         438        1708
Total:        35595        4408        2485

              total        used        free      shared  buff/cache   available
Mem:          33447        3972         774         166       28700       28824
Swap:          2147         438        1708
Total:        35595        4410        2483

              total        used        free      shared  buff/cache   available
Mem:          33447        3888         861         162       28697       28911
Swap:          2147         438        1708
Total:        35595        4326        2570

              total        used        free      shared  buff/cache   available
Mem:          33447        3885         864         162       28697       28914
Swap:          2147         438        1708
Total:        35595        4324        2573

              total        used        free      shared  buff/cache   available
Mem:          33447        3940         813         162       28693       28859
Swap:          2147         438        1708
Total:        35595        4378        2522

              total        used        free      shared  buff/cache   available
Mem:          33447        3963         787         162       28697       28837
Swap:          2147         438        1708
Total:        35595        4401        2496

              total        used        free      shared  buff/cache   available
Mem:          33447        3868         887         157       28691       28937
Swap:          2147         438        1708
Total:        35595        4306        2596

              total        used        free      shared  buff/cache   available
Mem:          33447        3869         886         157       28691       28936
Swap:          2147         438        1708
Total:        35595        4307        2595

              total        used        free      shared  buff/cache   available
Mem:          33447        3786         969         157       28691       29019
Swap:          2147         438        1708
Total:        35595        4224        2678

              total        used        free      shared  buff/cache   available
Mem:          33447        3787         968         157       28691       29018
Swap:          2147         438        1708
Total:        35595        4226        2677

              total        used        free      shared  buff/cache   available
Mem:          33447        3899         858         157       28689       28905
Swap:          2147         438        1708
Total:        35595        4338        2567

              total        used        free      shared  buff/cache   available
Mem:          33447        3868         887         157       28691       28937
Swap:          2147         438        1708
Total:        35595        4306        2596

              total        used        free      shared  buff/cache   available
Mem:          33447        3869         886         157       28691       28936
Swap:          2147         438        1708
Total:        35595        4307        2595

              total        used        free      shared  buff/cache   available
Mem:          33447        3784         970         157       28691       29020
Swap:          2147         438        1708
Total:        35595        4223        2679

              total        used        free      shared  buff/cache   available
Mem:          33447        3784         970         157       28691       29020
Swap:          2147         438        1708
Total:        35595        4223        2679

              total        used        free      shared  buff/cache   available
Mem:          33447        3785         970         157       28691       29020
Swap:          2147         438        1708
Total:        35595        4223        2679

              total        used        free      shared  buff/cache   available
Mem:          33447        3856         898         157       28691       28948
Swap:          2147         438        1708
Total:        35595        4295        2607

              total        used        free      shared  buff/cache   available
Mem:          33447        3861         894         157       28691       28944
Swap:          2147         438        1708
Total:        35595        4299        2603

              total        used        free      shared  buff/cache   available
Mem:          33447        3863         892         157       28691       28942
Swap:          2147         438        1708
Total:        35595        4301        2601

              total        used        free      shared  buff/cache   available
Mem:          33447        3790         965         157       28691       29015
Swap:          2147         438        1708
Total:        35595        4228        2674

              total        used        free      shared  buff/cache   available
Mem:          33447        3788         967         157       28691       29017
Swap:          2147         438        1708
Total:        35595        4226        2676

              total        used        free      shared  buff/cache   available
Mem:          33447        3770         981         161       28696       29031
Swap:          2147         438        1708
Total:        35595        4208        2690

              total        used        free      shared  buff/cache   available
Mem:          33447        3898         854         159       28694       28904
Swap:          2147         438        1708
Total:        35595        4337        2563

              total        used        free      shared  buff/cache   available
Mem:          33447        3900         849         163       28697       28899
Swap:          2147         438        1708
Total:        35595        4339        2558

              total        used        free      shared  buff/cache   available
Mem:          33447        3903         846         163       28697       28896
Swap:          2147         438        1708
Total:        35595        4342        2555

              total        used        free      shared  buff/cache   available
Mem:          33447        3927         822         163       28697       28872
Swap:          2147         438        1708
Total:        35595        4366        2531

              total        used        free      shared  buff/cache   available
Mem:          33447        3948         801         163       28697       28851
Swap:          2147         438        1708
Total:        35595        4387        2510

              total        used        free      shared  buff/cache   available
Mem:          33447        3999         753         163       28694       28800
Swap:          2147         438        1708
Total:        35595        4438        2462

              total        used        free      shared  buff/cache   available
Mem:          33447        4007         733         171       28706       28784
Swap:          2147         438        1708
Total:        35595        4446        2442

              total        used        free      shared  buff/cache   available
Mem:          33447        3987         758         166       28701       28809
Swap:          2147         438        1708
Total:        35595        4426        2467

              total        used        free      shared  buff/cache   available
Mem:          33447        3989         756         166       28700       28806
Swap:          2147         438        1708
Total:        35595        4428        2465

              total        used        free      shared  buff/cache   available
Mem:          33447        3922         824         166       28700       28874
Swap:          2147         438        1708
Total:        35595        4360        2533

              total        used        free      shared  buff/cache   available
Mem:          33447        3918         827         166       28700       28878
Swap:          2147         438        1708
Total:        35595        4357        2536

              total        used        free      shared  buff/cache   available
Mem:          33447        3971         780         163       28695       28828
Swap:          2147         438        1708
Total:        35595        4409        2489

              total        used        free      shared  buff/cache   available
Mem:          33447        3984         764         163       28698       28815
Swap:          2147         438        1708
Total:        35595        4423        2473

              total        used        free      shared  buff/cache   available
Mem:          33447        3989         760         163       28698       28810
Swap:          2147         438        1708
Total:        35595        4427        2469

              total        used        free      shared  buff/cache   available
Mem:          33447        3904         844         163       28698       28895
Swap:          2147         438        1708
Total:        35595        4343        2553

              total        used        free      shared  buff/cache   available
Mem:          33447        3903         845         163       28698       28896
Swap:          2147         438        1708
Total:        35595        4341        2554

              total        used        free      shared  buff/cache   available
Mem:          33447        3904         845         163       28698       28895
Swap:          2147         438        1708
Total:        35595        4342        2554

              total        used        free      shared  buff/cache   available
Mem:          33447        4027         722         163       28697       28771
Swap:          2147         438        1708
Total:        35595        4466        2431

              total        used        free      shared  buff/cache   available
Mem:          33447        3979         769         163       28698       28820
Swap:          2147         438        1708
Total:        35595        4418        2478

              total        used        free      shared  buff/cache   available
Mem:          33447        3980         768         163       28698       28819
Swap:          2147         438        1708
Total:        35595        4419        2477

              total        used        free      shared  buff/cache   available
Mem:          33447        3922         826         163       28698       28877
Swap:          2147         438        1708
Total:        35595        4360        2535

              total        used        free      shared  buff/cache   available
Mem:          33447        3920         828         163       28698       28879
Swap:          2147         438        1708
Total:        35595        4358        2537

              total        used        free      shared  buff/cache   available
Mem:          33447        3919         829         163       28698       28880
Swap:          2147         438        1708
Total:        35595        4357        2538

              total        used        free      shared  buff/cache   available
Mem:          33447        3980         769         163       28698       28819
Swap:          2147         438        1708
Total:        35595        4418        2478

              total        used        free      shared  buff/cache   available
Mem:          33447        3983         765         163       28698       28816
Swap:          2147         438        1708
Total:        35595        4422        2474

              total        used        free      shared  buff/cache   available
Mem:          33447        3987         761         163       28698       28812
Swap:          2147         438        1708
Total:        35595        4425        2470

              total        used        free      shared  buff/cache   available
Mem:          33447        3916         832         163       28698       28883
Swap:          2147         438        1708
Total:        35595        4355        2541

              total        used        free      shared  buff/cache   available
Mem:          33447        3915         833         163       28698       28884
Swap:          2147         438        1708
Total:        35595        4354        2542

              total        used        free      shared  buff/cache   available
Mem:          33447        3870         881         163       28696       28929
Swap:          2147         438        1708
Total:        35595        4308        2589

              total        used        free      shared  buff/cache   available
Mem:          33447        3985         763         163       28698       28814
Swap:          2147         438        1708
Total:        35595        4424        2472

              total        used        free      shared  buff/cache   available
Mem:          33447        3963         785         163       28698       28836
Swap:          2147         438        1708
Total:        35595        4402        2494

              total        used        free      shared  buff/cache   available
Mem:          33447        3967         781         163       28698       28832
Swap:          2147         438        1708
Total:        35595        4405        2490

              total        used        free      shared  buff/cache   available
Mem:          33447        3887         861         163       28698       28912
Swap:          2147         438        1708
Total:        35595        4326        2570

              total        used        free      shared  buff/cache   available
Mem:          33447        3884         864         163       28698       28915
Swap:          2147         438        1708
Total:        35595        4322        2573

              total        used        free      shared  buff/cache   available
Mem:          33447        3931         820         163       28695       28868
Swap:          2147         438        1708
Total:        35595        4369        2529

              total        used        free      shared  buff/cache   available
Mem:          33447        3958         789         163       28699       28840
Swap:          2147         438        1708
Total:        35595        4397        2498

              total        used        free      shared  buff/cache   available
Mem:          33447        3961         783         166       28702       28835
Swap:          2147         438        1708
Total:        35595        4400        2492

              total        used        free      shared  buff/cache   available
Mem:          33447        3963         781         166       28702       28833
Swap:          2147         438        1708
Total:        35595        4401        2490

              total        used        free      shared  buff/cache   available
Mem:          33447        3893         851         166       28702       28902
Swap:          2147         438        1708
Total:        35595        4332        2560

              total        used        free      shared  buff/cache   available
Mem:          33447        3892         853         166       28702       28904
Swap:          2147         438        1708
Total:        35595        4330        2561

              total        used        free      shared  buff/cache   available
Mem:          33447        3955         795         163       28696       28844
Swap:          2147         438        1708
Total:        35595        4393        2504

              total        used        free      shared  buff/cache   available
Mem:          33447        3965         782         163       28699       28834
Swap:          2147         438        1708
Total:        35595        4404        2491

              total        used        free      shared  buff/cache   available
Mem:          33447        3966         781         163       28699       28833
Swap:          2147         438        1708
Total:        35595        4405        2490

              total        used        free      shared  buff/cache   available
Mem:          33447        3888         859         163       28699       28911
Swap:          2147         438        1708
Total:        35595        4327        2568

              total        used        free      shared  buff/cache   available
Mem:          33447        3785         967         157       28694       29019
Swap:          2147         438        1708
Total:        35595        4224        2676

              total        used        free      shared  buff/cache   available
Mem:          33447        3785         968         157       28694       29019
Swap:          2147         438        1708
Total:        35595        4224        2676

              total        used        free      shared  buff/cache   available
Mem:          33447        3861         891         157       28693       28943
Swap:          2147         438        1708
Total:        35595        4300        2600

              total        used        free      shared  buff/cache   available
Mem:          33447        3867         885         157       28694       28937
Swap:          2147         438        1708
Total:        35595        4306        2594

              total        used        free      shared  buff/cache   available
Mem:          33447        3868         884         157       28694       28936
Swap:          2147         438        1708
Total:        35595        4307        2593

              total        used        free      shared  buff/cache   available
Mem:          33447        3786         967         157       28694       29019
Swap:          2147         438        1708
Total:        35595        4224        2676

              total        used        free      shared  buff/cache   available
Mem:          33447        3785         967         157       28694       29019
Swap:          2147         438        1708
Total:        35595        4224        2676

              total        used        free      shared  buff/cache   available
Mem:          33447        3746        1006         157       28694       29058
Swap:          2147         438        1708
Total:        35595        4185        2715

              total        used        free      shared  buff/cache   available
Mem:          33447        3862         890         157       28694       28943
Swap:          2147         438        1708
Total:        35595        4300        2599

              total        used        free      shared  buff/cache   available
Mem:          33447        3863         889         157       28694       28941
Swap:          2147         438        1708
Total:        35595        4302        2598

              total        used        free      shared  buff/cache   available
Mem:          33447        3865         887         157       28694       28939
Swap:          2147         438        1708
Total:        35595        4304        2596

              total        used        free      shared  buff/cache   available
Mem:          33447        3779         973         157       28694       29025
Swap:          2147         438        1708
Total:        35595        4218        2681

              total        used        free      shared  buff/cache   available
Mem:          33447        3780         972         157       28694       29025
Swap:          2147         438        1708
Total:        35595        4218        2681

              total        used        free      shared  buff/cache   available
Mem:          33447        3846         910         157       28691       28959
Swap:          2147         438        1708
Total:        35595        4284        2618

              total        used        free      shared  buff/cache   available
Mem:          33447        3862         890         157       28694       28943
Swap:          2147         438        1708
Total:        35595        4300        2599

              total        used        free      shared  buff/cache   available
Mem:          33447        3864         888         157       28694       28940
Swap:          2147         438        1708
Total:        35595        4303        2597

              total        used        free      shared  buff/cache   available
Mem:          33447        3866         885         157       28694       28938
Swap:          2147         438        1708
Total:        35595        4305        2594

              total        used        free      shared  buff/cache   available
Mem:          33447        3781         971         157       28694       29023
Swap:          2147         438        1708
Total:        35595        4220        2680

              total        used        free      shared  buff/cache   available
Mem:          33447        3781         970         157       28694       29023
Swap:          2147         438        1708
Total:        35595        4220        2679

              total        used        free      shared  buff/cache   available
Mem:          33447        3871         883         157       28691       28933
Swap:          2147         438        1708
Total:        35595        4310        2592

              total        used        free      shared  buff/cache   available
Mem:          33447        3861         891         157       28694       28943
Swap:          2147         438        1708
Total:        35595        4299        2600

              total        used        free      shared  buff/cache   available
Mem:          33447        3863         889         157       28694       28941
Swap:          2147         438        1708
Total:        35595        4302        2598

              total        used        free      shared  buff/cache   available
Mem:          33447        3784         969         156       28693       29021
Swap:          2147         438        1708
Total:        35595        4223        2678

              total        used        free      shared  buff/cache   available
Mem:          33447        3783         970         156       28693       29022
Swap:          2147         438        1708
Total:        35595        4222        2679

              total        used        free      shared  buff/cache   available
Mem:          33447        3779         971         160       28696       29023
Swap:          2147         438        1708
Total:        35595        4218        2680

              total        used        free      shared  buff/cache   available
Mem:          33447        3856         894         160       28696       28946
Swap:          2147         438        1708
Total:        35595        4294        2603

              total        used        free      shared  buff/cache   available
Mem:          33447        3858         891         160       28697       28944
Swap:          2147         438        1708
Total:        35595        4296        2600

              total        used        free      shared  buff/cache   available
Mem:          33447        3858         892         160       28697       28944
Swap:          2147         438        1708
Total:        35595        4297        2600

              total        used        free      shared  buff/cache   available
Mem:          33447        3786         967         156       28693       29020
Swap:          2147         438        1708
Total:        35595        4224        2676

              total        used        free      shared  buff/cache   available
Mem:          33447        3792         960         156       28693       29013
Swap:          2147         438        1708
Total:        35595        4231        2669

              total        used        free      shared  buff/cache   available
Mem:          33447        3790         962         156       28693       29015
Swap:          2147         438        1708
Total:        35595        4229        2671

              total        used        free      shared  buff/cache   available
Mem:          33447        3869         883         156       28694       28936
Swap:          2147         438        1708
Total:        35595        4308        2592

              total        used        free      shared  buff/cache   available
Mem:          33447        3916         837         156       28693       28890
Swap:          2147         438        1708
Total:        35595        4354        2546

              total        used        free      shared  buff/cache   available
Mem:          33447        3917         833         159       28696       28886
Swap:          2147         438        1708
Total:        35595        4356        2542

              total        used        free      shared  buff/cache   available
Mem:          33447        3825         922         162       28699       28975
Swap:          2147         438        1708
Total:        35595        4263        2631

              total        used        free      shared  buff/cache   available
Mem:          33447        3824         923         162       28699       28976
Swap:          2147         438        1708
Total:        35595        4262        2632

              total        used        free      shared  buff/cache   available
Mem:          33447        4025         725         162       28696       28775
Swap:          2147         438        1708
Total:        35595        4463        2434

              total        used        free      shared  buff/cache   available
Mem:          33447        4035         711         162       28699       28764
Swap:          2147         438        1708
Total:        35595        4474        2420

              total        used        free      shared  buff/cache   available
Mem:          33447        4041         706         162       28699       28759
Swap:          2147         438        1708
Total:        35595        4479        2415

              total        used        free      shared  buff/cache   available
Mem:          33447        4034         755         173       28657       28755
Swap:          2147         438        1708
Total:        35595        4472        2464

              total        used        free      shared  buff/cache   available
Mem:          33447        3926         874         162       28646       28874
Swap:          2147         438        1708
Total:        35595        4364        2583

              total        used        free      shared  buff/cache   available
Mem:          33447        3925         874         162       28646       28874
Swap:          2147         438        1708
Total:        35595        4364        2583

              total        used        free      shared  buff/cache   available
Mem:          33447        3997         804         162       28644       28803
Swap:          2147         438        1708
Total:        35595        4436        2513

              total        used        free      shared  buff/cache   available
Mem:          33447        4001         797         162       28648       28799
Swap:          2147         438        1708
Total:        35595        4440        2506

              total        used        free      shared  buff/cache   available
Mem:          33447        4004         794         162       28648       28795
Swap:          2147         438        1708
Total:        35595        4443        2502

              total        used        free      shared  buff/cache   available
Mem:          33447        3926         872         162       28648       28874
Swap:          2147         438        1708
Total:        35595        4364        2581

              total        used        free      shared  buff/cache   available
Mem:          33447        3923         875         162       28648       28876
Swap:          2147         438        1708
Total:        35595        4362        2584

              total        used        free      shared  buff/cache   available
Mem:          33447        3923         874         162       28648       28876
Swap:          2147         438        1708
Total:        35595        4362        2583

              total        used        free      shared  buff/cache   available
Mem:          33447        4039         761         162       28646       28761
Swap:          2147         438        1708
Total:        35595        4477        2470

              total        used        free      shared  buff/cache   available
Mem:          33447        3987         811         162       28648       28812
Swap:          2147         438        1708
Total:        35595        4426        2520

              total        used        free      shared  buff/cache   available
Mem:          33447        3990         808         162       28648       28810
Swap:          2147         438        1708
Total:        35595        4428        2517

              total        used        free      shared  buff/cache   available
Mem:          33447        3908         890         162       28648       28892
Swap:          2147         438        1708
Total:        35595        4346        2599

              total        used        free      shared  buff/cache   available
Mem:          33447        3906         888         165       28651       28890
Swap:          2147         438        1708
Total:        35595        4345        2597

              total        used        free      shared  buff/cache   available
Mem:          33447        3904         890         165       28651       28892
Swap:          2147         438        1708
Total:        35595        4343        2599

              total        used        free      shared  buff/cache   available
Mem:          33447        3992         803         165       28652       28805
Swap:          2147         438        1708
Total:        35595        4430        2512

              total        used        free      shared  buff/cache   available
Mem:          33447        4001         730         229       28715       28732
Swap:          2147         438        1708
Total:        35595        4440        2439

              total        used        free      shared  buff/cache   available
Mem:          33447        4054         680         226       28712       28682
Swap:          2147         438        1708
Total:        35595        4492        2389

              total        used        free      shared  buff/cache   available
Mem:          33447        3979         755         226       28712       28757
Swap:          2147         438        1708
Total:        35595        4418        2464

              total        used        free      shared  buff/cache   available
Mem:          33447        3948         786         226       28712       28788
Swap:          2147         438        1708
Total:        35595        4386        2495

              total        used        free      shared  buff/cache   available
Mem:          33447        3980         759         224       28707       28758
Swap:          2147         438        1708
Total:        35595        4418        2468

              total        used        free      shared  buff/cache   available
Mem:          33447        4023         712         224       28711       28714
Swap:          2147         438        1708
Total:        35595        4462        2421

              total        used        free      shared  buff/cache   available
Mem:          33447        4025         711         224       28711       28713
Swap:          2147         438        1708
Total:        35595        4464        2419

              total        used        free      shared  buff/cache   available
Mem:          33447        4004         738         218       28704       28741
Swap:          2147         438        1708
Total:        35595        4442        2447

              total        used        free      shared  buff/cache   available
Mem:          33447        3920         822         218       28704       28824
Swap:          2147         438        1708
Total:        35595        4358        2531

              total        used        free      shared  buff/cache   available
Mem:          33447        3917         824         218       28704       28827
Swap:          2147         438        1708
Total:        35595        4356        2533

              total        used        free      shared  buff/cache   available
Mem:          33447        3992         776         194       28678       28776
Swap:          2147         438        1708
Total:        35595        4430        2485

              total        used        free      shared  buff/cache   available
Mem:          33447        4009         755         194       28682       28758
Swap:          2147         438        1708
Total:        35595        4448        2464

              total        used        free      shared  buff/cache   available
Mem:          33447        4012         752         194       28682       28755
Swap:          2147         438        1708
Total:        35595        4451        2461

              total        used        free      shared  buff/cache   available
Mem:          33447        3922         843         194       28681       28846
Swap:          2147         438        1708
Total:        35595        4360        2552

              total        used        free      shared  buff/cache   available
Mem:          33447        3918         847         194       28681       28850
Swap:          2147         438        1708
Total:        35595        4357        2556

              total        used        free      shared  buff/cache   available
Mem:          33447        3918         848         194       28681       28850
Swap:          2147         438        1708
Total:        35595        4356        2557

              total        used        free      shared  buff/cache   available
Mem:          33447        4047         720         194       28679       28721
Swap:          2147         438        1708
Total:        35595        4486        2429

              total        used        free      shared  buff/cache   available
Mem:          33447        4002         763         194       28681       28766
Swap:          2147         438        1708
Total:        35595        4441        2472

              total        used        free      shared  buff/cache   available
Mem:          33447        4003         762         194       28681       28765
Swap:          2147         438        1708
Total:        35595        4441        2471

              total        used        free      shared  buff/cache   available
Mem:          33447        3908         857         194       28681       28860
Swap:          2147         438        1708
Total:        35595        4346        2566

              total        used        free      shared  buff/cache   available
Mem:          33447        3908         857         194       28681       28860
Swap:          2147         438        1708
Total:        35595        4346        2566

              total        used        free      shared  buff/cache   available
Mem:          33447        3906         859         194       28681       28862
Swap:          2147         438        1708
Total:        35595        4344        2568

              total        used        free      shared  buff/cache   available
Mem:          33447        4000         766         194       28681       28768
Swap:          2147         438        1708
Total:        35595        4438        2475

              total        used        free      shared  buff/cache   available
Mem:          33447        4000         765         194       28681       28768
Swap:          2147         438        1708
Total:        35595        4439        2474

              total        used        free      shared  buff/cache   available
Mem:          33447        4001         764         194       28681       28767
Swap:          2147         438        1708
Total:        35595        4440        2473

              total        used        free      shared  buff/cache   available
Mem:          33447        3911         854         194       28681       28857
Swap:          2147         438        1708
Total:        35595        4350        2563

              total        used        free      shared  buff/cache   available
Mem:          33447        3908         857         194       28681       28860
Swap:          2147         438        1708
Total:        35595        4346        2566

              total        used        free      shared  buff/cache   available
Mem:          33447        3869         894         196       28683       28897
Swap:          2147         438        1708
Total:        35595        4307        2603

              total        used        free      shared  buff/cache   available
Mem:          33447        3996         766         197       28684       28769
Swap:          2147         438        1708
Total:        35595        4434        2475

              total        used        free      shared  buff/cache   available
Mem:          33447        3999         762         197       28684       28765
Swap:          2147         438        1708
Total:        35595        4438        2471

              total        used        free      shared  buff/cache   available
Mem:          33447        4002         760         197       28684       28763
Swap:          2147         438        1708
Total:        35595        4441        2469

              total        used        free      shared  buff/cache   available
Mem:          33447        3923         839         197       28684       28842
Swap:          2147         438        1708
Total:        35595        4361        2548

              total        used        free      shared  buff/cache   available
Mem:          33447        3920         845         194       28681       28848
Swap:          2147         438        1708
Total:        35595        4359        2554

              total        used        free      shared  buff/cache   available
Mem:          33447        3975         793         194       28678       28793
Swap:          2147         438        1708
Total:        35595        4414        2501

              total        used        free      shared  buff/cache   available
Mem:          33447        4010         756         194       28681       28758
Swap:          2147         438        1708
Total:        35595        4448        2464

              total        used        free      shared  buff/cache   available
Mem:          33447        4014         751         194       28681       28754
Swap:          2147         438        1708
Total:        35595        4453        2460

              total        used        free      shared  buff/cache   available
Mem:          33447        4015         750         194       28681       28753
Swap:          2147         438        1708
Total:        35595        4454        2459

              total        used        free      shared  buff/cache   available
Mem:          33447        3936         829         194       28681       28832
Swap:          2147         438        1708
Total:        35595        4374        2538

              total        used        free      shared  buff/cache   available
Mem:          33447        3936         829         194       28681       28832
Swap:          2147         438        1708
Total:        35595        4374        2538

              total        used        free      shared  buff/cache   available
Mem:          33447        4038         730         194       28679       28730
Swap:          2147         438        1708
Total:        35595        4476        2438

              total        used        free      shared  buff/cache   available
Mem:          33447        4011         754         194       28681       28757
Swap:          2147         438        1708
Total:        35595        4449        2463

              total        used        free      shared  buff/cache   available
Mem:          33447        4015         750         194       28681       28753
Swap:          2147         438        1708
Total:        35595        4454        2458

              total        used        free      shared  buff/cache   available
Mem:          33447        3930         835         194       28681       28838
Swap:          2147         438        1708
Total:        35595        4369        2544

              total        used        free      shared  buff/cache   available
Mem:          33447        3929         836         194       28681       28839
Swap:          2147         438        1708
Total:        35595        4368        2545

              total        used        free      shared  buff/cache   available
Mem:          33447        3929         836         194       28681       28839
Swap:          2147         438        1708
Total:        35595        4368        2545

              total        used        free      shared  buff/cache   available
Mem:          33447        4004         761         194       28681       28763
Swap:          2147         438        1708
Total:        35595        4443        2470

              total        used        free      shared  buff/cache   available
Mem:          33447        4006         758         194       28681       28761
Swap:          2147         438        1708
Total:        35595        4445        2467

              total        used        free      shared  buff/cache   available
Mem:          33447        4008         757         194       28681       28760
Swap:          2147         438        1708
Total:        35595        4446        2466

              total        used        free      shared  buff/cache   available
Mem:          33447        3932         833         194       28681       28836
Swap:          2147         438        1708
Total:        35595        4371        2542

              total        used        free      shared  buff/cache   available
Mem:          33447        3929         835         194       28681       28838
Swap:          2147         438        1708
Total:        35595        4368        2544

              total        used        free      shared  buff/cache   available
Mem:          33447        3897         867         194       28681       28871
Swap:          2147         438        1708
Total:        35595        4336        2576

              total        used        free      shared  buff/cache   available
Mem:          33447        3903         863         192       28680       28867
Swap:          2147         438        1708
Total:        35595        4341        2572

              total        used        free      shared  buff/cache   available
Mem:          33447        3907         862         188       28677       28866
Swap:          2147         438        1708
Total:        35595        4346        2571

              total        used        free      shared  buff/cache   available
Mem:          33447        3906         863         188       28677       28867
Swap:          2147         438        1708
Total:        35595        4345        2572

              total        used        free      shared  buff/cache   available
Mem:          33447        3825         945         188       28677       28949
Swap:          2147         438        1708
Total:        35595        4263        2654

              total        used        free      shared  buff/cache   available
Mem:          33447        3824         946         188       28677       28950
Swap:          2147         438        1708
Total:        35595        4262        2655

              total        used        free      shared  buff/cache   available
Mem:          33447        3783         990         188       28673       28991
Swap:          2147         438        1708
Total:        35595        4221        2699

              total        used        free      shared  buff/cache   available
Mem:          33447        3902         862         194       28682       28866
Swap:          2147         438        1708
Total:        35595        4340        2571

              total        used        free      shared  buff/cache   available
Mem:          33447        3907         857         194       28682       28861
Swap:          2147         438        1708
Total:        35595        4345        2566

              total        used        free      shared  buff/cache   available
Mem:          33447        3974         782         202       28690       28786
Swap:          2147         438        1708
Total:        35595        4412        2491

              total        used        free      shared  buff/cache   available
Mem:          33447        3904         876         178       28666       28880
Swap:          2147         438        1708
Total:        35595        4343        2585

              total        used        free      shared  buff/cache   available
Mem:          33447        3899         881         178       28666       28885
Swap:          2147         438        1708
Total:        35595        4338        2590

              total        used        free      shared  buff/cache   available
Mem:          33447        3967         816         178       28663       28817
Swap:          2147         438        1708
Total:        35595        4406        2525

              total        used        free      shared  buff/cache   available
Mem:          33447        4091         688         178       28666       28692
Swap:          2147         438        1708
Total:        35595        4530        2397

              total        used        free      shared  buff/cache   available
Mem:          33447        4127         653         178       28666       28657
Swap:          2147         438        1708
Total:        35595        4566        2362

              total        used        free      shared  buff/cache   available
Mem:          33447        4115         665         178       28666       28669
Swap:          2147         438        1708
Total:        35595        4553        2374

              total        used        free      shared  buff/cache   available
Mem:          33447        4071         784         178       28591       28713
Swap:          2147         438        1708
Total:        35595        4510        2493

              total        used        free      shared  buff/cache   available
Mem:          33447        3991         864         178       28591       28792
Swap:          2147         438        1708
Total:        35595        4430        2572

              total        used        free      shared  buff/cache   available
Mem:          33447        4083         775         178       28588       28701
Swap:          2147         438        1708
Total:        35595        4522        2484

              total        used        free      shared  buff/cache   available
Mem:          33447        4083         769         178       28593       28700
Swap:          2147         438        1708
Total:        35595        4522        2478

              total        used        free      shared  buff/cache   available
Mem:          33447        4083         769         178       28593       28700
Swap:          2147         438        1708
Total:        35595        4522        2478

              total        used        free      shared  buff/cache   available
Mem:          33447        3995         857         178       28593       28788
Swap:          2147         438        1708
Total:        35595        4434        2566

              total        used        free      shared  buff/cache   available
Mem:          33447        3995         858         178       28593       28789
Swap:          2147         438        1708
Total:        35595        4434        2566

              total        used        free      shared  buff/cache   available
Mem:          33447        3994         858         178       28593       28789
Swap:          2147         438        1708
Total:        35595        4433        2567

              total        used        free      shared  buff/cache   available
Mem:          33447        4107         748         178       28591       28677
Swap:          2147         438        1708
Total:        35595        4546        2456

              total        used        free      shared  buff/cache   available
Mem:          33447        4072         781         178       28594       28712
Swap:          2147         438        1708
Total:        35595        4511        2489

              total        used        free      shared  buff/cache   available
Mem:          33447        4074         779         178       28594       28710
Swap:          2147         438        1708
Total:        35595        4513        2487

              total        used        free      shared  buff/cache   available
Mem:          33447        3986         866         178       28594       28798
Swap:          2147         438        1708
Total:        35595        4425        2575

              total        used        free      shared  buff/cache   available
Mem:          33447        3988         865         178       28594       28796
Swap:          2147         438        1708
Total:        35595        4426        2573

              total        used        free      shared  buff/cache   available
Mem:          33447        3988         864         178       28594       28796
Swap:          2147         438        1708
Total:        35595        4427        2573

              total        used        free      shared  buff/cache   available
Mem:          33447        4063         789         178       28594       28721
Swap:          2147         438        1708
Total:        35595        4502        2498

              total        used        free      shared  buff/cache   available
Mem:          33447        4067         785         178       28594       28717
Swap:          2147         438        1708
Total:        35595        4506        2494

              total        used        free      shared  buff/cache   available
Mem:          33447        4068         783         178       28594       28715
Swap:          2147         438        1708
Total:        35595        4507        2492

              total        used        free      shared  buff/cache   available
Mem:          33447        3976         875         178       28594       28807
Swap:          2147         438        1708
Total:        35595        4415        2584

              total        used        free      shared  buff/cache   available
Mem:          33447        3978         874         178       28594       28806
Swap:          2147         438        1708
Total:        35595        4416        2583

              total        used        free      shared  buff/cache   available
Mem:          33447        3942         909         178       28594       28841
Swap:          2147         438        1708
Total:        35595        4381        2618

              total        used        free      shared  buff/cache   available
Mem:          33447        4059         793         178       28594       28725
Swap:          2147         438        1708
Total:        35595        4498        2502

              total        used        free      shared  buff/cache   available
Mem:          33447        4063         789         178       28594       28721
Swap:          2147         438        1708
Total:        35595        4502        2497

              total        used        free      shared  buff/cache   available
Mem:          33447        4064         784         181       28598       28716
Swap:          2147         438        1708
Total:        35595        4503        2493

              total        used        free      shared  buff/cache   available
Mem:          33447        3993         855         181       28598       28787
Swap:          2147         438        1708
Total:        35595        4432        2564

              total        used        free      shared  buff/cache   available
Mem:          33447        3951         897         181       28598       28829
Swap:          2147         438        1708
Total:        35595        4390        2606

              total        used        free      shared  buff/cache   available
Mem:          33447        3989         862         181       28595       28792
Swap:          2147         438        1708
Total:        35595        4428        2571

              total        used        free      shared  buff/cache   available
Mem:          33447        4025         823         181       28598       28755
Swap:          2147         438        1708
Total:        35595        4464        2531

              total        used        free      shared  buff/cache   available
Mem:          33447        4029         823         178       28595       28755
Swap:          2147         438        1708
Total:        35595        4467        2531

              total        used        free      shared  buff/cache   available
Mem:          33447        4032         819         178       28595       28752
Swap:          2147         438        1708
Total:        35595        4471        2528

              total        used        free      shared  buff/cache   available
Mem:          33447        3942         909         178       28595       28842
Swap:          2147         438        1708
Total:        35595        4381        2618

              total        used        free      shared  buff/cache   available
Mem:          33447        3943         909         178       28595       28841
Swap:          2147         438        1708
Total:        35595        4382        2617

              total        used        free      shared  buff/cache   available
Mem:          33447        4000         854         178       28592       28783
Swap:          2147         438        1708
Total:        35595        4439        2563

              total        used        free      shared  buff/cache   available
Mem:          33447        4027         824         178       28595       28756
Swap:          2147         438        1708
Total:        35595        4466        2532

              total        used        free      shared  buff/cache   available
Mem:          33447        4029         822         178       28595       28754
Swap:          2147         438        1708
Total:        35595        4468        2530

              total        used        free      shared  buff/cache   available
Mem:          33447        4033         818         178       28595       28751
Swap:          2147         438        1708
Total:        35595        4471        2527

              total        used        free      shared  buff/cache   available
Mem:          33447        3952         899         178       28595       28831
Swap:          2147         438        1708
Total:        35595        4391        2608

              total        used        free      shared  buff/cache   available
Mem:          33447        3951         900         178       28595       28832
Swap:          2147         438        1708
Total:        35595        4390        2609

              total        used        free      shared  buff/cache   available
Mem:          33447        4051         802         178       28593       28732
Swap:          2147         438        1708
Total:        35595        4490        2511

              total        used        free      shared  buff/cache   available
Mem:          33447        4020         831         178       28595       28764
Swap:          2147         438        1708
Total:        35595        4458        2540

              total        used        free      shared  buff/cache   available
Mem:          33447        4025         826         178       28595       28759
Swap:          2147         438        1708
Total:        35595        4464        2535

              total        used        free      shared  buff/cache   available
Mem:          33447        3945         906         178       28595       28839
Swap:          2147         438        1708
Total:        35595        4383        2615

              total        used        free      shared  buff/cache   available
Mem:          33447        3943         907         178       28595       28840
Swap:          2147         438        1708
Total:        35595        4382        2616

              total        used        free      shared  buff/cache   available
Mem:          33447        3943         908         178       28595       28840
Swap:          2147         438        1708
Total:        35595        4382        2616

              total        used        free      shared  buff/cache   available
Mem:          33447        4026         825         178       28595       28758
Swap:          2147         438        1708
Total:        35595        4465        2534

              total        used        free      shared  buff/cache   available
Mem:          33447        4028         822         178       28596       28755
Swap:          2147         438        1708
Total:        35595        4467        2531

              total        used        free      shared  buff/cache   available
Mem:          33447        4033         818         178       28596       28751
Swap:          2147         438        1708
Total:        35595        4471        2527

              total        used        free      shared  buff/cache   available
Mem:          33447        3960         890         178       28596       28823
Swap:          2147         438        1708
Total:        35595        4399        2599

              total        used        free      shared  buff/cache   available
Mem:          33447        3954         896         178       28596       28829
Swap:          2147         438        1708
Total:        35595        4393        2605

              total        used        free      shared  buff/cache   available
Mem:          33447        3906         945         178       28596       28877
Swap:          2147         438        1708
Total:        35595        4345        2653

              total        used        free      shared  buff/cache   available
Mem:          33447        4035         815         178       28596       28748
Swap:          2147         438        1708
Total:        35595        4474        2524

              total        used        free      shared  buff/cache   available
Mem:          33447        4036         815         178       28596       28748
Swap:          2147         438        1708
Total:        35595        4474        2523

              total        used        free      shared  buff/cache   available
Mem:          33447        4033         814         181       28599       28747
Swap:          2147         438        1708
Total:        35595        4472        2523

              total        used        free      shared  buff/cache   available
Mem:          33447        3959         888         182       28599       28821
Swap:          2147         438        1708
Total:        35595        4398        2596

              total        used        free      shared  buff/cache   available
Mem:          33447        3958         889         182       28599       28822
Swap:          2147         438        1708
Total:        35595        4397        2598

              total        used        free      shared  buff/cache   available
Mem:          33447        3998         854         179       28593       28784
Swap:          2147         438        1708
Total:        35595        4437        2563

              total        used        free      shared  buff/cache   available
Mem:          33447        4016         837         176       28593       28770
Swap:          2147         438        1708
Total:        35595        4455        2546

              total        used        free      shared  buff/cache   available
Mem:          33447        4016         837         176       28593       28770
Swap:          2147         438        1708
Total:        35595        4454        2546

              total        used        free      shared  buff/cache   available
Mem:          33447        4019         833         176       28593       28767
Swap:          2147         438        1708
Total:        35595        4458        2542

              total        used        free      shared  buff/cache   available
Mem:          33447        3946         907         176       28593       28840
Swap:          2147         438        1708
Total:        35595        4385        2615

              total        used        free      shared  buff/cache   available
Mem:          33447        3944         908         176       28593       28842
Swap:          2147         438        1708
Total:        35595        4383        2617

              total        used        free      shared  buff/cache   available
Mem:          33447        4012         843         176       28591       28774
Swap:          2147         438        1708
Total:        35595        4451        2551

              total        used        free      shared  buff/cache   available
Mem:          33447        4011         842         176       28594       28775
Swap:          2147         438        1708
Total:        35595        4449        2550

              total        used        free      shared  buff/cache   available
Mem:          33447        4013         840         176       28594       28773
Swap:          2147         438        1708
Total:        35595        4451        2548

              total        used        free      shared  buff/cache   available
Mem:          33447        3945         907         176       28594       28841
Swap:          2147         438        1708
Total:        35595        4384        2616

              total        used        free      shared  buff/cache   available
Mem:          33447        3942         910         176       28594       28844
Swap:          2147         438        1708
Total:        35595        4381        2618

              total        used        free      shared  buff/cache   available
Mem:          33447        3941         911         176       28594       28845
Swap:          2147         438        1708
Total:        35595        4380        2619

              total        used        free      shared  buff/cache   available
Mem:          33447        4010         843         176       28593       28776
Swap:          2147         438        1708
Total:        35595        4449        2551

              total        used        free      shared  buff/cache   available
Mem:          33447        4013         839         176       28594       28773
Swap:          2147         438        1708
Total:        35595        4452        2548

              total        used        free      shared  buff/cache   available
Mem:          33447        4012         840         176       28594       28774
Swap:          2147         438        1708
Total:        35595        4451        2549

              total        used        free      shared  buff/cache   available
Mem:          33447        3941         911         176       28594       28845
Swap:          2147         438        1708
Total:        35595        4380        2620

              total        used        free      shared  buff/cache   available
Mem:          33447        3940         912         176       28594       28846
Swap:          2147         438        1708
Total:        35595        4379        2621

              total        used        free      shared  buff/cache   available
Mem:          33447        3937         915         176       28594       28849
Swap:          2147         438        1708
Total:        35595        4376        2624

              total        used        free      shared  buff/cache   available
Mem:          33447        4011         841         176       28594       28775
Swap:          2147         438        1708
Total:        35595        4450        2550

              total        used        free      shared  buff/cache   available
Mem:          33447        4014         838         176       28594       28772
Swap:          2147         438        1708
Total:        35595        4453        2547

              total        used        free      shared  buff/cache   available
Mem:          33447        4014         838         176       28594       28771
Swap:          2147         438        1708
Total:        35595        4453        2546

              total        used        free      shared  buff/cache   available
Mem:          33447        3946         906         176       28594       28840
Swap:          2147         438        1708
Total:        35595        4385        2615

              total        used        free      shared  buff/cache   available
Mem:          33447        3943         909         176       28594       28843
Swap:          2147         438        1708
Total:        35595        4382        2618

              total        used        free      shared  buff/cache   available
Mem:          33447        3904         951         176       28591       28882
Swap:          2147         438        1708
Total:        35595        4343        2659

              total        used        free      shared  buff/cache   available
Mem:          33447        4009         843         176       28594       28777
Swap:          2147         438        1708
Total:        35595        4448        2551

              total        used        free      shared  buff/cache   available
Mem:          33447        3989         871         168       28586       28805
Swap:          2147         438        1708
Total:        35595        4428        2580

              total        used        free      shared  buff/cache   available
Mem:          33447        3991         869         168       28586       28803
Swap:          2147         438        1708
Total:        35595        4430        2577

              total        used        free      shared  buff/cache   available
Mem:          33447        3918         941         168       28586       28876
Swap:          2147         438        1708
Total:        35595        4357        2650

              total        used        free      shared  buff/cache   available
Mem:          33447        3916         944         168       28586       28878
Swap:          2147         438        1708
Total:        35595        4355        2653

              total        used        free      shared  buff/cache   available
Mem:          33447        3962         897         171       28587       28829
Swap:          2147         438        1708
Total:        35595        4401        2606

              total        used        free      shared  buff/cache   available
Mem:          33447        3982         874         171       28590       28809
Swap:          2147         438        1708
Total:        35595        4421        2583

              total        used        free      shared  buff/cache   available
Mem:          33447        3984         872         171       28590       28807
Swap:          2147         438        1708
Total:        35595        4423        2581

              total        used        free      shared  buff/cache   available
Mem:          33447        3988         869         171       28590       28803
Swap:          2147         438        1708
Total:        35595        4426        2577

              total        used        free      shared  buff/cache   available
Mem:          33447        3915         945         168       28586       28879
Swap:          2147         438        1708
Total:        35595        4353        2654

              total        used        free      shared  buff/cache   available
Mem:          33447        3910         950         168       28587       28884
Swap:          2147         438        1708
Total:        35595        4349        2658

              total        used        free      shared  buff/cache   available
Mem:          33447        3981         881         168       28584       28813
Swap:          2147         438        1708
Total:        35595        4420        2590

              total        used        free      shared  buff/cache   available
Mem:          33447        3991         868         168       28586       28803
Swap:          2147         438        1708
Total:        35595        4430        2577

              total        used        free      shared  buff/cache   available
Mem:          33447        3993         867         168       28586       28801
Swap:          2147         438        1708
Total:        35595        4432        2575

              total        used        free      shared  buff/cache   available
Mem:          33447        3921         939         168       28586       28873
Swap:          2147         438        1708
Total:        35595        4360        2647

              total        used        free      shared  buff/cache   available
Mem:          33447        3921         939         168       28586       28873
Swap:          2147         438        1708
Total:        35595        4359        2648

              total        used        free      shared  buff/cache   available
Mem:          33447        3921         939         168       28586       28873
Swap:          2147         438        1708
Total:        35595        4360        2647

              total        used        free      shared  buff/cache   available
Mem:          33447        3989         870         168       28586       28804
Swap:          2147         438        1708
Total:        35595        4428        2579

              total        used        free      shared  buff/cache   available
Mem:          33447        3992         868         168       28587       28802
Swap:          2147         438        1708
Total:        35595        4430        2576

              total        used        free      shared  buff/cache   available
Mem:          33447        3993         866         168       28587       28800
Swap:          2147         438        1708
Total:        35595        4432        2575

              total        used        free      shared  buff/cache   available
Mem:          33447        3920         939         168       28587       28874
Swap:          2147         438        1708
Total:        35595        4359        2648

              total        used        free      shared  buff/cache   available
Mem:          33447        3914         945         168       28587       28880
Swap:          2147         438        1708
Total:        35595        4353        2654

              total        used        free      shared  buff/cache   available
Mem:          33447        3880         979         168       28587       28914
Swap:          2147         438        1708
Total:        35595        4319        2688

              total        used        free      shared  buff/cache   available
Mem:          33447        3980         879         168       28587       28814
Swap:          2147         438        1708
Total:        35595        4419        2588

              total        used        free      shared  buff/cache   available
Mem:          33447        3982         877         168       28587       28812
Swap:          2147         438        1708
Total:        35595        4421        2586

              total        used        free      shared  buff/cache   available
Mem:          33447        3985         874         168       28587       28809
Swap:          2147         438        1708
Total:        35595        4424        2583

              total        used        free      shared  buff/cache   available
Mem:          33447        3913         946         168       28587       28881
Swap:          2147         438        1708
Total:        35595        4352        2655

              total        used        free      shared  buff/cache   available
Mem:          33447        3913         946         168       28587       28881
Swap:          2147         438        1708
Total:        35595        4352        2655

              total        used        free      shared  buff/cache   available
Mem:          33447        3877         984         168       28585       28917
Swap:          2147         438        1708
Total:        35595        4316        2693

              total        used        free      shared  buff/cache   available
Mem:          33447        3986         874         168       28587       28808
Swap:          2147         438        1708
Total:        35595        4424        2583

              total        used        free      shared  buff/cache   available
Mem:          33447        3988         872         168       28587       28806
Swap:          2147         438        1708
Total:        35595        4427        2580

              total        used        free      shared  buff/cache   available
Mem:          33447        3993         867         168       28587       28801
Swap:          2147         438        1708
Total:        35595        4432        2576

              total        used        free      shared  buff/cache   available
Mem:          33447        3922         938         168       28587       28872
Swap:          2147         438        1708
Total:        35595        4361        2646

              total        used        free      shared  buff/cache   available
Mem:          33447        3921         938         168       28587       28872
Swap:          2147         438        1708
Total:        35595        4360        2647

              total        used        free      shared  buff/cache   available
Mem:          33447        3966         894         171       28586       28825
Swap:          2147         438        1708
Total:        35595        4404        2603

              total        used        free      shared  buff/cache   available
Mem:          33447        3993         863         171       28590       28798
Swap:          2147         438        1708
Total:        35595        4432        2572

              total        used        free      shared  buff/cache   available
Mem:          33447        3993         863         171       28590       28797
Swap:          2147         438        1708
Total:        35595        4432        2572

              total        used        free      shared  buff/cache   available
Mem:          33447        3995         861         171       28590       28796
Swap:          2147         438        1708
Total:        35595        4434        2570

              total        used        free      shared  buff/cache   available
Mem:          33447        3914         945         168       28587       28880
Swap:          2147         438        1708
Total:        35595        4353        2654

              total        used        free      shared  buff/cache   available
Mem:          33447        3914         946         168       28587       28880
Swap:          2147         438        1708
Total:        35595        4353        2654

              total        used        free      shared  buff/cache   available
Mem:          33447        4000         862         168       28584       28794
Swap:          2147         438        1708
Total:        35595        4439        2570

              total        used        free      shared  buff/cache   available
Mem:          33447        3978         881         168       28587       28816
Swap:          2147         438        1708
Total:        35595        4417        2590

              total        used        free      shared  buff/cache   available
Mem:          33447        3981         878         168       28587       28812
Swap:          2147         438        1708
Total:        35595        4420        2587

              total        used        free      shared  buff/cache   available
Mem:          33447        3914         945         168       28587       28879
Swap:          2147         438        1708
Total:        35595        4353        2653

              total        used        free      shared  buff/cache   available
Mem:          33447        3912         947         168       28587       28882
Swap:          2147         438        1708
Total:        35595        4350        2656

              total        used        free      shared  buff/cache   available
Mem:          33447        3912         947         168       28587       28882
Swap:          2147         438        1708
Total:        35595        4351        2656

              total        used        free      shared  buff/cache   available
Mem:          33447        3989         871         168       28586       28805
Swap:          2147         438        1708
Total:        35595        4428        2579

              total        used        free      shared  buff/cache   available
Mem:          33447        3989         870         168       28587       28805
Swap:          2147         438        1708
Total:        35595        4428        2579

              total        used        free      shared  buff/cache   available
Mem:          33447        3993         867         168       28587       28801
Swap:          2147         438        1708
Total:        35595        4431        2575

              total        used        free      shared  buff/cache   available
Mem:          33447        3911         948         168       28587       28883
Swap:          2147         438        1708
Total:        35595        4350        2657

              total        used        free      shared  buff/cache   available
Mem:          33447        3910         949         168       28587       28884
Swap:          2147         438        1708
Total:        35595        4349        2658

              total        used        free      shared  buff/cache   available
Mem:          33447        3869         990         168       28587       28924
Swap:          2147         438        1708
Total:        35595        4308        2698

              total        used        free      shared  buff/cache   available
Mem:          33447        3983         876         168       28587       28810
Swap:          2147         438        1708
Total:        35595        4422        2585

              total        used        free      shared  buff/cache   available
Mem:          33447        3986         873         168       28587       28808
Swap:          2147         438        1708
Total:        35595        4425        2582

              total        used        free      shared  buff/cache   available
Mem:          33447        3987         872         168       28587       28806
Swap:          2147         438        1708
Total:        35595        4426        2580

              total        used        free      shared  buff/cache   available
Mem:          33447        3917         942         168       28587       28876
Swap:          2147         438        1708
Total:        35595        4356        2651

              total        used        free      shared  buff/cache   available
Mem:          33447        3916         943         168       28587       28878
Swap:          2147         438        1708
Total:        35595        4355        2652

              total        used        free      shared  buff/cache   available
Mem:          33447        3868         993         168       28585       28925
Swap:          2147         438        1708
Total:        35595        4307        2701

              total        used        free      shared  buff/cache   available
Mem:          33447        3988         871         168       28587       28806
Swap:          2147         438        1708
Total:        35595        4427        2580

              total        used        free      shared  buff/cache   available
Mem:          33447        3991         868         168       28587       28802
Swap:          2147         438        1708
Total:        35595        4430        2576

              total        used        free      shared  buff/cache   available
Mem:          33447        3991         868         168       28587       28802
Swap:          2147         438        1708
Total:        35595        4430        2576

              total        used        free      shared  buff/cache   available
Mem:          33447        3915         944         168       28587       28878
Swap:          2147         438        1708
Total:        35595        4354        2652

              total        used        free      shared  buff/cache   available
Mem:          33447        3912         947         168       28587       28881
Swap:          2147         438        1708
Total:        35595        4351        2655

              total        used        free      shared  buff/cache   available
Mem:          33447        3950         912         168       28584       28844
Swap:          2147         438        1708
Total:        35595        4389        2620

              total        used        free      shared  buff/cache   available
Mem:          33447        3978         877         171       28591       28812
Swap:          2147         438        1708
Total:        35595        4417        2586

              total        used        free      shared  buff/cache   available
Mem:          33447        3980         875         171       28591       28811
Swap:          2147         438        1708
Total:        35595        4419        2584

              total        used        free      shared  buff/cache   available
Mem:          33447        3983         872         171       28591       28807
Swap:          2147         438        1708
Total:        35595        4422        2580

              total        used        free      shared  buff/cache   available
Mem:          33447        3918         941         168       28588       28876
Swap:          2147         438        1708
Total:        35595        4356        2649

              total        used        free      shared  buff/cache   available
Mem:          33447        3915         943         168       28588       28878
Swap:          2147         438        1708
Total:        35595        4354        2651

              total        used        free      shared  buff/cache   available
Mem:          33447        4020         841         168       28586       28774
Swap:          2147         438        1708
Total:        35595        4458        2550

              total        used        free      shared  buff/cache   available
Mem:          33447        3984         873         168       28588       28809
Swap:          2147         438        1708
Total:        35595        4423        2582

              total        used        free      shared  buff/cache   available
Mem:          33447        3986         872         168       28588       28807
Swap:          2147         438        1708
Total:        35595        4425        2580

              total        used        free      shared  buff/cache   available
Mem:          33447        3905         953         168       28588       28888
Swap:          2147         438        1708
Total:        35595        4344        2661

              total        used        free      shared  buff/cache   available
Mem:          33447        3906         952         168       28588       28888
Swap:          2147         438        1708
Total:        35595        4345        2661

              total        used        free      shared  buff/cache   available
Mem:          33447        3906         952         168       28588       28887
Swap:          2147         438        1708
Total:        35595        4345        2660

              total        used        free      shared  buff/cache   available
Mem:          33447        3964         894         168       28588       28829
Swap:          2147         438        1708
Total:        35595        4403        2602

              total        used        free      shared  buff/cache   available
Mem:          33447        3968         890         168       28588       28826
Swap:          2147         438        1708
Total:        35595        4407        2598

              total        used        free      shared  buff/cache   available
Mem:          33447        3969         888         168       28588       28824
Swap:          2147         438        1708
Total:        35595        4408        2597

              total        used        free      shared  buff/cache   available
Mem:          33447        3910         948         168       28588       28883
Swap:          2147         438        1708
Total:        35595        4349        2656

              total        used        free      shared  buff/cache   available
Mem:          33447        3908         950         168       28588       28885
Swap:          2147         438        1708
Total:        35595        4347        2658

              total        used        free      shared  buff/cache   available
Mem:          33447        3871         987         168       28588       28922
Swap:          2147         438        1708
Total:        35595        4310        2695

              total        used        free      shared  buff/cache   available
Mem:          33447        3980         877         168       28588       28813
Swap:          2147         438        1708
Total:        35595        4419        2586

              total        used        free      shared  buff/cache   available
Mem:          33447        3985         873         168       28588       28809
Swap:          2147         438        1708
Total:        35595        4423        2582

              total        used        free      shared  buff/cache   available
Mem:          33447        3986         871         168       28588       28807
Swap:          2147         438        1708
Total:        35595        4425        2580

              total        used        free      shared  buff/cache   available
Mem:          33447        3909         949         168       28588       28885
Swap:          2147         438        1708
Total:        35595        4347        2658

              total        used        free      shared  buff/cache   available
Mem:          33447        3908         950         168       28588       28885
Swap:          2147         438        1708
Total:        35595        4347        2658

              total        used        free      shared  buff/cache   available
Mem:          33447        3964         897         168       28585       28830
Swap:          2147         438        1708
Total:        35595        4403        2605

              total        used        free      shared  buff/cache   available
Mem:          33447        3976         881         168       28589       28817
Swap:          2147         438        1708
Total:        35595        4415        2590

              total        used        free      shared  buff/cache   available
Mem:          33447        3978         879         168       28589       28815
Swap:          2147         438        1708
Total:        35595        4417        2588

              total        used        free      shared  buff/cache   available
Mem:          33447        3979         878         168       28589       28814
Swap:          2147         438        1708
Total:        35595        4418        2586

              total        used        free      shared  buff/cache   available
Mem:          33447        3908         949         168       28589       28885
Swap:          2147         438        1708
Total:        35595        4347        2657

              total        used        free      shared  buff/cache   available
Mem:          33447        3908         949         168       28589       28885
Swap:          2147         438        1708
Total:        35595        4347        2657

              total        used        free      shared  buff/cache   available
Mem:          33447        3969         894         166       28584       28827
Swap:          2147         438        1708
Total:        35595        4408        2602

              total        used        free      shared  buff/cache   available
Mem:          33447        3980         874         172       28592       28810
Swap:          2147         438        1708
Total:        35595        4419        2583

              total        used        free      shared  buff/cache   available
Mem:          33447        3984         870         172       28592       28806
Swap:          2147         438        1708
Total:        35595        4423        2578

              total        used        free      shared  buff/cache   available
Mem:          33447        4035         819         172       28592       28755
Swap:          2147         438        1708
Total:        35595        4474        2527

              total        used        free      shared  buff/cache   available
Mem:          33447        3953         900         172       28593       28837
Swap:          2147         438        1708
Total:        35595        4392        2609

              total        used        free      shared  buff/cache   available
Mem:          33447        3951         903         171       28593       28840
Swap:          2147         438        1708
Total:        35595        4390        2611

              total        used        free      shared  buff/cache   available
Mem:          33447        4074         785         168       28587       28719
Swap:          2147         438        1708
Total:        35595        4513        2494

              total        used        free      shared  buff/cache   available
Mem:          33447        4031         826         168       28589       28763
Swap:          2147         438        1708
Total:        35595        4469        2535

              total        used        free      shared  buff/cache   available
Mem:          33447        4033         824         168       28589       28760
Swap:          2147         438        1708
Total:        35595        4472        2533

              total        used        free      shared  buff/cache   available
Mem:          33447        3964         892         168       28589       28829
Swap:          2147         438        1708
Total:        35595        4403        2601

              total        used        free      shared  buff/cache   available
Mem:          33447        3963         893         168       28589       28830
Swap:          2147         438        1708
Total:        35595        4402        2602

              total        used        free      shared  buff/cache   available
Mem:          33447        3962         894         168       28589       28831
Swap:          2147         438        1708
Total:        35595        4401        2603

              total        used        free      shared  buff/cache   available
Mem:          33447        4033         824         169       28589       28760
Swap:          2147         438        1708
Total:        35595        4472        2533

              total        used        free      shared  buff/cache   available
Mem:          33447        4037         820         169       28589       28756
Swap:          2147         438        1708
Total:        35595        4476        2529

              total        used        free      shared  buff/cache   available
Mem:          33447        4040         816         169       28589       28753
Swap:          2147         438        1708
Total:        35595        4479        2525

              total        used        free      shared  buff/cache   available
Mem:          33447        3964         892         169       28589       28829
Swap:          2147         438        1708
Total:        35595        4403        2601

              total        used        free      shared  buff/cache   available
Mem:          33447        3964         893         169       28589       28829
Swap:          2147         438        1708
Total:        35595        4403        2601

              total        used        free      shared  buff/cache   available
Mem:          33447        3964         896         169       28586       28829
Swap:          2147         438        1708
Total:        35595        4403        2604

              total        used        free      shared  buff/cache   available
Mem:          33447        4031         826         169       28590       28763
Swap:          2147         438        1708
Total:        35595        4469        2534

              total        used        free      shared  buff/cache   available
Mem:          33447        4033         823         169       28590       28760
Swap:          2147         438        1708
Total:        35595        4472        2532

              total        used        free      shared  buff/cache   available
Mem:          33447        4034         822         169       28590       28759
Swap:          2147         438        1708
Total:        35595        4473        2531

              total        used        free      shared  buff/cache   available
Mem:          33447        3963         893         169       28590       28830
Swap:          2147         438        1708
Total:        35595        4402        2602

              total        used        free      shared  buff/cache   available
Mem:          33447        3960         897         169       28590       28834
Swap:          2147         438        1708
Total:        35595        4398        2605

              total        used        free      shared  buff/cache   available
Mem:          33447        4014         846         168       28586       28780
Swap:          2147         438        1708
Total:        35595        4453        2555

              total        used        free      shared  buff/cache   available
Mem:          33447        4024         833         168       28589       28770
Swap:          2147         438        1708
Total:        35595        4463        2541

              total        used        free      shared  buff/cache   available
Mem:          33447        4029         828         168       28589       28765
Swap:          2147         438        1708
Total:        35595        4468        2537

              total        used        free      shared  buff/cache   available
Mem:          33447        4030         827         168       28589       28764
Swap:          2147         438        1708
Total:        35595        4469        2535

              total        used        free      shared  buff/cache   available
Mem:          33447        3959         898         168       28589       28835
Swap:          2147         438        1708
Total:        35595        4398        2606

              total        used        free      shared  buff/cache   available
Mem:          33447        3957         900         168       28589       28837
Swap:          2147         438        1708
Total:        35595        4396        2609

              total        used        free      shared  buff/cache   available
Mem:          33447        4059         800         168       28587       28735
Swap:          2147         438        1708
Total:        35595        4498        2509

              total        used        free      shared  buff/cache   available
Mem:          33447        4022         834         168       28590       28772
Swap:          2147         438        1708
Total:        35595        4461        2543

              total        used        free      shared  buff/cache   available
Mem:          33447        4023         834         168       28589       28771
Swap:          2147         438        1708
Total:        35595        4462        2542

              total        used        free      shared  buff/cache   available
Mem:          33447        3959         895         171       28593       28832
Swap:          2147         438        1708
Total:        35595        4397        2603

              total        used        free      shared  buff/cache   available
Mem:          33447        3958         895         171       28593       28833
Swap:          2147         438        1708
Total:        35595        4397        2604

              total        used        free      shared  buff/cache   available
Mem:          33447        3957         897         171       28593       28834
Swap:          2147         438        1708
Total:        35595        4396        2605

              total        used        free      shared  buff/cache   available
Mem:          33447        4046         807         171       28592       28745
Swap:          2147         438        1708
Total:        35595        4485        2516

              total        used        free      shared  buff/cache   available
Mem:          33447        4051         806         168       28589       28743
Swap:          2147         438        1708
Total:        35595        4490        2514

              total        used        free      shared  buff/cache   available
Mem:          33447        4052         808         165       28587       28745
Swap:          2147         438        1708
Total:        35595        4491        2516

              total        used        free      shared  buff/cache   available
Mem:          33447        3960         900         165       28587       28837
Swap:          2147         438        1708
Total:        35595        4398        2608

              total        used        free      shared  buff/cache   available
Mem:          33447        3957         903         165       28587       28840
Swap:          2147         438        1708
Total:        35595        4396        2611

              total        used        free      shared  buff/cache   available
Mem:          33447        3920         940         165       28587       28877
Swap:          2147         438        1708
Total:        35595        4358        2649

              total        used        free      shared  buff/cache   available
Mem:          33447        4026         833         165       28587       28770
Swap:          2147         438        1708
Total:        35595        4465        2541

              total        used        free      shared  buff/cache   available
Mem:          33447        4028         831         165       28587       28768
Swap:          2147         438        1708
Total:        35595        4467        2539

              total        used        free      shared  buff/cache   available
Mem:          33447        4029         830         165       28587       28768
Swap:          2147         438        1708
Total:        35595        4468        2539

              total        used        free      shared  buff/cache   available
Mem:          33447        3859        1002         163       28585       28940
Swap:          2147         438        1708
Total:        35595        4298        2711

              total        used        free      shared  buff/cache   available
Mem:          33447        3884         978         162       28583       28916
Swap:          2147         438        1708
Total:        35595        4323        2687

              total        used        free      shared  buff/cache   available
Mem:          33447        3901         965         162       28581       28899
Swap:          2147         438        1708
Total:        35595        4340        2673

              total        used        free      shared  buff/cache   available
Mem:          33447        3974         885         165       28587       28823
Swap:          2147         438        1708
Total:        35595        4412        2594

              total        used        free      shared  buff/cache   available
Mem:          33447        3978         878         167       28589       28816
Swap:          2147         438        1708
Total:        35595        4417        2587

              total        used        free      shared  buff/cache   available
Mem:          33447        4076         783         165       28587       28721
Swap:          2147         438        1708
Total:        35595        4515        2492

              total        used        free      shared  buff/cache   available
Mem:          33447        4005         853         165       28587       28791
Swap:          2147         438        1708
Total:        35595        4444        2562

              total        used        free      shared  buff/cache   available
Mem:          33447        4003         855         165       28587       28793
Swap:          2147         438        1708
Total:        35595        4442        2564

              total        used        free      shared  buff/cache   available
Mem:          33447        4104         757         165       28584       28692
Swap:          2147         438        1708
Total:        35595        4543        2466

              total        used        free      shared  buff/cache   available
Mem:          33447        4056         802         165       28587       28740
Swap:          2147         438        1708
Total:        35595        4495        2511

              total        used        free      shared  buff/cache   available
Mem:          33447        4059         800         165       28587       28738
Swap:          2147         438        1708
Total:        35595        4498        2508

              total        used        free      shared  buff/cache   available
Mem:          33447        4057         802         165       28587       28740
Swap:          2147         438        1708
Total:        35595        4496        2510

              total        used        free      shared  buff/cache   available
Mem:          33447        3986         873         165       28587       28811
Swap:          2147         438        1708
Total:        35595        4425        2582

              total        used        free      shared  buff/cache   available
Mem:          33447        3983         875         165       28587       28813
Swap:          2147         438        1708
Total:        35595        4422        2584

              total        used        free      shared  buff/cache   available
Mem:          33447        4082         779         165       28585       28715
Swap:          2147         438        1708
Total:        35595        4521        2488

              total        used        free      shared  buff/cache   available
Mem:          33447        4049         809         165       28587       28747
Swap:          2147         438        1708
Total:        35595        4488        2518

              total        used        free      shared  buff/cache   available
Mem:          33447        4052         807         165       28587       28744
Swap:          2147         438        1708
Total:        35595        4491        2515

              total        used        free      shared  buff/cache   available
Mem:          33447        3970         886         168       28590       28824
Swap:          2147         438        1708
Total:        35595        4409        2594

              total        used        free      shared  buff/cache   available
Mem:          33447        3973         883         168       28591       28821
Swap:          2147         438        1708
Total:        35595        4412        2591

              total        used        free      shared  buff/cache   available
Mem:          33447        3972         883         168       28591       28821
Swap:          2147         438        1708
Total:        35595        4411        2592

              total        used        free      shared  buff/cache   available
Mem:          33447        4043         813         168       28591       28751
Swap:          2147         438        1708
Total:        35595        4481        2522

              total        used        free      shared  buff/cache   available
Mem:          33447        4049         809         165       28588       28747
Swap:          2147         438        1708
Total:        35595        4488        2517

              total        used        free      shared  buff/cache   available
Mem:          33447        4055         803         165       28588       28741
Swap:          2147         438        1708
Total:        35595        4494        2512

              total        used        free      shared  buff/cache   available
Mem:          33447        3997         849         178       28600       28787
Swap:          2147         438        1708
Total:        35595        4436        2558

              total        used        free      shared  buff/cache   available
Mem:          33447        4001         845         178       28600       28783
Swap:          2147         438        1708
Total:        35595        4439        2554

              total        used        free      shared  buff/cache   available
Mem:          33447        3964         882         178       28600       28820
Swap:          2147         438        1708
Total:        35595        4403        2591

              total        used        free      shared  buff/cache   available
Mem:          33447        4074         772         178       28600       28710
Swap:          2147         438        1708
Total:        35595        4513        2481

              total        used        free      shared  buff/cache   available
Mem:          33447        4077         769         178       28600       28707
Swap:          2147         438        1708
Total:        35595        4516        2478

              total        used        free      shared  buff/cache   available
Mem:          33447        4078         774         171       28594       28712
Swap:          2147         438        1708
Total:        35595        4517        2483

              total        used        free      shared  buff/cache   available
Mem:          33447        3990         863         170       28593       28801
Swap:          2147         438        1708
Total:        35595        4429        2572

              total        used        free      shared  buff/cache   available
Mem:          33447        3989         864         170       28593       28802
Swap:          2147         438        1708
Total:        35595        4428        2573

              total        used        free      shared  buff/cache   available
Mem:          33447        3918         938         170       28591       28874
Swap:          2147         438        1708
Total:        35595        4356        2646

              total        used        free      shared  buff/cache   available
Mem:          33447        4007         846         170       28593       28784
Swap:          2147         438        1708
Total:        35595        4446        2555

              total        used        free      shared  buff/cache   available
Mem:          33447        4009         844         170       28593       28782
Swap:          2147         438        1708
Total:        35595        4448        2553

              total        used        free      shared  buff/cache   available
Mem:          33447        4008         845         170       28593       28783
Swap:          2147         438        1708
Total:        35595        4447        2553

              total        used        free      shared  buff/cache   available
Mem:          33447        3921         932         170       28593       28870
Swap:          2147         438        1708
Total:        35595        4360        2641

              total        used        free      shared  buff/cache   available
Mem:          33447        3921         933         170       28593       28871
Swap:          2147         438        1708
Total:        35595        4359        2641

              total        used        free      shared  buff/cache   available
Mem:          33447        3871         988         168       28588       28923
Swap:          2147         438        1708
Total:        35595        4310        2696

              total        used        free      shared  buff/cache   available
Mem:          33447        3929         928         167       28590       28866
Swap:          2147         438        1708
Total:        35595        4368        2636

              total        used        free      shared  buff/cache   available
Mem:          33447        3929         927         167       28590       28866
Swap:          2147         438        1708
Total:        35595        4368        2636

              total        used        free      shared  buff/cache   available
Mem:          33447        3928         925         170       28593       28863
Swap:          2147         438        1708
Total:        35595        4367        2633

              total        used        free      shared  buff/cache   available
Mem:          33447        3855         998         170       28593       28936
Swap:          2147         438        1708
Total:        35595        4294        2706

              total        used        free      shared  buff/cache   available
Mem:          33447        3955         898         170       28593       28836
Swap:          2147         438        1708
Total:        35595        4394        2607

              total        used        free      shared  buff/cache   available
Mem:          33447        4101         754         170       28591       28690
Swap:          2147         438        1708
Total:        35595        4540        2462

              total        used        free      shared  buff/cache   available
Mem:          33447        4045         808         170       28594       28747
Swap:          2147         438        1708
Total:        35595        4484        2516

              total        used        free      shared  buff/cache   available
Mem:          33447        4022         831         171       28594       28769
Swap:          2147         438        1708
Total:        35595        4460        2539

              total        used        free      shared  buff/cache   available
Mem:          33447        3953         900         170       28594       28839
Swap:          2147         438        1708
Total:        35595        4391        2609

              total        used        free      shared  buff/cache   available
Mem:          33447        3948         905         170       28594       28844
Swap:          2147         438        1708
Total:        35595        4387        2613

              total        used        free      shared  buff/cache   available
Mem:          33447        3941         909         174       28597       28847
Swap:          2147         438        1708
Total:        35595        4379        2617

              total        used        free      shared  buff/cache   available
Mem:          33447        3899         954         174       28593       28890
Swap:          2147         438        1708
Total:        35595        4337        2663

              total        used        free      shared  buff/cache   available
Mem:          33447        3899         954         173       28593       28890
Swap:          2147         438        1708
Total:        35595        4337        2663

              total        used        free      shared  buff/cache   available
Mem:          33447        3899         957         170       28590       28892
Swap:          2147         438        1708
Total:        35595        4338        2665

              total        used        free      shared  buff/cache   available
Mem:          33447        3895         961         170       28590       28897
Swap:          2147         438        1708
Total:        35595        4333        2670

              total        used        free      shared  buff/cache   available
Mem:          33447        3894         962         170       28590       28897
Swap:          2147         438        1708
Total:        35595        4333        2671

              total        used        free      shared  buff/cache   available
Mem:          33447        3905         951         170       28590       28886
Swap:          2147         438        1708
Total:        35595        4344        2660

              total        used        free      shared  buff/cache   available
Mem:          33447        3906         950         170       28590       28886
Swap:          2147         438        1708
Total:        35595        4344        2659

              total        used        free      shared  buff/cache   available
Mem:          33447        3906         950         170       28590       28886
Swap:          2147         438        1708
Total:        35595        4345        2659

              total        used        free      shared  buff/cache   available
Mem:          33447        3906         950         170       28590       28886
Swap:          2147         438        1708
Total:        35595        4345        2659

              total        used        free      shared  buff/cache   available
Mem:          33447        3904         951         170       28590       28887
Swap:          2147         438        1708
Total:        35595        4343        2660
