               total        used        free      shared  buff/cache   available
Mem:           14514        4201         756         159        9556        9814
Swap:           2147           3        2144
Total:         16662        4205        2900

               total        used        free      shared  buff/cache   available
Mem:           14514        4201         756         159        9556        9815
Swap:           2147           3        2144
Total:         16662        4205        2900

               total        used        free      shared  buff/cache   available
Mem:           14514        4199         758         159        9556        9817
Swap:           2147           3        2144
Total:         16662        4202        2903

               total        used        free      shared  buff/cache   available
Mem:           14514        4196         761         159        9556        9819
Swap:           2147           3        2144
Total:         16662        4200        2905

               total        used        free      shared  buff/cache   available
Mem:           14514        4193         764         159        9556        9822
Swap:           2147           3        2144
Total:         16662        4197        2908

               total        used        free      shared  buff/cache   available
Mem:           14514        4186         771         159        9556        9830
Swap:           2147           3        2144
Total:         16662        4189        2915

               total        used        free      shared  buff/cache   available
Mem:           14514        4183         774         159        9556        9833
Swap:           2147           3        2144
Total:         16662        4186        2918

               total        used        free      shared  buff/cache   available
Mem:           14514        4192         757         168        9565        9816
Swap:           2147           3        2144
Total:         16662        4195        2901

               total        used        free      shared  buff/cache   available
Mem:           14514        4189         760         168        9565        9819
Swap:           2147           3        2144
Total:         16662        4192        2904

               total        used        free      shared  buff/cache   available
Mem:           14514        4186         763         168        9565        9822
Swap:           2147           3        2144
Total:         16662        4189        2907

               total        used        free      shared  buff/cache   available
Mem:           14514        4182         766         168        9565        9825
Swap:           2147           3        2144
Total:         16662        4186        2910

               total        used        free      shared  buff/cache   available
Mem:           14514        4332         615         168        9566        9675
Swap:           2147           3        2144
Total:         16662        4335        2759

               total        used        free      shared  buff/cache   available
Mem:           14514        4325         616         171        9572        9679
Swap:           2147           3        2144
Total:         16662        4328        2760

               total        used        free      shared  buff/cache   available
Mem:           14514        4320         621         171        9572        9684
Swap:           2147           3        2144
Total:         16662        4323        2765

               total        used        free      shared  buff/cache   available
Mem:           14514        4290         651         171        9572        9714
Swap:           2147           3        2144
Total:         16662        4293        2795

               total        used        free      shared  buff/cache   available
Mem:           14514        4275         669         168        9569        9732
Swap:           2147           3        2144
Total:         16662        4279        2813

               total        used        free      shared  buff/cache   available
Mem:           14514        4247         697         168        9569        9760
Swap:           2147           3        2144
Total:         16662        4251        2841

               total        used        free      shared  buff/cache   available
Mem:           14514        4323         624         168        9566        9684
Swap:           2147           3        2144
Total:         16662        4327        2768

               total        used        free      shared  buff/cache   available
Mem:           14514        4333         611         168        9569        9674
Swap:           2147           3        2144
Total:         16662        4337        2755

               total        used        free      shared  buff/cache   available
Mem:           14514        4340         604         168        9569        9668
Swap:           2147           3        2144
Total:         16662        4343        2749

               total        used        free      shared  buff/cache   available
Mem:           14514        4321         624         168        9569        9687
Swap:           2147           3        2144
Total:         16662        4324        2768

               total        used        free      shared  buff/cache   available
Mem:           14514        4280         664         168        9569        9727
Swap:           2147           3        2144
Total:         16662        4284        2808

               total        used        free      shared  buff/cache   available
Mem:           14514        4271         673         168        9569        9736
Swap:           2147           3        2144
Total:         16662        4275        2817

               total        used        free      shared  buff/cache   available
Mem:           14514        4289         658         168        9565        9718
Swap:           2147           3        2144
Total:         16662        4293        2802

               total        used        free      shared  buff/cache   available
Mem:           14514        4387         560         168        9567        9621
Swap:           2147           3        2144
Total:         16662        4390        2704

               total        used        free      shared  buff/cache   available
Mem:           14514        4413         531         168        9569        9595
Swap:           2147           3        2144
Total:         16662        4416        2675

               total        used        free      shared  buff/cache   available
Mem:           14514        4402         542         168        9569        9606
Swap:           2147           3        2144
Total:         16662        4405        2686

               total        used        free      shared  buff/cache   available
Mem:           14514        4345         599         168        9569        9663
Swap:           2147           3        2144
Total:         16662        4348        2743

               total        used        free      shared  buff/cache   available
Mem:           14514        4326         618         168        9569        9682
Swap:           2147           3        2144
Total:         16662        4329        2762

               total        used        free      shared  buff/cache   available
Mem:           14514        4292         656         168        9565        9716
Swap:           2147           3        2144
Total:         16662        4295        2800

               total        used        free      shared  buff/cache   available
Mem:           14514        4429         518         168        9566        9578
Swap:           2147           3        2144
Total:         16662        4432        2662

               total        used        free      shared  buff/cache   available
Mem:           14514        4382         562         168        9569        9625
Swap:           2147           3        2144
Total:         16662        4386        2706

               total        used        free      shared  buff/cache   available
Mem:           14514        4371         573         168        9569        9636
Swap:           2147           3        2144
Total:         16662        4375        2717

               total        used        free      shared  buff/cache   available
Mem:           14514        4341         603         168        9569        9666
Swap:           2147           3        2144
Total:         16662        4345        2747

               total        used        free      shared  buff/cache   available
Mem:           14514        4319         625         168        9569        9688
Swap:           2147           3        2144
Total:         16662        4322        2769

               total        used        free      shared  buff/cache   available
Mem:           14514        4362         582         168        9569        9645
Swap:           2147           3        2144
Total:         16662        4366        2726

               total        used        free      shared  buff/cache   available
Mem:           14514        4496         321         168        9697        9512
Swap:           2147           3        2144
Total:         16662        4499        2465

               total        used        free      shared  buff/cache   available
Mem:           14514        4451         492         168        9570        9556
Swap:           2147           3        2144
Total:         16662        4455        2636

               total        used        free      shared  buff/cache   available
Mem:           14514        4428         515         168        9570        9579
Swap:           2147           3        2144
Total:         16662        4432        2659

               total        used        free      shared  buff/cache   available
Mem:           14514        4421         522         168        9570        9586
Swap:           2147           3        2144
Total:         16662        4424        2666

               total        used        free      shared  buff/cache   available
Mem:           14514        4351         592         168        9570        9656
Swap:           2147           3        2144
Total:         16662        4354        2737

               total        used        free      shared  buff/cache   available
Mem:           14514        4347         597         168        9570        9661
Swap:           2147           3        2144
Total:         16662        4350        2741

               total        used        free      shared  buff/cache   available
Mem:           14514        4377         566         171        9569        9627
Swap:           2147           3        2144
Total:         16662        4381        2710

               total        used        free      shared  buff/cache   available
Mem:           14514        4453         489         171        9571        9551
Swap:           2147           3        2144
Total:         16662        4457        2633

               total        used        free      shared  buff/cache   available
Mem:           14514        4407         533         171        9573        9597
Swap:           2147           3        2144
Total:         16662        4410        2677

               total        used        free      shared  buff/cache   available
Mem:           14514        4375         569         168        9570        9633
Swap:           2147           3        2144
Total:         16662        4378        2713

               total        used        free      shared  buff/cache   available
Mem:           14514        4324         619         168        9570        9683
Swap:           2147           3        2144
Total:         16662        4328        2763

               total        used        free      shared  buff/cache   available
Mem:           14514        4302         641         168        9570        9705
Swap:           2147           3        2144
Total:         16662        4306        2785

               total        used        free      shared  buff/cache   available
Mem:           14514        4232         715         168        9566        9775
Swap:           2147           3        2144
Total:         16662        4236        2859

               total        used        free      shared  buff/cache   available
Mem:           14514        4342         604         168        9567        9665
Swap:           2147           3        2144
Total:         16662        4345        2748

               total        used        free      shared  buff/cache   available
Mem:           14514        4372         571         168        9570        9635
Swap:           2147           3        2144
Total:         16662        4375        2715

               total        used        free      shared  buff/cache   available
Mem:           14514        4363         580         168        9570        9645
Swap:           2147           3        2144
Total:         16662        4366        2725

               total        used        free      shared  buff/cache   available
Mem:           14514        4300         643         168        9570        9707
Swap:           2147           3        2144
Total:         16662        4303        2787

               total        used        free      shared  buff/cache   available
Mem:           14514        4294         649         168        9570        9713
Swap:           2147           3        2144
Total:         16662        4297        2793

               total        used        free      shared  buff/cache   available
Mem:           14514        4255         688         168        9570        9752
Swap:           2147           3        2144
Total:         16662        4258        2832

               total        used        free      shared  buff/cache   available
Mem:           14514        4342         604         168        9567        9665
Swap:           2147           3        2144
Total:         16662        4345        2748

               total        used        free      shared  buff/cache   available
Mem:           14514        4335         608         168        9570        9672
Swap:           2147           3        2144
Total:         16662        4339        2752

               total        used        free      shared  buff/cache   available
Mem:           14514        4323         620         168        9570        9684
Swap:           2147           3        2144
Total:         16662        4327        2764

               total        used        free      shared  buff/cache   available
Mem:           14514        4281         662         168        9570        9726
Swap:           2147           3        2144
Total:         16662        4285        2806

               total        used        free      shared  buff/cache   available
Mem:           14514        4269         674         168        9570        9738
Swap:           2147           3        2144
Total:         16662        4273        2818

               total        used        free      shared  buff/cache   available
Mem:           14514        4247         696         168        9570        9760
Swap:           2147           3        2144
Total:         16662        4250        2840

               total        used        free      shared  buff/cache   available
Mem:           14514        4318         628         168        9567        9689
Swap:           2147           3        2144
Total:         16662        4321        2772

               total        used        free      shared  buff/cache   available
Mem:           14514        4337         605         168        9570        9670
Swap:           2147           3        2144
Total:         16662        4341        2749

               total        used        free      shared  buff/cache   available
Mem:           14514        4341         602         168        9570        9666
Swap:           2147           3        2144
Total:         16662        4344        2746

               total        used        free      shared  buff/cache   available
Mem:           14514        4344         599         168        9570        9663
Swap:           2147           3        2144
Total:         16662        4348        2743

               total        used        free      shared  buff/cache   available
Mem:           14514        4281         662         168        9570        9727
Swap:           2147           3        2144
Total:         16662        4284        2806

               total        used        free      shared  buff/cache   available
Mem:           14514        4263         680         168        9570        9744
Swap:           2147           3        2144
Total:         16662        4266        2824

               total        used        free      shared  buff/cache   available
Mem:           14514        4293         653         168        9567        9714
Swap:           2147           3        2144
Total:         16662        4296        2798

               total        used        free      shared  buff/cache   available
Mem:           14514        4369         573         168        9571        9638
Swap:           2147           3        2144
Total:         16662        4373        2717

               total        used        free      shared  buff/cache   available
Mem:           14514        4351         591         168        9571        9656
Swap:           2147           3        2144
Total:         16662        4355        2735

               total        used        free      shared  buff/cache   available
Mem:           14514        4334         608         168        9571        9673
Swap:           2147           3        2144
Total:         16662        4338        2752

               total        used        free      shared  buff/cache   available
Mem:           14514        4284         659         168        9571        9723
Swap:           2147           3        2144
Total:         16662        4287        2803

               total        used        free      shared  buff/cache   available
Mem:           14514        4256         683         171        9574        9748
Swap:           2147           3        2144
Total:         16662        4260        2827

               total        used        free      shared  buff/cache   available
Mem:           14514        4214         729         171        9570        9790
Swap:           2147           3        2144
Total:         16662        4217        2873

               total        used        free      shared  buff/cache   available
Mem:           14514        4379         563         171        9571        9625
Swap:           2147           3        2144
Total:         16662        4383        2707

               total        used        free      shared  buff/cache   available
Mem:           14514        4326         616         168        9571        9681
Swap:           2147           3        2144
Total:         16662        4329        2760

               total        used        free      shared  buff/cache   available
Mem:           14514        4316         626         168        9571        9691
Swap:           2147           3        2144
Total:         16662        4319        2770

               total        used        free      shared  buff/cache   available
Mem:           14514        4271         671         168        9571        9736
Swap:           2147           3        2144
Total:         16662        4275        2815

               total        used        free      shared  buff/cache   available
Mem:           14514        4258         685         168        9571        9750
Swap:           2147           3        2144
Total:         16662        4261        2829

               total        used        free      shared  buff/cache   available
Mem:           14514        4245         698         168        9571        9763
Swap:           2147           3        2144
Total:         16662        4248        2842

               total        used        free      shared  buff/cache   available
Mem:           14514        4347         598         168        9568        9660
Swap:           2147           3        2144
Total:         16662        4350        2742

               total        used        free      shared  buff/cache   available
Mem:           14514        4318         624         168        9571        9689
Swap:           2147           3        2144
Total:         16662        4321        2768

               total        used        free      shared  buff/cache   available
Mem:           14514        4309         633         168        9571        9698
Swap:           2147           3        2144
Total:         16662        4313        2777

               total        used        free      shared  buff/cache   available
Mem:           14514        4301         641         168        9571        9706
Swap:           2147           3        2144
Total:         16662        4304        2785

               total        used        free      shared  buff/cache   available
Mem:           14514        4264         678         168        9571        9743
Swap:           2147           3        2144
Total:         16662        4267        2822

               total        used        free      shared  buff/cache   available
Mem:           14514        4280         663         168        9571        9728
Swap:           2147           3        2144
Total:         16662        4283        2807

               total        used        free      shared  buff/cache   available
Mem:           14514        4335         610         168        9568        9672
Swap:           2147           3        2144
Total:         16662        4339        2754

               total        used        free      shared  buff/cache   available
Mem:           14514        4398         544         168        9571        9609
Swap:           2147           3        2144
Total:         16662        4401        2688

               total        used        free      shared  buff/cache   available
Mem:           14514        4399         543         168        9571        9608
Swap:           2147           3        2144
Total:         16662        4403        2687

               total        used        free      shared  buff/cache   available
Mem:           14514        4385         557         168        9571        9622
Swap:           2147           3        2144
Total:         16662        4388        2701

               total        used        free      shared  buff/cache   available
Mem:           14514        4331         611         168        9571        9676
Swap:           2147           3        2144
Total:         16662        4334        2755

               total        used        free      shared  buff/cache   available
Mem:           14514        4320         622         168        9571        9688
Swap:           2147           3        2144
Total:         16662        4323        2766

               total        used        free      shared  buff/cache   available
Mem:           14514        4340         606         168        9567        9667
Swap:           2147           3        2144
Total:         16662        4343        2750

               total        used        free      shared  buff/cache   available
Mem:           14514        4408         537         168        9569        9600
Swap:           2147           3        2144
Total:         16662        4411        2681

               total        used        free      shared  buff/cache   available
Mem:           14514        4383         558         168        9571        9624
Swap:           2147           3        2144
Total:         16662        4387        2702

               total        used        free      shared  buff/cache   available
Mem:           14514        4379         563         168        9571        9628
Swap:           2147           3        2144
Total:         16662        4382        2707

               total        used        free      shared  buff/cache   available
Mem:           14514        4340         602         168        9571        9667
Swap:           2147           3        2144
Total:         16662        4343        2746

               total        used        free      shared  buff/cache   available
Mem:           14514        4324         617         168        9571        9683
Swap:           2147           3        2144
Total:         16662        4328        2761

               total        used        free      shared  buff/cache   available
Mem:           14514        4295         648         168        9570        9712
Swap:           2147           3        2144
Total:         16662        4298        2792

               total        used        free      shared  buff/cache   available
Mem:           14514        4412         532         168        9569        9595
Swap:           2147           3        2144
Total:         16662        4416        2676

               total        used        free      shared  buff/cache   available
Mem:           14514        4413         528         168        9572        9594
Swap:           2147           3        2144
Total:         16662        4417        2672

               total        used        free      shared  buff/cache   available
Mem:           14514        4412         530         168        9572        9595
Swap:           2147           3        2144
Total:         16662        4415        2674

               total        used        free      shared  buff/cache   available
Mem:           14514        4357         581         171        9575        9647
Swap:           2147           3        2144
Total:         16662        4361        2725

               total        used        free      shared  buff/cache   available
Mem:           14514        4340         598         171        9575        9664
Swap:           2147           3        2144
Total:         16662        4344        2742

               total        used        free      shared  buff/cache   available
Mem:           14514        4327         611         171        9575        9677
Swap:           2147           3        2144
Total:         16662        4331        2755

               total        used        free      shared  buff/cache   available
Mem:           14514        4383         561         168        9569        9624
Swap:           2147           3        2144
Total:         16662        4387        2705

               total        used        free      shared  buff/cache   available
Mem:           14514        4371         571         168        9572        9636
Swap:           2147           3        2144
Total:         16662        4374        2715

               total        used        free      shared  buff/cache   available
Mem:           14514        4352         590         168        9572        9655
Swap:           2147           3        2144
Total:         16662        4355        2734

               total        used        free      shared  buff/cache   available
Mem:           14514        4346         595         168        9572        9661
Swap:           2147           3        2144
Total:         16662        4350        2739

               total        used        free      shared  buff/cache   available
Mem:           14514        4294         647         168        9572        9713
Swap:           2147           3        2144
Total:         16662        4298        2791

               total        used        free      shared  buff/cache   available
Mem:           14514        4283         658         168        9572        9724
Swap:           2147           3        2144
Total:         16662        4287        2802

               total        used        free      shared  buff/cache   available
Mem:           14514        4331         614         168        9569        9676
Swap:           2147           3        2144
Total:         16662        4334        2758

               total        used        free      shared  buff/cache   available
Mem:           14514        4346         595         168        9572        9661
Swap:           2147           3        2144
Total:         16662        4349        2740

               total        used        free      shared  buff/cache   available
Mem:           14514        4350         591         168        9572        9657
Swap:           2147           3        2144
Total:         16662        4354        2735

               total        used        free      shared  buff/cache   available
Mem:           14514        4334         607         168        9572        9673
Swap:           2147           3        2144
Total:         16662        4337        2751

               total        used        free      shared  buff/cache   available
Mem:           14514        4261         680         168        9572        9746
Swap:           2147           3        2144
Total:         16662        4265        2824

               total        used        free      shared  buff/cache   available
Mem:           14514        4255         686         168        9572        9752
Swap:           2147           3        2144
Total:         16662        4259        2830

               total        used        free      shared  buff/cache   available
Mem:           14514        4262         683         168        9568        9745
Swap:           2147           3        2144
Total:         16662        4265        2827

               total        used        free      shared  buff/cache   available
Mem:           14514        4351         592         168        9569        9656
Swap:           2147           3        2144
Total:         16662        4355        2736

               total        used        free      shared  buff/cache   available
Mem:           14514        4310         631         168        9572        9697
Swap:           2147           3        2144
Total:         16662        4314        2775

               total        used        free      shared  buff/cache   available
Mem:           14514        4319         622         168        9572        9688
Swap:           2147           3        2144
Total:         16662        4322        2766

               total        used        free      shared  buff/cache   available
Mem:           14514        4268         673         168        9572        9739
Swap:           2147           3        2144
Total:         16662        4272        2817

               total        used        free      shared  buff/cache   available
Mem:           14514        4244         697         168        9572        9763
Swap:           2147           3        2144
Total:         16662        4248        2841

               total        used        free      shared  buff/cache   available
Mem:           14514        4215         726         168        9572        9792
Swap:           2147           3        2144
Total:         16662        4218        2870

               total        used        free      shared  buff/cache   available
Mem:           14514        4342         601         168        9569        9665
Swap:           2147           3        2144
Total:         16662        4346        2746

               total        used        free      shared  buff/cache   available
Mem:           14514        4340         601         168        9572        9668
Swap:           2147           3        2144
Total:         16662        4343        2745

               total        used        free      shared  buff/cache   available
Mem:           14514        4340         601         168        9572        9667
Swap:           2147           3        2144
Total:         16662        4343        2745

               total        used        free      shared  buff/cache   available
Mem:           14514        4290         651         168        9572        9717
Swap:           2147           3        2144
Total:         16662        4294        2795

               total        used        free      shared  buff/cache   available
Mem:           14514        4264         677         168        9572        9743
Swap:           2147           3        2144
Total:         16662        4267        2821

               total        used        free      shared  buff/cache   available
Mem:           14514        4262         679         168        9572        9745
Swap:           2147           3        2144
Total:         16662        4265        2823

               total        used        free      shared  buff/cache   available
Mem:           14514        4342         601         168        9570        9665
Swap:           2147           3        2144
Total:         16662        4346        2745

               total        used        free      shared  buff/cache   available
Mem:           14514        4321         620         168        9572        9686
Swap:           2147           3        2144
Total:         16662        4324        2764

               total        used        free      shared  buff/cache   available
Mem:           14514        4310         627         171        9576        9694
Swap:           2147           3        2144
Total:         16662        4314        2772

               total        used        free      shared  buff/cache   available
Mem:           14514        4307         630         171        9576        9697
Swap:           2147           3        2144
Total:         16662        4311        2774

               total        used        free      shared  buff/cache   available
Mem:           14514        4267         670         171        9576        9737
Swap:           2147           3        2144
Total:         16662        4271        2814

               total        used        free      shared  buff/cache   available
Mem:           14514        4228         712         168        9573        9779
Swap:           2147           3        2144
Total:         16662        4232        2856

               total        used        free      shared  buff/cache   available
Mem:           14514        4273         671         168        9569        9734
Swap:           2147           3        2144
Total:         16662        4276        2815

               total        used        free      shared  buff/cache   available
Mem:           14514        4346         594         168        9573        9661
Swap:           2147           3        2144
Total:         16662        4350        2738

               total        used        free      shared  buff/cache   available
Mem:           14514        4341         600         168        9573        9666
Swap:           2147           3        2144
Total:         16662        4344        2744

               total        used        free      shared  buff/cache   available
Mem:           14514        4335         605         168        9573        9672
Swap:           2147           3        2144
Total:         16662        4338        2750

               total        used        free      shared  buff/cache   available
Mem:           14514        4276         665         168        9573        9731
Swap:           2147           3        2144
Total:         16662        4279        2809

               total        used        free      shared  buff/cache   available
Mem:           14514        4263         677         168        9573        9744
Swap:           2147           3        2144
Total:         16662        4267        2821

               total        used        free      shared  buff/cache   available
Mem:           14514        4279         666         168        9569        9728
Swap:           2147           3        2144
Total:         16662        4282        2810

               total        used        free      shared  buff/cache   available
Mem:           14514        4360         583         168        9570        9647
Swap:           2147           3        2144
Total:         16662        4363        2727

               total        used        free      shared  buff/cache   available
Mem:           14514        4319         621         168        9573        9688
Swap:           2147           3        2144
Total:         16662        4323        2765

               total        used        free      shared  buff/cache   available
Mem:           14514        4362         578         168        9573        9645
Swap:           2147           3        2144
Total:         16662        4366        2722

               total        used        free      shared  buff/cache   available
Mem:           14514        4324         616         168        9573        9683
Swap:           2147           3        2144
Total:         16662        4327        2760

               total        used        free      shared  buff/cache   available
Mem:           14514        4321         619         168        9573        9686
Swap:           2147           3        2144
Total:         16662        4325        2763

               total        used        free      shared  buff/cache   available
Mem:           14514        4277         667         168        9569        9731
Swap:           2147           3        2144
Total:         16662        4280        2812

               total        used        free      shared  buff/cache   available
Mem:           14514        4433         509         168        9570        9574
Swap:           2147           3        2144
Total:         16662        4437        2654

               total        used        free      shared  buff/cache   available
Mem:           14514        4413         527         168        9573        9594
Swap:           2147           3        2144
Total:         16662        4417        2671

               total        used        free      shared  buff/cache   available
Mem:           14514        4403         537         168        9573        9604
Swap:           2147           3        2144
Total:         16662        4406        2681

               total        used        free      shared  buff/cache   available
Mem:           14514        4351         589         168        9573        9656
Swap:           2147           3        2144
Total:         16662        4354        2734

               total        used        free      shared  buff/cache   available
Mem:           14514        4332         608         168        9573        9675
Swap:           2147           3        2144
Total:         16662        4336        2752

               total        used        free      shared  buff/cache   available
Mem:           14514        4316         624         168        9573        9691
Swap:           2147           3        2144
Total:         16662        4319        2768

               total        used        free      shared  buff/cache   available
Mem:           14514        4383         560         168        9570        9624
Swap:           2147           3        2144
Total:         16662        4386        2704

               total        used        free      shared  buff/cache   available
Mem:           14514        4388         552         168        9573        9619
Swap:           2147           3        2144
Total:         16662        4392        2696

               total        used        free      shared  buff/cache   available
Mem:           14514        4374         566         168        9573        9633
Swap:           2147           3        2144
Total:         16662        4377        2710

               total        used        free      shared  buff/cache   available
Mem:           14514        4373         567         168        9573        9634
Swap:           2147           3        2144
Total:         16662        4376        2711

               total        used        free      shared  buff/cache   available
Mem:           14514        4315         625         168        9573        9692
Swap:           2147           3        2144
Total:         16662        4318        2769

               total        used        free      shared  buff/cache   available
Mem:           14514        4302         637         168        9573        9704
Swap:           2147           3        2144
Total:         16662        4306        2782

               total        used        free      shared  buff/cache   available
Mem:           14514        4345         598         168        9570        9662
Swap:           2147           3        2144
Total:         16662        4348        2742

               total        used        free      shared  buff/cache   available
Mem:           14514        4377         560         171        9577        9627
Swap:           2147           3        2144
Total:         16662        4380        2704

               total        used        free      shared  buff/cache   available
Mem:           14514        4388         548         171        9577        9615
Swap:           2147           3        2144
Total:         16662        4392        2692

               total        used        free      shared  buff/cache   available
Mem:           14514        4374         562         171        9577        9630
Swap:           2147           3        2144
Total:         16662        4378        2706

               total        used        free      shared  buff/cache   available
Mem:           14514        4304         636         168        9574        9703
Swap:           2147           3        2144
Total:         16662        4307        2780

               total        used        free      shared  buff/cache   available
Mem:           14514        4294         646         168        9574        9713
Swap:           2147           3        2144
Total:         16662        4297        2790

               total        used        free      shared  buff/cache   available
Mem:           14514        4324         620         168        9570        9683
Swap:           2147           3        2144
Total:         16662        4327        2764

               total        used        free      shared  buff/cache   available
Mem:           14514        4345         594         168        9574        9662
Swap:           2147           3        2144
Total:         16662        4348        2739

               total        used        free      shared  buff/cache   available
Mem:           14514        4343         596         168        9574        9664
Swap:           2147           3        2144
Total:         16662        4347        2740

               total        used        free      shared  buff/cache   available
Mem:           14514        4340         599         168        9574        9667
Swap:           2147           3        2144
Total:         16662        4344        2743

               total        used        free      shared  buff/cache   available
Mem:           14514        4290         650         168        9574        9717
Swap:           2147           3        2144
Total:         16662        4293        2794

               total        used        free      shared  buff/cache   available
Mem:           14514        4288         652         168        9574        9719
Swap:           2147           3        2144
Total:         16662        4291        2796

               total        used        free      shared  buff/cache   available
Mem:           14514        4272         671         168        9570        9735
Swap:           2147           3        2144
Total:         16662        4276        2815

               total        used        free      shared  buff/cache   available
Mem:           14514        4424         518         168        9571        9583
Swap:           2147           3        2144
Total:         16662        4427        2662

               total        used        free      shared  buff/cache   available
Mem:           14514        4380         559         168        9574        9627
Swap:           2147           3        2144
Total:         16662        4384        2703

               total        used        free      shared  buff/cache   available
Mem:           14514        4358         582         168        9574        9649
Swap:           2147           3        2144
Total:         16662        4361        2726

               total        used        free      shared  buff/cache   available
Mem:           14514        4309         631         168        9574        9698
Swap:           2147           3        2144
Total:         16662        4312        2775

               total        used        free      shared  buff/cache   available
Mem:           14514        4288         651         168        9574        9719
Swap:           2147           3        2144
Total:         16662        4291        2795

               total        used        free      shared  buff/cache   available
Mem:           14514        4240         699         168        9574        9767
Swap:           2147           3        2144
Total:         16662        4243        2843

               total        used        free      shared  buff/cache   available
Mem:           14514        4354         588         168        9571        9653
Swap:           2147           3        2144
Total:         16662        4358        2732

               total        used        free      shared  buff/cache   available
Mem:           14514        4343         596         168        9574        9663
Swap:           2147           3        2144
Total:         16662        4347        2740

               total        used        free      shared  buff/cache   available
Mem:           14514        4342         597         168        9574        9665
Swap:           2147           3        2144
Total:         16662        4346        2741

               total        used        free      shared  buff/cache   available
Mem:           14514        4329         610         168        9574        9678
Swap:           2147           3        2144
Total:         16662        4333        2754

               total        used        free      shared  buff/cache   available
Mem:           14514        4274         665         168        9574        9733
Swap:           2147           3        2144
Total:         16662        4277        2809

               total        used        free      shared  buff/cache   available
Mem:           14514        4260         679         168        9574        9747
Swap:           2147           3        2144
Total:         16662        4263        2824

               total        used        free      shared  buff/cache   available
Mem:           14514        4312         630         168        9571        9695
Swap:           2147           3        2144
Total:         16662        4316        2774

               total        used        free      shared  buff/cache   available
Mem:           14514        4303         635         168        9574        9703
Swap:           2147           3        2144
Total:         16662        4307        2780

               total        used        free      shared  buff/cache   available
Mem:           14514        4304         635         168        9574        9703
Swap:           2147           3        2144
Total:         16662        4307        2779

               total        used        free      shared  buff/cache   available
Mem:           14514        4291         648         168        9574        9716
Swap:           2147           3        2144
Total:         16662        4295        2792

               total        used        free      shared  buff/cache   available
Mem:           14514        4236         703         168        9574        9771
Swap:           2147           3        2144
Total:         16662        4240        2847

               total        used        free      shared  buff/cache   available
Mem:           14514        4230         709         168        9574        9777
Swap:           2147           3        2144
Total:         16662        4233        2853

               total        used        free      shared  buff/cache   available
Mem:           14514        4274         663         174        9576        9727
Swap:           2147           3        2144
Total:         16662        4278        2807

               total        used        free      shared  buff/cache   available
Mem:           14514        4398         537         174        9578        9603
Swap:           2147           3        2144
Total:         16662        4402        2681

               total        used        free      shared  buff/cache   available
Mem:           14514        4405         520         182        9588        9588
Swap:           2147           3        2144
Total:         16662        4408        2664

               total        used        free      shared  buff/cache   available
Mem:           14514        4404         524         179        9585        9592
Swap:           2147           3        2144
Total:         16662        4408        2668

               total        used        free      shared  buff/cache   available
Mem:           14514        4349         578         179        9585        9647
Swap:           2147           3        2144
Total:         16662        4353        2723

               total        used        free      shared  buff/cache   available
Mem:           14514        4345         583         179        9585        9651
Swap:           2147           3        2144
Total:         16662        4348        2727

               total        used        free      shared  buff/cache   available
Mem:           14514        4303         629         179        9581        9694
Swap:           2147           3        2144
Total:         16662        4306        2773

               total        used        free      shared  buff/cache   available
Mem:           14514        4406         524         179        9583        9590
Swap:           2147           3        2144
Total:         16662        4409        2668

               total        used        free      shared  buff/cache   available
Mem:           14514        4394         533         179        9585        9602
Swap:           2147           3        2144
Total:         16662        4398        2677

               total        used        free      shared  buff/cache   available
Mem:           14514        4390         537         179        9585        9606
Swap:           2147           3        2144
Total:         16662        4394        2681

               total        used        free      shared  buff/cache   available
Mem:           14514        4336         592         179        9585        9660
Swap:           2147           3        2144
Total:         16662        4339        2736

               total        used        free      shared  buff/cache   available
Mem:           14514        4327         601         179        9585        9669
Swap:           2147           3        2144
Total:         16662        4330        2745

               total        used        free      shared  buff/cache   available
Mem:           14514        4300         628         179        9585        9696
Swap:           2147           3        2144
Total:         16662        4303        2772

               total        used        free      shared  buff/cache   available
Mem:           14514        4429         501         179        9583        9567
Swap:           2147           3        2144
Total:         16662        4433        2645

               total        used        free      shared  buff/cache   available
Mem:           14514        4447         481         179        9586        9549
Swap:           2147           3        2144
Total:         16662        4450        2625

               total        used        free      shared  buff/cache   available
Mem:           14514        4448         479         179        9586        9548
Swap:           2147           3        2144
Total:         16662        4451        2624

               total        used        free      shared  buff/cache   available
Mem:           14514        4440         487         179        9586        9556
Swap:           2147           3        2144
Total:         16662        4443        2631

               total        used        free      shared  buff/cache   available
Mem:           14514        4390         537         179        9586        9606
Swap:           2147           3        2144
Total:         16662        4394        2681

               total        used        free      shared  buff/cache   available
Mem:           14514        4373         554         179        9586        9623
Swap:           2147           3        2144
Total:         16662        4377        2698

               total        used        free      shared  buff/cache   available
Mem:           14514        4407         524         179        9583        9589
Swap:           2147           3        2144
Total:         16662        4410        2668

               total        used        free      shared  buff/cache   available
Mem:           14514        4472         455         179        9586        9524
Swap:           2147           3        2144
Total:         16662        4475        2599

               total        used        free      shared  buff/cache   available
Mem:           14514        4469         459         179        9586        9527
Swap:           2147           3        2144
Total:         16662        4472        2603

               total        used        free      shared  buff/cache   available
Mem:           14514        4461         467         179        9586        9535
Swap:           2147           3        2144
Total:         16662        4464        2611

               total        used        free      shared  buff/cache   available
Mem:           14514        4415         513         179        9586        9581
Swap:           2147           3        2144
Total:         16662        4418        2657

               total        used        free      shared  buff/cache   available
Mem:           14514        4390         537         179        9586        9606
Swap:           2147           3        2144
Total:         16662        4393        2681

               total        used        free      shared  buff/cache   available
Mem:           14514        4420         512         179        9582        9576
Swap:           2147           3        2144
Total:         16662        4423        2656

               total        used        free      shared  buff/cache   available
Mem:           14514        4496         434         179        9583        9500
Swap:           2147           3        2144
Total:         16662        4500        2578

               total        used        free      shared  buff/cache   available
Mem:           14514        4456         472         179        9586        9540
Swap:           2147           3        2144
Total:         16662        4459        2616

               total        used        free      shared  buff/cache   available
Mem:           14514        4461         467         179        9586        9535
Swap:           2147           3        2144
Total:         16662        4464        2611

               total        used        free      shared  buff/cache   available
Mem:           14514        4417         510         179        9586        9579
Swap:           2147           3        2144
Total:         16662        4420        2654

               total        used        free      shared  buff/cache   available
Mem:           14514        4404         520         182        9589        9589
Swap:           2147           3        2144
Total:         16662        4407        2664

               total        used        free      shared  buff/cache   available
Mem:           14514        4337         591         182        9585        9656
Swap:           2147           3        2144
Total:         16662        4340        2735

               total        used        free      shared  buff/cache   available
Mem:           14514        4480         447         182        9587        9513
Swap:           2147           3        2144
Total:         16662        4483        2591

               total        used        free      shared  buff/cache   available
Mem:           14514        4404         523         179        9586        9592
Swap:           2147           3        2144
Total:         16662        4407        2667

               total        used        free      shared  buff/cache   available
Mem:           14514        4391         536         179        9586        9606
Swap:           2147           3        2144
Total:         16662        4394        2680

               total        used        free      shared  buff/cache   available
Mem:           14514        4349         577         179        9586        9647
Swap:           2147           3        2144
Total:         16662        4353        2721

               total        used        free      shared  buff/cache   available
Mem:           14514        4341         586         179        9586        9655
Swap:           2147           3        2144
Total:         16662        4344        2730

               total        used        free      shared  buff/cache   available
Mem:           14514        4327         600         179        9586        9669
Swap:           2147           3        2144
Total:         16662        4330        2744

               total        used        free      shared  buff/cache   available
Mem:           14514        4397         532         179        9584        9599
Swap:           2147           3        2144
Total:         16662        4401        2676

               total        used        free      shared  buff/cache   available
Mem:           14514        4425         502         179        9587        9572
Swap:           2147           3        2144
Total:         16662        4428        2646

               total        used        free      shared  buff/cache   available
Mem:           14514        4430         496         179        9587        9566
Swap:           2147           3        2144
Total:         16662        4434        2640

               total        used        free      shared  buff/cache   available
Mem:           14514        4416         510         179        9587        9580
Swap:           2147           3        2144
Total:         16662        4420        2655

               total        used        free      shared  buff/cache   available
Mem:           14514        4363         564         179        9587        9634
Swap:           2147           3        2144
Total:         16662        4366        2708

               total        used        free      shared  buff/cache   available
Mem:           14514        4339         588         179        9587        9657
Swap:           2147           3        2144
Total:         16662        4342        2732

               total        used        free      shared  buff/cache   available
Mem:           14514        4338         592         179        9583        9658
Swap:           2147           3        2144
Total:         16662        4341        2736

               total        used        free      shared  buff/cache   available
Mem:           14514        4395         531         179        9587        9601
Swap:           2147           3        2144
Total:         16662        4399        2675

               total        used        free      shared  buff/cache   available
Mem:           14514        4386         540         179        9587        9610
Swap:           2147           3        2144
Total:         16662        4390        2684

               total        used        free      shared  buff/cache   available
Mem:           14514        4390         536         179        9587        9606
Swap:           2147           3        2144
Total:         16662        4393        2680

               total        used        free      shared  buff/cache   available
Mem:           14514        4316         610         179        9587        9680
Swap:           2147           3        2144
Total:         16662        4319        2755

               total        used        free      shared  buff/cache   available
Mem:           14514        4305         622         179        9587        9691
Swap:           2147           3        2144
Total:         16662        4308        2766

               total        used        free      shared  buff/cache   available
Mem:           14514        4308         622         179        9583        9688
Swap:           2147           3        2144
Total:         16662        4312        2766

               total        used        free      shared  buff/cache   available
Mem:           14514        4385         544         179        9585        9611
Swap:           2147           3        2144
Total:         16662        4388        2688

               total        used        free      shared  buff/cache   available
Mem:           14514        4336         590         179        9587        9660
Swap:           2147           3        2144
Total:         16662        4339        2734

               total        used        free      shared  buff/cache   available
Mem:           14514        4327         600         179        9587        9670
Swap:           2147           3        2144
Total:         16662        4330        2744

               total        used        free      shared  buff/cache   available
Mem:           14514        4288         638         179        9587        9708
Swap:           2147           3        2144
Total:         16662        4292        2782

               total        used        free      shared  buff/cache   available
Mem:           14514        4280         646         179        9587        9716
Swap:           2147           3        2144
Total:         16662        4284        2790

               total        used        free      shared  buff/cache   available
Mem:           14514        4240         687         178        9586        9757
Swap:           2147           3        2144
Total:         16662        4244        2831

               total        used        free      shared  buff/cache   available
Mem:           14514        4387         542         179        9584        9609
Swap:           2147           3        2144
Total:         16662        4391        2686

               total        used        free      shared  buff/cache   available
Mem:           14514        4348         579         179        9587        9649
Swap:           2147           3        2144
Total:         16662        4351        2723

               total        used        free      shared  buff/cache   available
Mem:           14514        4333         594         179        9587        9664
Swap:           2147           3        2144
Total:         16662        4336        2738

               total        used        free      shared  buff/cache   available
Mem:           14514        4326         597         182        9590        9667
Swap:           2147           3        2144
Total:         16662        4330        2741

               total        used        free      shared  buff/cache   available
Mem:           14514        4281         643         182        9590        9713
Swap:           2147           3        2144
Total:         16662        4284        2787

               total        used        free      shared  buff/cache   available
Mem:           14514        4250         675         180        9588        9746
Swap:           2147           3        2144
Total:         16662        4253        2820

               total        used        free      shared  buff/cache   available
Mem:           14514        4337         595         176        9581        9663
Swap:           2147           3        2144
Total:         16662        4340        2739

               total        used        free      shared  buff/cache   available
Mem:           14514        4334         595         176        9584        9665
Swap:           2147           3        2144
Total:         16662        4337        2739

               total        used        free      shared  buff/cache   available
Mem:           14514        4326         603         176        9584        9673
Swap:           2147           3        2144
Total:         16662        4330        2747

               total        used        free      shared  buff/cache   available
Mem:           14514        4324         605         176        9584        9676
Swap:           2147           3        2144
Total:         16662        4327        2749

               total        used        free      shared  buff/cache   available
Mem:           14514        4273         656         176        9584        9726
Swap:           2147           3        2144
Total:         16662        4277        2800

               total        used        free      shared  buff/cache   available
Mem:           14514        4266         662         176        9584        9733
Swap:           2147           3        2144
Total:         16662        4270        2806

               total        used        free      shared  buff/cache   available
Mem:           14514        4317         615         176        9581        9682
Swap:           2147           3        2144
Total:         16662        4321        2759

               total        used        free      shared  buff/cache   available
Mem:           14514        4405         524         176        9583        9594
Swap:           2147           3        2144
Total:         16662        4409        2668

               total        used        free      shared  buff/cache   available
Mem:           14514        4350         578         176        9584        9649
Swap:           2147           3        2144
Total:         16662        4354        2723

               total        used        free      shared  buff/cache   available
Mem:           14514        4349         580         176        9584        9651
Swap:           2147           3        2144
Total:         16662        4352        2724

               total        used        free      shared  buff/cache   available
Mem:           14514        4355         574         176        9584        9644
Swap:           2147           3        2144
Total:         16662        4359        2718

               total        used        free      shared  buff/cache   available
Mem:           14514        4348         597         160        9568        9668
Swap:           2147           3        2144
Total:         16662        4351        2741

               total        used        free      shared  buff/cache   available
Mem:           14514        4363         584         162        9567        9650
Swap:           2147           3        2144
Total:         16662        4366        2728

               total        used        free      shared  buff/cache   available
Mem:           14514        4493         452         162        9568        9520
Swap:           2147           3        2144
Total:         16662        4496        2596

               total        used        free      shared  buff/cache   available
Mem:           14514        4441         506         157        9566        9577
Swap:           2147           3        2144
Total:         16662        4445        2650

               total        used        free      shared  buff/cache   available
Mem:           14514        4424         523         157        9566        9594
Swap:           2147           3        2144
Total:         16662        4428        2667

               total        used        free      shared  buff/cache   available
Mem:           14514        4382         566         157        9566        9636
Swap:           2147           3        2144
Total:         16662        4385        2710

               total        used        free      shared  buff/cache   available
Mem:           14514        4365         583         157        9566        9653
Swap:           2147           3        2144
Total:         16662        4368        2727

               total        used        free      shared  buff/cache   available
Mem:           14514        4302         650         157        9562        9717
Swap:           2147           3        2144
Total:         16662        4305        2794

               total        used        free      shared  buff/cache   available
Mem:           14514        4437         514         157        9563        9582
Swap:           2147           3        2144
Total:         16662        4440        2658

               total        used        free      shared  buff/cache   available
Mem:           14514        4436         512         157        9566        9583
Swap:           2147           3        2144
Total:         16662        4439        2656

               total        used        free      shared  buff/cache   available
Mem:           14514        4431         516         157        9566        9587
Swap:           2147           3        2144
Total:         16662        4435        2660

               total        used        free      shared  buff/cache   available
Mem:           14514        4381         566         157        9566        9637
Swap:           2147           3        2144
Total:         16662        4385        2710

               total        used        free      shared  buff/cache   available
Mem:           14514        4358         590         157        9566        9660
Swap:           2147           3        2144
Total:         16662        4361        2734

               total        used        free      shared  buff/cache   available
Mem:           14514        4351         596         157        9566        9667
Swap:           2147           3        2144
Total:         16662        4355        2740

               total        used        free      shared  buff/cache   available
Mem:           14514        4403         548         157        9563        9616
Swap:           2147           3        2144
Total:         16662        4406        2692

               total        used        free      shared  buff/cache   available
Mem:           14514        4422         525         157        9566        9596
Swap:           2147           3        2144
Total:         16662        4426        2669

               total        used        free      shared  buff/cache   available
Mem:           14514        4422         523         160        9569        9593
Swap:           2147           3        2144
Total:         16662        4425        2667

               total        used        free      shared  buff/cache   available
Mem:           14514        4408         536         160        9569        9607
Swap:           2147           3        2144
Total:         16662        4411        2680

               total        used        free      shared  buff/cache   available
Mem:           14514        4331         621         152        9561        9692
Swap:           2147           3        2144
Total:         16662        4335        2765

               total        used        free      shared  buff/cache   available
Mem:           14514        4300         655         149        9558        9726
Swap:           2147           3        2144
Total:         16662        4304        2799

               total        used        free      shared  buff/cache   available
Mem:           14514        4308         651         149        9554        9718
Swap:           2147           3        2144
Total:         16662        4312        2795

               total        used        free      shared  buff/cache   available
Mem:           14514        4335         621         149        9558        9692
Swap:           2147           3        2144
Total:         16662        4338        2765

               total        used        free      shared  buff/cache   available
Mem:           14514        4340         615         149        9558        9687
Swap:           2147           3        2144
Total:         16662        4343        2760

               total        used        free      shared  buff/cache   available
Mem:           14514        4339         616         149        9558        9687
Swap:           2147           3        2144
Total:         16662        4343        2760

               total        used        free      shared  buff/cache   available
Mem:           14514        4298         657         149        9558        9728
Swap:           2147           3        2144
Total:         16662        4302        2801

               total        used        free      shared  buff/cache   available
Mem:           14514        4293         662         149        9558        9733
Swap:           2147           3        2144
Total:         16662        4296        2806

               total        used        free      shared  buff/cache   available
Mem:           14514        4220         739         149        9554        9806
Swap:           2147           3        2144
Total:         16662        4223        2883

               total        used        free      shared  buff/cache   available
Mem:           14514        4357         601         149        9556        9669
Swap:           2147           3        2144
Total:         16662        4360        2745

               total        used        free      shared  buff/cache   available
Mem:           14514        4374         581         149        9558        9652
Swap:           2147           3        2144
Total:         16662        4378        2725

               total        used        free      shared  buff/cache   available
Mem:           14514        4347         608         149        9558        9679
Swap:           2147           3        2144
Total:         16662        4351        2752

               total        used        free      shared  buff/cache   available
Mem:           14514        4292         663         149        9558        9734
Swap:           2147           3        2144
Total:         16662        4295        2807

               total        used        free      shared  buff/cache   available
Mem:           14514        4274         681         149        9558        9752
Swap:           2147           3        2144
Total:         16662        4278        2825

               total        used        free      shared  buff/cache   available
Mem:           14514        4271         684         149        9558        9755
Swap:           2147           3        2144
Total:         16662        4275        2828

               total        used        free      shared  buff/cache   available
Mem:           14514        4346         612         149        9556        9681
Swap:           2147           3        2144
Total:         16662        4349        2756

               total        used        free      shared  buff/cache   available
Mem:           14514        4313         642         149        9558        9713
Swap:           2147           3        2144
Total:         16662        4316        2786

               total        used        free      shared  buff/cache   available
Mem:           14514        4326         628         149        9558        9700
Swap:           2147           3        2144
Total:         16662        4330        2772

               total        used        free      shared  buff/cache   available
Mem:           14514        4324         631         149        9558        9703
Swap:           2147           3        2144
Total:         16662        4327        2775

               total        used        free      shared  buff/cache   available
Mem:           14514        4280         675         149        9558        9747
Swap:           2147           3        2144
Total:         16662        4283        2819

               total        used        free      shared  buff/cache   available
Mem:           14514        4276         679         149        9558        9750
Swap:           2147           3        2144
Total:         16662        4280        2823

               total        used        free      shared  buff/cache   available
Mem:           14514        4287         670         149        9555        9739
Swap:           2147           3        2144
Total:         16662        4291        2814

               total        used        free      shared  buff/cache   available
Mem:           14514        4334         620         149        9558        9692
Swap:           2147           3        2144
Total:         16662        4338        2765

               total        used        free      shared  buff/cache   available
Mem:           14514        4332         623         149        9558        9694
Swap:           2147           3        2144
Total:         16662        4335        2767

               total        used        free      shared  buff/cache   available
Mem:           14514        4324         631         149        9558        9703
Swap:           2147           3        2144
Total:         16662        4327        2775

               total        used        free      shared  buff/cache   available
Mem:           14514        4274         681         149        9558        9752
Swap:           2147           3        2144
Total:         16662        4277        2825

               total        used        free      shared  buff/cache   available
Mem:           14514        4252         702         149        9558        9774
Swap:           2147           3        2144
Total:         16662        4256        2846

               total        used        free      shared  buff/cache   available
Mem:           14514        4281         678         149        9555        9745
Swap:           2147           3        2144
Total:         16662        4284        2822

               total        used        free      shared  buff/cache   available
Mem:           14514        4375         579         152        9559        9648
Swap:           2147           3        2144
Total:         16662        4379        2723

               total        used        free      shared  buff/cache   available
Mem:           14514        4328         623         152        9562        9695
Swap:           2147           3        2144
Total:         16662        4332        2767

               total        used        free      shared  buff/cache   available
Mem:           14514        4329         622         152        9562        9694
Swap:           2147           3        2144
Total:         16662        4332        2767

               total        used        free      shared  buff/cache   available
Mem:           14514        4296         658         149        9559        9730
Swap:           2147           3        2144
Total:         16662        4300        2802

               total        used        free      shared  buff/cache   available
Mem:           14514        4281         674         149        9559        9746
Swap:           2147           3        2144
Total:         16662        4284        2818

               total        used        free      shared  buff/cache   available
Mem:           14514        4214         745         149        9555        9813
Swap:           2147           3        2144
Total:         16662        4217        2889

               total        used        free      shared  buff/cache   available
Mem:           14514        4369         588         149        9556        9657
Swap:           2147           3        2144
Total:         16662        4373        2732

               total        used        free      shared  buff/cache   available
Mem:           14514        4366         588         149        9559        9660
Swap:           2147           3        2144
Total:         16662        4369        2732

               total        used        free      shared  buff/cache   available
Mem:           14514        4355         599         149        9559        9671
Swap:           2147           3        2144
Total:         16662        4358        2743

               total        used        free      shared  buff/cache   available
Mem:           14514        4312         642         149        9559        9714
Swap:           2147           3        2144
Total:         16662        4316        2786

               total        used        free      shared  buff/cache   available
Mem:           14514        4291         663         149        9559        9735
Swap:           2147           3        2144
Total:         16662        4294        2807

               total        used        free      shared  buff/cache   available
Mem:           14514        4282         673         149        9559        9745
Swap:           2147           3        2144
Total:         16662        4285        2817

               total        used        free      shared  buff/cache   available
Mem:           14514        4327         630         149        9556        9699
Swap:           2147           3        2144
Total:         16662        4330        2774

               total        used        free      shared  buff/cache   available
Mem:           14514        4347         607         149        9559        9679
Swap:           2147           3        2144
Total:         16662        4351        2751

               total        used        free      shared  buff/cache   available
Mem:           14514        4365         589         149        9559        9662
Swap:           2147           3        2144
Total:         16662        4368        2733

               total        used        free      shared  buff/cache   available
Mem:           14514        4371         583         149        9559        9656
Swap:           2147           3        2144
Total:         16662        4374        2727

               total        used        free      shared  buff/cache   available
Mem:           14514        4319         635         149        9559        9707
Swap:           2147           3        2144
Total:         16662        4323        2779

               total        used        free      shared  buff/cache   available
Mem:           14514        4314         640         149        9559        9712
Swap:           2147           3        2144
Total:         16662        4318        2784

               total        used        free      shared  buff/cache   available
Mem:           14514        4332         626         149        9556        9694
Swap:           2147           3        2144
Total:         16662        4335        2770

               total        used        free      shared  buff/cache   available
Mem:           14514        4443         511         149        9559        9583
Swap:           2147           3        2144
Total:         16662        4447        2655

               total        used        free      shared  buff/cache   available
Mem:           14514        4402         552         149        9560        9624
Swap:           2147           3        2144
Total:         16662        4405        2696

               total        used        free      shared  buff/cache   available
Mem:           14514        4395         559         149        9560        9631
Swap:           2147           3        2144
Total:         16662        4399        2703

               total        used        free      shared  buff/cache   available
Mem:           14514        4354         600         149        9560        9672
Swap:           2147           3        2144
Total:         16662        4357        2744

               total        used        free      shared  buff/cache   available
Mem:           14514        4339         615         149        9560        9687
Swap:           2147           3        2144
Total:         16662        4342        2759

               total        used        free      shared  buff/cache   available
Mem:           14514        4277         678         149        9558        9750
Swap:           2147           3        2144
Total:         16662        4280        2822

               total        used        free      shared  buff/cache   available
Mem:           14514        4417         539         149        9557        9609
Swap:           2147           3        2144
Total:         16662        4420        2683

               total        used        free      shared  buff/cache   available
Mem:           14514        4403         550         149        9560        9623
Swap:           2147           3        2144
Total:         16662        4407        2694

               total        used        free      shared  buff/cache   available
Mem:           14514        4407         546         149        9560        9619
Swap:           2147           3        2144
Total:         16662        4411        2690

               total        used        free      shared  buff/cache   available
Mem:           14514        4339         615         149        9560        9687
Swap:           2147           3        2144
Total:         16662        4342        2759

               total        used        free      shared  buff/cache   available
Mem:           14514        4333         620         149        9560        9693
Swap:           2147           3        2144
Total:         16662        4336        2764

               total        used        free      shared  buff/cache   available
Mem:           14514        4310         641         152        9563        9713
Swap:           2147           3        2144
Total:         16662        4313        2785

               total        used        free      shared  buff/cache   available
Mem:           14514        4373         580         152        9561        9650
Swap:           2147           3        2144
Total:         16662        4376        2724

               total        used        free      shared  buff/cache   available
Mem:           14514        4409         540         152        9564        9614
Swap:           2147           3        2144
Total:         16662        4413        2684

               total        used        free      shared  buff/cache   available
Mem:           14514        4383         569         149        9561        9643
Swap:           2147           3        2144
Total:         16662        4386        2714

               total        used        free      shared  buff/cache   available
Mem:           14514        4383         569         149        9561        9643
Swap:           2147           3        2144
Total:         16662        4387        2713

               total        used        free      shared  buff/cache   available
Mem:           14514        4321         631         149        9561        9705
Swap:           2147           3        2144
Total:         16662        4325        2775

               total        used        free      shared  buff/cache   available
Mem:           14514        4301         651         149        9561        9725
Swap:           2147           3        2144
Total:         16662        4305        2795

               total        used        free      shared  buff/cache   available
Mem:           14514        4337         619         149        9557        9689
Swap:           2147           3        2144
Total:         16662        4341        2763

               total        used        free      shared  buff/cache   available
Mem:           14514        4436         518         149        9559        9590
Swap:           2147           3        2144
Total:         16662        4439        2662

               total        used        free      shared  buff/cache   available
Mem:           14514        4380         573         149        9561        9647
Swap:           2147           3        2144
Total:         16662        4383        2717

               total        used        free      shared  buff/cache   available
Mem:           14514        4381         571         149        9561        9645
Swap:           2147           3        2144
Total:         16662        4385        2715

               total        used        free      shared  buff/cache   available
Mem:           14514        4320         632         149        9561        9706
Swap:           2147           3        2144
Total:         16662        4324        2776

               total        used        free      shared  buff/cache   available
Mem:           14514        4293         659         149        9561        9733
Swap:           2147           3        2144
Total:         16662        4297        2803

               total        used        free      shared  buff/cache   available
Mem:           14514        4294         662         149        9557        9732
Swap:           2147           3        2144
Total:         16662        4297        2806

               total        used        free      shared  buff/cache   available
Mem:           14514        4377         578         149        9559        9649
Swap:           2147           3        2144
Total:         16662        4380        2722

               total        used        free      shared  buff/cache   available
Mem:           14514        4333         619         149        9561        9694
Swap:           2147           3        2144
Total:         16662        4336        2763

               total        used        free      shared  buff/cache   available
Mem:           14514        4332         620         149        9561        9694
Swap:           2147           3        2144
Total:         16662        4336        2764

               total        used        free      shared  buff/cache   available
Mem:           14514        4289         663         149        9561        9737
Swap:           2147           3        2144
Total:         16662        4292        2807

               total        used        free      shared  buff/cache   available
Mem:           14514        4285         667         149        9561        9741
Swap:           2147           3        2144
Total:         16662        4288        2811

               total        used        free      shared  buff/cache   available
Mem:           14514        4284         668         149        9561        9742
Swap:           2147           3        2144
Total:         16662        4288        2812

               total        used        free      shared  buff/cache   available
Mem:           14514        4328         627         149        9558        9698
Swap:           2147           3        2144
Total:         16662        4331        2771

               total        used        free      shared  buff/cache   available
Mem:           14514        4334         618         149        9561        9692
Swap:           2147           3        2144
Total:         16662        4338        2762

               total        used        free      shared  buff/cache   available
Mem:           14514        4346         605         149        9561        9680
Swap:           2147           3        2144
Total:         16662        4350        2749

               total        used        free      shared  buff/cache   available
Mem:           14514        4327         625         149        9561        9699
Swap:           2147           3        2144
Total:         16662        4330        2769

               total        used        free      shared  buff/cache   available
Mem:           14514        4275         677         149        9561        9751
Swap:           2147           3        2144
Total:         16662        4278        2821

               total        used        free      shared  buff/cache   available
Mem:           14514        4254         698         149        9561        9772
Swap:           2147           3        2144
Total:         16662        4257        2842

               total        used        free      shared  buff/cache   available
Mem:           14514        4277         677         149        9558        9749
Swap:           2147           3        2144
Total:         16662        4281        2822

               total        used        free      shared  buff/cache   available
Mem:           14514        4312         640         149        9562        9714
Swap:           2147           3        2144
Total:         16662        4315        2784

               total        used        free      shared  buff/cache   available
Mem:           14514        4323         628         149        9562        9703
Swap:           2147           3        2144
Total:         16662        4327        2773

               total        used        free      shared  buff/cache   available
Mem:           14514        4320         631         149        9562        9706
Swap:           2147           3        2144
Total:         16662        4324        2775

               total        used        free      shared  buff/cache   available
Mem:           14514        4286         662         152        9565        9736
Swap:           2147           3        2144
Total:         16662        4290        2806

               total        used        free      shared  buff/cache   available
Mem:           14514        4260         688         152        9565        9763
Swap:           2147           3        2144
Total:         16662        4263        2833

               total        used        free      shared  buff/cache   available
Mem:           14514        4249         703         152        9561        9774
Swap:           2147           3        2144
Total:         16662        4253        2847

               total        used        free      shared  buff/cache   available
Mem:           14514        4369         585         149        9559        9657
Swap:           2147           3        2144
Total:         16662        4372        2729

               total        used        free      shared  buff/cache   available
Mem:           14514        4324         628         149        9562        9702
Swap:           2147           3        2144
Total:         16662        4327        2772

               total        used        free      shared  buff/cache   available
Mem:           14514        4325         627         149        9562        9701
Swap:           2147           3        2144
Total:         16662        4328        2771

               total        used        free      shared  buff/cache   available
Mem:           14514        4275         677         149        9562        9751
Swap:           2147           3        2144
Total:         16662        4278        2821

               total        used        free      shared  buff/cache   available
Mem:           14514        4261         691         149        9562        9765
Swap:           2147           3        2144
Total:         16662        4264        2835

               total        used        free      shared  buff/cache   available
Mem:           14514        4225         726         149        9562        9801
Swap:           2147           3        2144
Total:         16662        4229        2870

               total        used        free      shared  buff/cache   available
Mem:           14514        4344         611         148        9558        9683
Swap:           2147           3        2144
Total:         16662        4347        2755

               total        used        free      shared  buff/cache   available
Mem:           14514        4330         622         148        9561        9697
Swap:           2147           3        2144
Total:         16662        4333        2767

               total        used        free      shared  buff/cache   available
Mem:           14514        4341         611         148        9561        9686
Swap:           2147           3        2144
Total:         16662        4344        2755

               total        used        free      shared  buff/cache   available
Mem:           14514        4283         669         148        9561        9744
Swap:           2147           3        2144
Total:         16662        4286        2814

               total        used        free      shared  buff/cache   available
Mem:           14514        4311         641         148        9561        9716
Swap:           2147           3        2144
Total:         16662        4315        2785

               total        used        free      shared  buff/cache   available
Mem:           14514        4301         651         148        9561        9726
Swap:           2147           3        2144
Total:         16662        4305        2795

               total        used        free      shared  buff/cache   available
Mem:           14514        4354         602         148        9558        9673
Swap:           2147           3        2144
Total:         16662        4357        2746

               total        used        free      shared  buff/cache   available
Mem:           14514        4375         577         148        9561        9652
Swap:           2147           3        2144
Total:         16662        4378        2721

               total        used        free      shared  buff/cache   available
Mem:           14514        4363         590         148        9561        9664
Swap:           2147           3        2144
Total:         16662        4366        2734

               total        used        free      shared  buff/cache   available
Mem:           14514        4340         612         148        9561        9687
Swap:           2147           3        2144
Total:         16662        4344        2756

               total        used        free      shared  buff/cache   available
Mem:           14514        4290         662         148        9561        9737
Swap:           2147           3        2144
Total:         16662        4294        2806

               total        used        free      shared  buff/cache   available
Mem:           14514        4301         652         148        9561        9726
Swap:           2147           3        2144
Total:         16662        4304        2796

               total        used        free      shared  buff/cache   available
Mem:           14514        4303         653         148        9557        9724
Swap:           2147           3        2144
Total:         16662        4307        2797

               total        used        free      shared  buff/cache   available
Mem:           14514        4422         530         148        9561        9605
Swap:           2147           3        2144
Total:         16662        4426        2674

               total        used        free      shared  buff/cache   available
Mem:           14514        4367         585         148        9561        9660
Swap:           2147           3        2144
Total:         16662        4371        2729

               total        used        free      shared  buff/cache   available
Mem:           14514        4347         605         148        9561        9680
Swap:           2147           3        2144
Total:         16662        4350        2749

               total        used        free      shared  buff/cache   available
Mem:           14514        4303         649         148        9561        9724
Swap:           2147           3        2144
Total:         16662        4307        2793

               total        used        free      shared  buff/cache   available
Mem:           14514        4299         653         148        9561        9728
Swap:           2147           3        2144
Total:         16662        4302        2797

               total        used        free      shared  buff/cache   available
Mem:           14514        4286         670         148        9557        9741
Swap:           2147           3        2144
Total:         16662        4289        2814

               total        used        free      shared  buff/cache   available
Mem:           14514        4381         574         148        9559        9646
Swap:           2147           3        2144
Total:         16662        4384        2718

               total        used        free      shared  buff/cache   available
Mem:           14514        4339         613         148        9561        9688
Swap:           2147           3        2144
Total:         16662        4342        2757

               total        used        free      shared  buff/cache   available
Mem:           14514        4345         603         151        9565        9678
Swap:           2147           3        2144
Total:         16662        4349        2747

               total        used        free      shared  buff/cache   available
Mem:           14514        4306         642         151        9565        9718
Swap:           2147           3        2144
Total:         16662        4310        2786

               total        used        free      shared  buff/cache   available
Mem:           14514        4293         655         151        9565        9730
Swap:           2147           3        2144
Total:         16662        4297        2799

               total        used        free      shared  buff/cache   available
Mem:           14514        4236         716         148        9561        9791
Swap:           2147           3        2144
Total:         16662        4239        2860

               total        used        free      shared  buff/cache   available
Mem:           14514        4385         569         148        9559        9642
Swap:           2147           3        2144
Total:         16662        4389        2713

               total        used        free      shared  buff/cache   available
Mem:           14514        4377         574         148        9562        9650
Swap:           2147           3        2144
Total:         16662        4381        2718

               total        used        free      shared  buff/cache   available
Mem:           14514        4359         592         148        9562        9668
Swap:           2147           3        2144
Total:         16662        4363        2736

               total        used        free      shared  buff/cache   available
Mem:           14514        4350         601         148        9562        9676
Swap:           2147           3        2144
Total:         16662        4354        2745

               total        used        free      shared  buff/cache   available
Mem:           14514        4310         641         148        9562        9717
Swap:           2147           3        2144
Total:         16662        4314        2786

               total        used        free      shared  buff/cache   available
Mem:           14514        4306         646         148        9562        9721
Swap:           2147           3        2144
Total:         16662        4309        2790

               total        used        free      shared  buff/cache   available
Mem:           14514        4344         610         148        9559        9683
Swap:           2147           3        2144
Total:         16662        4348        2754

               total        used        free      shared  buff/cache   available
Mem:           14514        4357         595         148        9562        9670
Swap:           2147           3        2144
Total:         16662        4360        2739

               total        used        free      shared  buff/cache   available
Mem:           14514        4353         599         148        9562        9674
Swap:           2147           3        2144
Total:         16662        4356        2743

               total        used        free      shared  buff/cache   available
Mem:           14514        4327         625         148        9562        9700
Swap:           2147           3        2144
Total:         16662        4330        2769

               total        used        free      shared  buff/cache   available
Mem:           14514        4273         679         148        9562        9754
Swap:           2147           3        2144
Total:         16662        4276        2823

               total        used        free      shared  buff/cache   available
Mem:           14514        4249         703         148        9562        9778
Swap:           2147           3        2144
Total:         16662        4252        2847

               total        used        free      shared  buff/cache   available
Mem:           14514        4290         665         148        9558        9737
Swap:           2147           3        2144
Total:         16662        4293        2809

               total        used        free      shared  buff/cache   available
Mem:           14514        4336         615         148        9562        9690
Swap:           2147           3        2144
Total:         16662        4340        2759

               total        used        free      shared  buff/cache   available
Mem:           14514        4352         599         148        9562        9675
Swap:           2147           3        2144
Total:         16662        4355        2743

               total        used        free      shared  buff/cache   available
Mem:           14514        4348         603         148        9562        9679
Swap:           2147           3        2144
Total:         16662        4352        2747

               total        used        free      shared  buff/cache   available
Mem:           14514        4301         650         148        9562        9726
Swap:           2147           3        2144
Total:         16662        4305        2794

               total        used        free      shared  buff/cache   available
Mem:           14514        4290         661         148        9562        9737
Swap:           2147           3        2144
Total:         16662        4294        2805

               total        used        free      shared  buff/cache   available
Mem:           14514        4273         683         148        9558        9754
Swap:           2147           3        2144
Total:         16662        4276        2827

               total        used        free      shared  buff/cache   available
Mem:           14514        4336         618         148        9560        9691
Swap:           2147           3        2144
Total:         16662        4339        2762

               total        used        free      shared  buff/cache   available
Mem:           14514        4307         644         148        9562        9720
Swap:           2147           3        2144
Total:         16662        4310        2788

               total        used        free      shared  buff/cache   available
Mem:           14514        4306         645         148        9562        9721
Swap:           2147           3        2144
Total:         16662        4309        2789

               total        used        free      shared  buff/cache   available
Mem:           14514        4243         708         148        9562        9784
Swap:           2147           3        2144
Total:         16662        4247        2852

               total        used        free      shared  buff/cache   available
Mem:           14514        4247         704         148        9562        9780
Swap:           2147           3        2144
Total:         16662        4250        2848

               total        used        free      shared  buff/cache   available
Mem:           14514        4205         746         148        9562        9822
Swap:           2147           3        2144
Total:         16662        4209        2890

               total        used        free      shared  buff/cache   available
Mem:           14514        4370         583         148        9560        9656
Swap:           2147           3        2144
Total:         16662        4374        2727

               total        used        free      shared  buff/cache   available
Mem:           14514        4355         593         152        9566        9669
Swap:           2147           3        2144
Total:         16662        4359        2737

               total        used        free      shared  buff/cache   available
Mem:           14514        4352         595         152        9566        9672
Swap:           2147           3        2144
Total:         16662        4356        2739

               total        used        free      shared  buff/cache   available
Mem:           14514        4341         606         152        9566        9683
Swap:           2147           3        2144
Total:         16662        4345        2750

               total        used        free      shared  buff/cache   available
Mem:           14514        4290         661         148        9562        9737
Swap:           2147           3        2144
Total:         16662        4293        2805

               total        used        free      shared  buff/cache   available
Mem:           14514        4274         677         148        9562        9753
Swap:           2147           3        2144
Total:         16662        4277        2821

               total        used        free      shared  buff/cache   available
Mem:           14514        4358         596         148        9560        9669
Swap:           2147           3        2144
Total:         16662        4361        2740

               total        used        free      shared  buff/cache   available
Mem:           14514        4303         647         148        9563        9723
Swap:           2147           3        2144
Total:         16662        4307        2791

               total        used        free      shared  buff/cache   available
Mem:           14514        4306         644         148        9563        9720
Swap:           2147           3        2144
Total:         16662        4310        2788

               total        used        free      shared  buff/cache   available
Mem:           14514        4296         654         148        9563        9730
Swap:           2147           3        2144
Total:         16662        4300        2798

               total        used        free      shared  buff/cache   available
Mem:           14514        4240         710         148        9563        9787
Swap:           2147           3        2144
Total:         16662        4243        2855

               total        used        free      shared  buff/cache   available
Mem:           14514        4227         724         148        9563        9800
Swap:           2147           3        2144
Total:         16662        4230        2868

               total        used        free      shared  buff/cache   available
Mem:           14514        4294         660         148        9559        9733
Swap:           2147           3        2144
Total:         16662        4297        2804

               total        used        free      shared  buff/cache   available
Mem:           14514        4322         628         148        9563        9705
Swap:           2147           3        2144
Total:         16662        4326        2772

               total        used        free      shared  buff/cache   available
Mem:           14514        4372         578         148        9563        9654
Swap:           2147           3        2144
Total:         16662        4376        2722

               total        used        free      shared  buff/cache   available
Mem:           14514        4373         577         148        9563        9654
Swap:           2147           3        2144
Total:         16662        4377        2721

               total        used        free      shared  buff/cache   available
Mem:           14514        4313         638         148        9563        9714
Swap:           2147           3        2144
Total:         16662        4316        2782

               total        used        free      shared  buff/cache   available
Mem:           14514        4305         645         148        9563        9721
Swap:           2147           3        2144
Total:         16662        4309        2789

               total        used        free      shared  buff/cache   available
Mem:           14514        4316         639         148        9559        9711
Swap:           2147           3        2144
Total:         16662        4319        2783

               total        used        free      shared  buff/cache   available
Mem:           14514        4427         526         148        9560        9600
Swap:           2147           3        2144
Total:         16662        4430        2670

               total        used        free      shared  buff/cache   available
Mem:           14514        4390         561         148        9563        9637
Swap:           2147           3        2144
Total:         16662        4393        2705

               total        used        free      shared  buff/cache   available
Mem:           14514        4370         580         148        9563        9656
Swap:           2147           3        2144
Total:         16662        4374        2724

               total        used        free      shared  buff/cache   available
Mem:           14514        4310         640         148        9563        9717
Swap:           2147           3        2144
Total:         16662        4313        2784

               total        used        free      shared  buff/cache   available
Mem:           14514        4315         635         148        9563        9712
Swap:           2147           3        2144
Total:         16662        4319        2779

               total        used        free      shared  buff/cache   available
Mem:           14514        4254         700         148        9559        9773
Swap:           2147           3        2144
Total:         16662        4258        2844

               total        used        free      shared  buff/cache   available
Mem:           14514        4402         551         148        9560        9625
Swap:           2147           3        2144
Total:         16662        4406        2695

               total        used        free      shared  buff/cache   available
Mem:           14514        4384         566         148        9563        9643
Swap:           2147           3        2144
Total:         16662        4388        2710

               total        used        free      shared  buff/cache   available
Mem:           14514        4374         576         148        9563        9653
Swap:           2147           3        2144
Total:         16662        4377        2720

               total        used        free      shared  buff/cache   available
Mem:           14514        4331         619         148        9563        9696
Swap:           2147           3        2144
Total:         16662        4334        2763

               total        used        free      shared  buff/cache   available
Mem:           14514        4321         630         148        9563        9706
Swap:           2147           3        2144
Total:         16662        4324        2774

               total        used        free      shared  buff/cache   available
Mem:           14514        4285         665         148        9563        9742
Swap:           2147           3        2144
Total:         16662        4288        2809

               total        used        free      shared  buff/cache   available
Mem:           14514        4396         553         152        9564        9627
Swap:           2147           3        2144
Total:         16662        4400        2697

               total        used        free      shared  buff/cache   available
Mem:           14514        4405         542         152        9567        9619
Swap:           2147           3        2144
Total:         16662        4408        2686

               total        used        free      shared  buff/cache   available
Mem:           14514        4401         545         152        9567        9623
Swap:           2147           3        2144
Total:         16662        4405        2690

               total        used        free      shared  buff/cache   available
Mem:           14514        4375         575         148        9563        9652
Swap:           2147           3        2144
Total:         16662        4379        2719

               total        used        free      shared  buff/cache   available
Mem:           14514        4327         623         148        9563        9700
Swap:           2147           3        2144
Total:         16662        4330        2767

               total        used        free      shared  buff/cache   available
Mem:           14514        4315         635         148        9563        9712
Swap:           2147           3        2144
Total:         16662        4319        2779

               total        used        free      shared  buff/cache   available
Mem:           14514        4353         600         148        9560        9674
Swap:           2147           3        2144
Total:         16662        4357        2744

               total        used        free      shared  buff/cache   available
Mem:           14514        4385         564         148        9563        9642
Swap:           2147           3        2144
Total:         16662        4389        2709

               total        used        free      shared  buff/cache   available
Mem:           14514        4379         571         148        9563        9648
Swap:           2147           3        2144
Total:         16662        4382        2715

               total        used        free      shared  buff/cache   available
Mem:           14514        4365         584         148        9563        9661
Swap:           2147           3        2144
Total:         16662        4369        2729

               total        used        free      shared  buff/cache   available
Mem:           14514        4312         638         148        9563        9715
Swap:           2147           3        2144
Total:         16662        4316        2782

               total        used        free      shared  buff/cache   available
Mem:           14514        4298         652         148        9563        9729
Swap:           2147           3        2144
Total:         16662        4301        2796

               total        used        free      shared  buff/cache   available
Mem:           14514        4309         645         148        9560        9718
Swap:           2147           3        2144
Total:         16662        4312        2789

               total        used        free      shared  buff/cache   available
Mem:           14514        4386         567         148        9561        9641
Swap:           2147           3        2144
Total:         16662        4389        2711

               total        used        free      shared  buff/cache   available
Mem:           14514        4335         614         148        9564        9691
Swap:           2147           3        2144
Total:         16662        4339        2758

               total        used        free      shared  buff/cache   available
Mem:           14514        4334         616         148        9564        9693
Swap:           2147           3        2144
Total:         16662        4337        2760

               total        used        free      shared  buff/cache   available
Mem:           14514        4266         684         148        9564        9761
Swap:           2147           3        2144
Total:         16662        4269        2828

               total        used        free      shared  buff/cache   available
Mem:           14514        4270         680         148        9564        9757
Swap:           2147           3        2144
Total:         16662        4273        2824

               total        used        free      shared  buff/cache   available
Mem:           14514        4209         740         148        9564        9817
Swap:           2147           3        2144
Total:         16662        4213        2884

               total        used        free      shared  buff/cache   available
Mem:           14514        4356         597         148        9561        9671
Swap:           2147           3        2144
Total:         16662        4359        2741

               total        used        free      shared  buff/cache   available
Mem:           14514        4321         629         148        9564        9706
Swap:           2147           3        2144
Total:         16662        4324        2773

               total        used        free      shared  buff/cache   available
Mem:           14514        4325         624         148        9564        9701
Swap:           2147           3        2144
Total:         16662        4329        2768

               total        used        free      shared  buff/cache   available
Mem:           14514        4308         642         149        9564        9719
Swap:           2147           3        2144
Total:         16662        4311        2786

               total        used        free      shared  buff/cache   available
Mem:           14514        4252         697         149        9564        9775
Swap:           2147           3        2144
Total:         16662        4256        2841

               total        used        free      shared  buff/cache   available
Mem:           14514        4226         724         149        9564        9801
Swap:           2147           3        2144
Total:         16662        4229        2868

               total        used        free      shared  buff/cache   available
Mem:           14514        4301         652         149        9561        9726
Swap:           2147           3        2144
Total:         16662        4304        2796

               total        used        free      shared  buff/cache   available
Mem:           14514        4344         605         149        9564        9683
Swap:           2147           3        2144
Total:         16662        4347        2749

               total        used        free      shared  buff/cache   available
Mem:           14514        4349         600         149        9564        9678
Swap:           2147           3        2144
Total:         16662        4352        2744

               total        used        free      shared  buff/cache   available
Mem:           14514        4335         614         149        9564        9692
Swap:           2147           3        2144
Total:         16662        4338        2758

               total        used        free      shared  buff/cache   available
Mem:           14514        4276         673         149        9564        9751
Swap:           2147           3        2144
Total:         16662        4280        2817

               total        used        free      shared  buff/cache   available
Mem:           14514        4269         674         154        9570        9752
Swap:           2147           3        2144
Total:         16662        4273        2818

               total        used        free      shared  buff/cache   available
Mem:           14514        4304         643         154        9566        9717
Swap:           2147           3        2144
Total:         16662        4308        2787

               total        used        free      shared  buff/cache   available
Mem:           14514        4431         509         160        9574        9584
Swap:           2147           3        2144
Total:         16662        4434        2653

               total        used        free      shared  buff/cache   available
Mem:           14514        4372         568         157        9573        9646
Swap:           2147           3        2144
Total:         16662        4376        2712

               total        used        free      shared  buff/cache   available
Mem:           14514        4362         578         157        9573        9656
Swap:           2147           3        2144
Total:         16662        4365        2722

               total        used        free      shared  buff/cache   available
Mem:           14514        4319         621         157        9573        9699
Swap:           2147           3        2144
Total:         16662        4323        2765

               total        used        free      shared  buff/cache   available
Mem:           14514        4306         634         157        9573        9712
Swap:           2147           3        2144
Total:         16662        4310        2778

               total        used        free      shared  buff/cache   available
Mem:           14514        4266         674         157        9573        9752
Swap:           2147           3        2144
Total:         16662        4270        2818

               total        used        free      shared  buff/cache   available
Mem:           14514        4403         540         157        9570        9615
Swap:           2147           3        2144
Total:         16662        4406        2684

               total        used        free      shared  buff/cache   available
Mem:           14514        4400         540         157        9573        9618
Swap:           2147           3        2144
Total:         16662        4404        2684

               total        used        free      shared  buff/cache   available
Mem:           14514        4386         554         157        9573        9632
Swap:           2147           3        2144
Total:         16662        4389        2698

               total        used        free      shared  buff/cache   available
Mem:           14514        4364         576         157        9573        9654
Swap:           2147           3        2144
Total:         16662        4368        2720

               total        used        free      shared  buff/cache   available
Mem:           14514        4325         615         157        9573        9693
Swap:           2147           3        2144
Total:         16662        4329        2759

               total        used        free      shared  buff/cache   available
Mem:           14514        4357         583         157        9573        9661
Swap:           2147           3        2144
Total:         16662        4360        2727

               total        used        free      shared  buff/cache   available
Mem:           14514        4429         514         157        9571        9589
Swap:           2147           3        2144
Total:         16662        4432        2658

               total        used        free      shared  buff/cache   available
Mem:           14514        4449         490         157        9574        9569
Swap:           2147           3        2144
Total:         16662        4453        2634

               total        used        free      shared  buff/cache   available
Mem:           14514        4427         513         157        9574        9591
Swap:           2147           3        2144
Total:         16662        4430        2657

               total        used        free      shared  buff/cache   available
Mem:           14514        4415         524         157        9574        9603
Swap:           2147           3        2144
Total:         16662        4419        2668

               total        used        free      shared  buff/cache   available
Mem:           14514        4376         563         157        9574        9641
Swap:           2147           3        2144
Total:         16662        4380        2707

               total        used        free      shared  buff/cache   available
Mem:           14514        4369         570         157        9574        9649
Swap:           2147           3        2144
Total:         16662        4373        2714

               total        used        free      shared  buff/cache   available
Mem:           14514        4368         574         157        9571        9650
Swap:           2147           3        2144
Total:         16662        4372        2719

               total        used        free      shared  buff/cache   available
Mem:           14514        4420         519         157        9574        9598
Swap:           2147           3        2144
Total:         16662        4424        2663

               total        used        free      shared  buff/cache   available
Mem:           14514        4436         504         157        9574        9582
Swap:           2147           3        2144
Total:         16662        4439        2648

               total        used        free      shared  buff/cache   available
Mem:           14514        4421         518         157        9574        9597
Swap:           2147           3        2144
Total:         16662        4424        2662

               total        used        free      shared  buff/cache   available
Mem:           14514        4374         566         157        9574        9644
Swap:           2147           3        2144
Total:         16662        4377        2710

               total        used        free      shared  buff/cache   available
Mem:           14514        4351         589         157        9574        9667
Swap:           2147           3        2144
Total:         16662        4354        2733

               total        used        free      shared  buff/cache   available
Mem:           14514        4356         587         157        9570        9662
Swap:           2147           3        2144
Total:         16662        4360        2731

               total        used        free      shared  buff/cache   available
Mem:           14514        4448         494         158        9571        9569
Swap:           2147           3        2144
Total:         16662        4452        2638

               total        used        free      shared  buff/cache   available
Mem:           14514        4405         535         158        9574        9613
Swap:           2147           3        2144
Total:         16662        4408        2679

               total        used        free      shared  buff/cache   available
Mem:           14514        4404         536         158        9574        9614
Swap:           2147           3        2144
Total:         16662        4407        2680

               total        used        free      shared  buff/cache   available
Mem:           14514        4372         564         161        9577        9643
Swap:           2147           3        2144
Total:         16662        4375        2708

               total        used        free      shared  buff/cache   available
Mem:           14514        4354         582         161        9577        9660
Swap:           2147           3        2144
Total:         16662        4358        2726

               total        used        free      shared  buff/cache   available
Mem:           14514        4299         638         161        9577        9716
Swap:           2147           3        2144
Total:         16662        4302        2782

               total        used        free      shared  buff/cache   available
Mem:           14514        4417         525         158        9571        9601
Swap:           2147           3        2144
Total:         16662        4420        2669

               total        used        free      shared  buff/cache   available
Mem:           14514        4372         567         158        9574        9646
Swap:           2147           3        2144
Total:         16662        4375        2711

               total        used        free      shared  buff/cache   available
Mem:           14514        4369         570         158        9574        9649
Swap:           2147           3        2144
Total:         16662        4372        2714

               total        used        free      shared  buff/cache   available
Mem:           14514        4365         574         158        9574        9652
Swap:           2147           3        2144
Total:         16662        4369        2718

               total        used        free      shared  buff/cache   available
Mem:           14514        4328         611         158        9574        9689
Swap:           2147           3        2144
Total:         16662        4332        2755

               total        used        free      shared  buff/cache   available
Mem:           14514        4322         617         158        9574        9695
Swap:           2147           3        2144
Total:         16662        4326        2761

               total        used        free      shared  buff/cache   available
Mem:           14514        4353         589         158        9571        9665
Swap:           2147           3        2144
Total:         16662        4356        2733

               total        used        free      shared  buff/cache   available
Mem:           14514        4377         562         158        9574        9641
Swap:           2147           3        2144
Total:         16662        4380        2706

               total        used        free      shared  buff/cache   available
Mem:           14514        4414         525         158        9574        9604
Swap:           2147           3        2144
Total:         16662        4417        2669

               total        used        free      shared  buff/cache   available
Mem:           14514        4398         541         158        9574        9620
Swap:           2147           3        2144
Total:         16662        4401        2685

               total        used        free      shared  buff/cache   available
Mem:           14514        4330         609         158        9574        9688
Swap:           2147           3        2144
Total:         16662        4333        2753

               total        used        free      shared  buff/cache   available
Mem:           14514        4329         610         158        9574        9689
Swap:           2147           3        2144
Total:         16662        4332        2754

               total        used        free      shared  buff/cache   available
Mem:           14514        4336         607         158        9571        9682
Swap:           2147           3        2144
Total:         16662        4339        2751

               total        used        free      shared  buff/cache   available
Mem:           14514        4463         477         158        9572        9554
Swap:           2147           3        2144
Total:         16662        4467        2621

               total        used        free      shared  buff/cache   available
Mem:           14514        4377         562         158        9574        9641
Swap:           2147           3        2144
Total:         16662        4380        2706

               total        used        free      shared  buff/cache   available
Mem:           14514        4375         564         158        9574        9643
Swap:           2147           3        2144
Total:         16662        4378        2708

               total        used        free      shared  buff/cache   available
Mem:           14514        4326         612         158        9574        9691
Swap:           2147           3        2144
Total:         16662        4330        2756

               total        used        free      shared  buff/cache   available
Mem:           14514        4301         638         158        9575        9717
Swap:           2147           3        2144
Total:         16662        4305        2782

               total        used        free      shared  buff/cache   available
Mem:           14514        4260         683         157        9570        9758
Swap:           2147           3        2144
Total:         16662        4263        2827

               total        used        free      shared  buff/cache   available
Mem:           14514        4421         520         158        9572        9597
Swap:           2147           3        2144
Total:         16662        4424        2665

               total        used        free      shared  buff/cache   available
Mem:           14514        4407         531         158        9575        9610
Swap:           2147           3        2144
Total:         16662        4411        2675

               total        used        free      shared  buff/cache   available
Mem:           14514        4396         543         158        9575        9622
Swap:           2147           3        2144
Total:         16662        4399        2687

               total        used        free      shared  buff/cache   available
Mem:           14514        4332         606         158        9575        9685
Swap:           2147           3        2144
Total:         16662        4336        2750

               total        used        free      shared  buff/cache   available
Mem:           14514        4321         618         158        9575        9697
Swap:           2147           3        2144
Total:         16662        4324        2762

               total        used        free      shared  buff/cache   available
Mem:           14514        4314         625         158        9575        9704
Swap:           2147           3        2144
Total:         16662        4317        2769

               total        used        free      shared  buff/cache   available
Mem:           14514        4376         565         158        9572        9642
Swap:           2147           3        2144
Total:         16662        4380        2709

               total        used        free      shared  buff/cache   available
Mem:           14514        4368         571         158        9575        9650
Swap:           2147           3        2144
Total:         16662        4371        2715

               total        used        free      shared  buff/cache   available
Mem:           14514        4346         589         161        9578        9669
Swap:           2147           3        2144
Total:         16662        4349        2734

               total        used        free      shared  buff/cache   available
Mem:           14514        4344         592         161        9578        9671
Swap:           2147           3        2144
Total:         16662        4347        2736

               total        used        free      shared  buff/cache   available
Mem:           14514        4291         647         158        9575        9726
Swap:           2147           3        2144
Total:         16662        4294        2791

               total        used        free      shared  buff/cache   available
Mem:           14514        4250         697         149        9566        9776
Swap:           2147           3        2144
Total:         16662        4254        2841

               total        used        free      shared  buff/cache   available
Mem:           14514        4278         672         149        9563        9748
Swap:           2147           3        2144
Total:         16662        4282        2816

               total        used        free      shared  buff/cache   available
Mem:           14514        4355         592         149        9566        9672
Swap:           2147           3        2144
Total:         16662        4358        2736

               total        used        free      shared  buff/cache   available
Mem:           14514        4335         612         149        9566        9691
Swap:           2147           3        2144
Total:         16662        4339        2756

               total        used        free      shared  buff/cache   available
Mem:           14514        4335         612         149        9566        9691
Swap:           2147           3        2144
Total:         16662        4339        2756

               total        used        free      shared  buff/cache   available
Mem:           14514        4282         665         149        9566        9745
Swap:           2147           3        2144
Total:         16662        4285        2809

               total        used        free      shared  buff/cache   available
Mem:           14514        4263         683         149        9566        9763
Swap:           2147           3        2144
Total:         16662        4267        2828

               total        used        free      shared  buff/cache   available
Mem:           14514        4272         679         149        9562        9755
Swap:           2147           3        2144
Total:         16662        4275        2823

               total        used        free      shared  buff/cache   available
Mem:           14514        4385         565         149        9564        9642
Swap:           2147           3        2144
Total:         16662        4388        2709

               total        used        free      shared  buff/cache   available
Mem:           14514        4355         591         149        9566        9671
Swap:           2147           3        2144
Total:         16662        4359        2735

               total        used        free      shared  buff/cache   available
Mem:           14514        4379         568         149        9566        9647
Swap:           2147           3        2144
Total:         16662        4383        2712

               total        used        free      shared  buff/cache   available
Mem:           14514        4323         623         149        9566        9703
Swap:           2147           3        2144
Total:         16662        4327        2768

               total        used        free      shared  buff/cache   available
Mem:           14514        4312         634         149        9566        9714
Swap:           2147           3        2144
Total:         16662        4316        2779

               total        used        free      shared  buff/cache   available
Mem:           14514        4260         691         149        9562        9766
Swap:           2147           3        2144
Total:         16662        4264        2835

               total        used        free      shared  buff/cache   available
Mem:           14514        4421         529         149        9564        9606
Swap:           2147           3        2144
Total:         16662        4424        2673

               total        used        free      shared  buff/cache   available
Mem:           14514        4404         543         149        9566        9623
Swap:           2147           3        2144
Total:         16662        4407        2687

               total        used        free      shared  buff/cache   available
Mem:           14514        4407         540         149        9566        9620
Swap:           2147           3        2144
Total:         16662        4410        2684

               total        used        free      shared  buff/cache   available
Mem:           14514        4349         598         149        9566        9677
Swap:           2147           3        2144
Total:         16662        4353        2742

               total        used        free      shared  buff/cache   available
Mem:           14514        4336         611         149        9566        9691
Swap:           2147           3        2144
Total:         16662        4339        2755

               total        used        free      shared  buff/cache   available
Mem:           14514        4302         645         149        9566        9725
Swap:           2147           3        2144
Total:         16662        4305        2789

               total        used        free      shared  buff/cache   available
Mem:           14514        4416         534         149        9564        9611
Swap:           2147           3        2144
Total:         16662        4419        2678

               total        used        free      shared  buff/cache   available
Mem:           14514        4395         552         149        9567        9632
Swap:           2147           3        2144
Total:         16662        4398        2696

               total        used        free      shared  buff/cache   available
Mem:           14514        4370         577         149        9567        9656
Swap:           2147           3        2144
Total:         16662        4373        2721

               total        used        free      shared  buff/cache   available
Mem:           14514        4376         570         149        9567        9650
Swap:           2147           3        2144
Total:         16662        4380        2714

               total        used        free      shared  buff/cache   available
Mem:           14514        4310         636         149        9567        9716
Swap:           2147           3        2144
Total:         16662        4314        2780

               total        used        free      shared  buff/cache   available
Mem:           14514        4307         640         149        9567        9720
Swap:           2147           3        2144
Total:         16662        4310        2784

               total        used        free      shared  buff/cache   available
Mem:           14514        4364         585         149        9563        9662
Swap:           2147           3        2144
Total:         16662        4368        2730

               total        used        free      shared  buff/cache   available
Mem:           14514        4420         524         152        9570        9604
Swap:           2147           3        2144
Total:         16662        4423        2668

               total        used        free      shared  buff/cache   available
Mem:           14514        4419         524         152        9570        9604
Swap:           2147           3        2144
Total:         16662        4423        2668

               total        used        free      shared  buff/cache   available
Mem:           14514        4416         528         152        9570        9608
Swap:           2147           3        2144
Total:         16662        4419        2672

               total        used        free      shared  buff/cache   available
Mem:           14514        4323         624         149        9567        9704
Swap:           2147           3        2144
Total:         16662        4326        2768

               total        used        free      shared  buff/cache   available
Mem:           14514        4305         641         149        9567        9721
Swap:           2147           3        2144
Total:         16662        4308        2785

               total        used        free      shared  buff/cache   available
Mem:           14514        4265         685         149        9563        9761
Swap:           2147           3        2144
Total:         16662        4269        2829

               total        used        free      shared  buff/cache   available
Mem:           14514        4373         577         149        9564        9654
Swap:           2147           3        2144
Total:         16662        4376        2721

               total        used        free      shared  buff/cache   available
Mem:           14514        4387         559         149        9567        9639
Swap:           2147           3        2144
Total:         16662        4391        2703

               total        used        free      shared  buff/cache   available
Mem:           14514        4368         578         149        9567        9659
Swap:           2147           3        2144
Total:         16662        4371        2722

               total        used        free      shared  buff/cache   available
Mem:           14514        4330         616         149        9567        9697
Swap:           2147           3        2144
Total:         16662        4333        2760

               total        used        free      shared  buff/cache   available
Mem:           14514        4300         646         149        9567        9727
Swap:           2147           3        2144
Total:         16662        4303        2790

               total        used        free      shared  buff/cache   available
Mem:           14514        4296         650         149        9567        9730
Swap:           2147           3        2144
Total:         16662        4300        2794

               total        used        free      shared  buff/cache   available
Mem:           14514        4365         583         149        9564        9661
Swap:           2147           3        2144
Total:         16662        4369        2728

               total        used        free      shared  buff/cache   available
Mem:           14514        4347         599         149        9567        9679
Swap:           2147           3        2144
Total:         16662        4350        2743

               total        used        free      shared  buff/cache   available
Mem:           14514        4329         617         149        9567        9698
Swap:           2147           3        2144
Total:         16662        4332        2761

               total        used        free      shared  buff/cache   available
Mem:           14514        4303         643         149        9567        9723
Swap:           2147           3        2144
Total:         16662        4307        2787

               total        used        free      shared  buff/cache   available
Mem:           14514        4276         670         149        9567        9750
Swap:           2147           3        2144
Total:         16662        4280        2814

               total        used        free      shared  buff/cache   available
Mem:           14514        4257         688         149        9567        9769
Swap:           2147           3        2144
Total:         16662        4261        2833

               total        used        free      shared  buff/cache   available
Mem:           14514        4305         644         149        9564        9721
Swap:           2147           3        2144
Total:         16662        4309        2788

               total        used        free      shared  buff/cache   available
Mem:           14514        4346         600         149        9568        9680
Swap:           2147           3        2144
Total:         16662        4349        2744

               total        used        free      shared  buff/cache   available
Mem:           14514        4346         600         149        9568        9680
Swap:           2147           3        2144
Total:         16662        4349        2744

               total        used        free      shared  buff/cache   available
Mem:           14514        4359         586         149        9568        9667
Swap:           2147           3        2144
Total:         16662        4363        2731

               total        used        free      shared  buff/cache   available
Mem:           14514        4296         649         149        9568        9730
Swap:           2147           3        2144
Total:         16662        4300        2793

               total        used        free      shared  buff/cache   available
Mem:           14514        4279         666         149        9568        9747
Swap:           2147           3        2144
Total:         16662        4283        2810

               total        used        free      shared  buff/cache   available
Mem:           14514        4230         719         149        9564        9796
Swap:           2147           3        2144
Total:         16662        4234        2863

               total        used        free      shared  buff/cache   available
Mem:           14514        4351         597         149        9566        9676
Swap:           2147           3        2144
Total:         16662        4354        2741

               total        used        free      shared  buff/cache   available
Mem:           14514        4368         577         149        9568        9659
Swap:           2147           3        2144
Total:         16662        4371        2721

               total        used        free      shared  buff/cache   available
Mem:           14514        4360         586         149        9568        9667
Swap:           2147           3        2144
Total:         16662        4363        2730

               total        used        free      shared  buff/cache   available
Mem:           14514        4281         664         149        9568        9746
Swap:           2147           3        2144
Total:         16662        4284        2809

               total        used        free      shared  buff/cache   available
Mem:           14514        4254         691         149        9568        9772
Swap:           2147           3        2144
Total:         16662        4257        2835

               total        used        free      shared  buff/cache   available
Mem:           14514        4245         697         152        9571        9778
Swap:           2147           3        2144
Total:         16662        4248        2841

               total        used        free      shared  buff/cache   available
Mem:           14514        4324         620         152        9569        9699
Swap:           2147           3        2144
Total:         16662        4328        2764

               total        used        free      shared  buff/cache   available
Mem:           14514        4346         596         152        9571        9678
Swap:           2147           3        2144
Total:         16662        4349        2740

               total        used        free      shared  buff/cache   available
Mem:           14514        4346         599         149        9568        9680
Swap:           2147           3        2144
Total:         16662        4349        2743

               total        used        free      shared  buff/cache   available
Mem:           14514        4331         614         149        9568        9696
Swap:           2147           3        2144
Total:         16662        4334        2758

               total        used        free      shared  buff/cache   available
Mem:           14514        4290         655         149        9568        9736
Swap:           2147           3        2144
Total:         16662        4294        2799

               total        used        free      shared  buff/cache   available
Mem:           14514        4270         675         149        9568        9756
Swap:           2147           3        2144
Total:         16662        4273        2819

               total        used        free      shared  buff/cache   available
Mem:           14514        4290         659         149        9565        9737
Swap:           2147           3        2144
Total:         16662        4293        2803

               total        used        free      shared  buff/cache   available
Mem:           14514        4393         553         149        9567        9633
Swap:           2147           3        2144
Total:         16662        4397        2697

               total        used        free      shared  buff/cache   available
Mem:           14514        4345         600         149        9569        9682
Swap:           2147           3        2144
Total:         16662        4348        2744

               total        used        free      shared  buff/cache   available
Mem:           14514        4314         630         149        9569        9712
Swap:           2147           3        2144
Total:         16662        4318        2774

               total        used        free      shared  buff/cache   available
Mem:           14514        4265         680         149        9569        9762
Swap:           2147           3        2144
Total:         16662        4268        2824

               total        used        free      shared  buff/cache   available
Mem:           14514        4256         688         149        9569        9770
Swap:           2147           3        2144
Total:         16662        4260        2832

               total        used        free      shared  buff/cache   available
Mem:           14514        4259         690         149        9565        9767
Swap:           2147           3        2144
Total:         16662        4263        2834

               total        used        free      shared  buff/cache   available
Mem:           14514        4398         549         149        9566        9628
Swap:           2147           3        2144
Total:         16662        4402        2693

               total        used        free      shared  buff/cache   available
Mem:           14514        4370         575         149        9569        9657
Swap:           2147           3        2144
Total:         16662        4373        2719

               total        used        free      shared  buff/cache   available
Mem:           14514        4372         572         149        9569        9654
Swap:           2147           3        2144
Total:         16662        4376        2716

               total        used        free      shared  buff/cache   available
Mem:           14514        4313         631         149        9569        9713
Swap:           2147           3        2144
Total:         16662        4317        2775

               total        used        free      shared  buff/cache   available
Mem:           14514        4309         635         149        9569        9717
Swap:           2147           3        2144
Total:         16662        4313        2779

               total        used        free      shared  buff/cache   available
Mem:           14514        4301         644         149        9569        9725
Swap:           2147           3        2144
Total:         16662        4304        2788

               total        used        free      shared  buff/cache   available
Mem:           14514        4368         579         149        9566        9658
Swap:           2147           3        2144
Total:         16662        4372        2723

               total        used        free      shared  buff/cache   available
Mem:           14514        4368         576         149        9569        9658
Swap:           2147           3        2144
Total:         16662        4372        2720

               total        used        free      shared  buff/cache   available
Mem:           14514        4365         579         149        9569        9661
Swap:           2147           3        2144
Total:         16662        4369        2723

               total        used        free      shared  buff/cache   available
Mem:           14514        4364         580         149        9569        9662
Swap:           2147           3        2144
Total:         16662        4367        2724

               total        used        free      shared  buff/cache   available
Mem:           14514        4320         624         149        9569        9707
Swap:           2147           3        2144
Total:         16662        4323        2769

               total        used        free      shared  buff/cache   available
Mem:           14514        4317         627         149        9569        9709
Swap:           2147           3        2144
Total:         16662        4320        2771

               total        used        free      shared  buff/cache   available
Mem:           14514        4269         679         149        9565        9758
Swap:           2147           3        2144
Total:         16662        4272        2823

               total        used        free      shared  buff/cache   available
Mem:           14514        4262         687         149        9565        9765
Swap:           2147           3        2144
Total:         16662        4265        2831

               total        used        free      shared  buff/cache   available
Mem:           14514        4258         690         149        9565        9768
Swap:           2147           3        2144
Total:         16662        4262        2834

               total        used        free      shared  buff/cache   available
Mem:           14514        4254         694         149        9565        9772
Swap:           2147           3        2144
Total:         16662        4257        2838

               total        used        free      shared  buff/cache   available
Mem:           14514        4249         696         152        9568        9774
Swap:           2147           3        2144
Total:         16662        4253        2840

               total        used        free      shared  buff/cache   available
Mem:           14514        4247         698         152        9568        9776
Swap:           2147           3        2144
Total:         16662        4250        2842

               total        used        free      shared  buff/cache   available
Mem:           14514        4244         701         152        9568        9780
Swap:           2147           3        2144
Total:         16662        4247        2846

               total        used        free      shared  buff/cache   available
Mem:           14514        4224         724         149        9565        9802
Swap:           2147           3        2144
Total:         16662        4228        2868

               total        used        free      shared  buff/cache   available
Mem:           14514        4221         727         149        9565        9805
Swap:           2147           3        2144
Total:         16662        4225        2871

               total        used        free      shared  buff/cache   available
Mem:           14514        4217         732         149        9565        9810
Swap:           2147           3        2144
Total:         16662        4220        2876
