RESET
CPU yadrolab-wp11 1745512311 2025/04/24 19:31:51 2098934 100 24 14774750 20655376 1149767 4996607070 154292 0 15812 0 0 78498 100 0 0
SEP
CPU yadrolab-wp11 1745512312 2025/04/24 19:31:52 1 100 24 17 5 2 2375 0 0 0 0 0 76962 100 0 0
SEP
CPU yadrolab-wp11 1745512313 2025/04/24 19:31:53 1 100 24 15 6 1 2373 0 0 0 0 0 76859 100 0 0
SEP
CPU yadrolab-wp11 1745512314 2025/04/24 19:31:54 1 100 24 12 7 2 2377 0 0 0 0 0 74400 100 0 0
SEP
CPU yadrolab-wp11 1745512315 2025/04/24 19:31:55 1 100 24 13 11 1 2372 0 0 0 0 0 75368 100 0 0
SEP
CPU yadrolab-wp11 1745512316 2025/04/24 19:31:56 1 100 24 14 6 2 2375 0 0 0 0 0 74400 100 0 0
SEP
CPU yadrolab-wp11 1745512317 2025/04/24 19:31:57 1 100 24 14 5 1 2376 0 0 0 0 0 77410 100 0 0
SEP
CPU yadrolab-wp11 1745512318 2025/04/24 19:31:58 1 100 24 17 4 2 2374 0 0 0 0 0 76252 100 0 0
SEP
CPU yadrolab-wp11 1745512319 2025/04/24 19:31:59 1 100 24 11 6 1 2378 0 0 0 0 0 77122 100 0 0
SEP
CPU yadrolab-wp11 1745512320 2025/04/24 19:32:00 1 100 24 19 6 15 2358 0 0 1 0 0 76678 100 0 0
SEP
CPU yadrolab-wp11 1745512321 2025/04/24 19:32:01 1 100 24 14 5 2 2374 0 0 0 0 0 74400 100 0 0
SEP
CPU yadrolab-wp11 1745512322 2025/04/24 19:32:02 1 100 24 58 293 27 2006 6 0 0 0 0 74893 100 0 0
SEP
CPU yadrolab-wp11 1745512323 2025/04/24 19:32:03 1 100 24 22 49 15 2309 3 0 0 0 0 76329 100 0 0
SEP
CPU yadrolab-wp11 1745512324 2025/04/24 19:32:04 1 100 24 22 41 39 2293 3 0 0 0 0 77345 100 0 0
SEP
CPU yadrolab-wp11 1745512325 2025/04/24 19:32:05 1 100 24 30 49 26 2283 2 0 0 0 0 74400 100 0 0
SEP
CPU yadrolab-wp11 1745512326 2025/04/24 19:32:06 1 100 24 52 76 29 2216 12 0 0 0 0 75033 100 0 0
SEP
CPU yadrolab-wp11 1745512327 2025/04/24 19:32:07 1 100 24 41 265 46 2042 1 0 0 0 0 78208 100 0 0
SEP
CPU yadrolab-wp11 1745512328 2025/04/24 19:32:08 1 100 24 19 47 8 2321 0 0 0 0 0 76005 100 0 0
SEP
CPU yadrolab-wp11 1745512329 2025/04/24 19:32:09 1 100 24 20 47 0 2327 0 0 0 0 0 74400 100 0 0
SEP
CPU yadrolab-wp11 1745512330 2025/04/24 19:32:10 1 100 24 34 55 5 2293 0 0 0 0 0 78103 100 0 0
SEP
CPU yadrolab-wp11 1745512331 2025/04/24 19:32:11 1 100 24 27 56 1 2304 0 0 0 0 0 75431 100 0 0
SEP
CPU yadrolab-wp11 1745512332 2025/04/24 19:32:12 1 100 24 43 284 2 2061 2 0 0 0 0 73862 100 0 0
SEP
CPU yadrolab-wp11 1745512333 2025/04/24 19:32:13 1 100 24 22 50 3 2323 0 0 0 0 0 76424 100 0 0
SEP
CPU yadrolab-wp11 1745512334 2025/04/24 19:32:14 1 100 24 17 46 1 2329 0 0 0 0 0 75981 100 0 0
SEP
CPU yadrolab-wp11 1745512335 2025/04/24 19:32:15 1 100 24 28 57 0 2300 0 0 0 0 0 74869 100 0 0
SEP
CPU yadrolab-wp11 1745512336 2025/04/24 19:32:16 1 100 24 21 48 2 2327 0 0 0 0 0 74885 100 0 0
SEP
CPU yadrolab-wp11 1745512337 2025/04/24 19:32:17 1 100 24 52 294 1 2041 2 0 0 0 0 78074 100 0 0
SEP
CPU yadrolab-wp11 1745512338 2025/04/24 19:32:18 1 100 24 24 53 1 2317 0 0 0 0 0 76403 100 0 0
SEP
CPU yadrolab-wp11 1745512339 2025/04/24 19:32:19 1 100 24 23 46 2 2322 0 0 0 0 0 76669 100 0 0
SEP
CPU yadrolab-wp11 1745512340 2025/04/24 19:32:20 1 100 24 34 53 3 2300 0 0 0 0 0 75275 100 0 0
SEP
CPU yadrolab-wp11 1745512341 2025/04/24 19:32:21 1 100 24 20 48 8 2318 0 0 0 0 0 73820 100 0 0
SEP
CPU yadrolab-wp11 1745512342 2025/04/24 19:32:22 1 100 24 65 311 3 2005 1 0 0 0 0 78891 100 0 0
SEP
CPU yadrolab-wp11 1745512343 2025/04/24 19:32:23 1 100 24 18 54 1 2323 0 0 0 0 0 75745 100 0 0
SEP
CPU yadrolab-wp11 1745512344 2025/04/24 19:32:24 1 100 24 18 53 2 2322 0 0 0 0 0 74450 100 0 0
SEP
CPU yadrolab-wp11 1745512345 2025/04/24 19:32:25 1 100 24 24 67 1 2301 0 0 0 0 0 76212 100 0 0
SEP
CPU yadrolab-wp11 1745512346 2025/04/24 19:32:26 1 100 24 17 53 0 2326 0 0 0 0 0 74953 100 0 0
SEP
CPU yadrolab-wp11 1745512347 2025/04/24 19:32:27 1 100 24 62 304 6 2015 2 0 0 0 0 77048 100 0 0
SEP
CPU yadrolab-wp11 1745512348 2025/04/24 19:32:28 1 100 24 23 64 1 2311 0 0 0 0 0 78240 100 0 0
SEP
CPU yadrolab-wp11 1745512349 2025/04/24 19:32:29 1 100 24 19 50 1 2325 0 0 0 0 0 75854 100 0 0
SEP
CPU yadrolab-wp11 1745512350 2025/04/24 19:32:30 1 100 24 17 44 5 2327 0 0 0 0 0 76268 100 0 0
SEP
CPU yadrolab-wp11 1745512351 2025/04/24 19:32:31 1 100 24 28 54 4 2302 1 0 0 0 0 76206 100 0 0
SEP
CPU yadrolab-wp11 1745512352 2025/04/24 19:32:32 1 100 24 73 101 10 2201 1 0 0 0 0 78302 100 0 0
SEP
CPU yadrolab-wp11 1745512353 2025/04/24 19:32:33 1 100 24 24 255 2 2112 0 0 0 0 0 76572 100 0 0
SEP
CPU yadrolab-wp11 1745512354 2025/04/24 19:32:34 1 100 24 18 50 1 2327 0 0 0 0 0 72196 100 0 0
SEP
CPU yadrolab-wp11 1745512355 2025/04/24 19:32:35 1 100 24 21 49 2 2322 0 0 0 0 0 75676 100 0 0
SEP
CPU yadrolab-wp11 1745512356 2025/04/24 19:32:36 1 100 24 28 60 2 2301 0 0 0 0 0 76652 100 0 0
SEP
CPU yadrolab-wp11 1745512357 2025/04/24 19:32:37 1 100 24 45 84 4 2253 2 0 0 0 0 77219 100 0 0
SEP
CPU yadrolab-wp11 1745512358 2025/04/24 19:32:38 1 100 24 22 266 0 2109 0 0 0 0 0 78000 100 0 0
SEP
CPU yadrolab-wp11 1745512359 2025/04/24 19:32:39 1 100 24 19 46 0 2324 0 0 0 0 0 75610 100 0 0
SEP
CPU yadrolab-wp11 1745512360 2025/04/24 19:32:40 1 100 24 18 47 1 2328 0 0 0 0 0 76031 100 0 0
SEP
CPU yadrolab-wp11 1745512361 2025/04/24 19:32:41 1 100 24 35 56 1 2298 0 0 0 0 0 76528 100 0 0
SEP
CPU yadrolab-wp11 1745512362 2025/04/24 19:32:42 1 100 24 18 48 2 2325 0 0 0 0 0 76037 100 0 0
SEP
CPU yadrolab-wp11 1745512363 2025/04/24 19:32:43 1 100 24 64 312 2 1999 2 0 0 0 0 80138 100 0 0
SEP
CPU yadrolab-wp11 1745512364 2025/04/24 19:32:44 1 100 24 13 52 0 2326 0 0 0 0 0 77767 100 0 0
SEP
CPU yadrolab-wp11 1745512365 2025/04/24 19:32:45 1 100 24 20 46 0 2326 0 0 0 0 0 76292 100 0 0
SEP
CPU yadrolab-wp11 1745512366 2025/04/24 19:32:46 1 100 24 25 62 3 2304 0 0 0 0 0 74616 100 0 0
SEP
CPU yadrolab-wp11 1745512367 2025/04/24 19:32:47 1 100 24 17 50 1 2327 0 0 0 0 0 76148 100 0 0
SEP
CPU yadrolab-wp11 1745512368 2025/04/24 19:32:48 1 100 24 50 296 2 2048 2 0 0 0 0 79593 100 0 0
SEP
CPU yadrolab-wp11 1745512369 2025/04/24 19:32:49 1 100 24 19 51 0 2323 0 0 0 0 0 75798 100 0 0
SEP
CPU yadrolab-wp11 1745512370 2025/04/24 19:32:50 1 100 24 25 47 1 2327 0 0 0 0 0 74343 100 0 0
SEP
CPU yadrolab-wp11 1745512371 2025/04/24 19:32:51 1 100 24 30 56 3 2304 0 0 0 0 0 75150 100 0 0
SEP
CPU yadrolab-wp11 1745512372 2025/04/24 19:32:52 1 100 24 19 48 0 2329 0 0 0 0 0 75486 100 0 0
SEP
CPU yadrolab-wp11 1745512373 2025/04/24 19:32:53 1 100 24 63 296 3 2017 2 0 0 0 0 77191 100 0 0
SEP
CPU yadrolab-wp11 1745512374 2025/04/24 19:32:54 1 100 24 24 58 0 2318 0 0 0 0 0 75613 100 0 0
SEP
CPU yadrolab-wp11 1745512375 2025/04/24 19:32:55 1 100 24 20 53 0 2324 0 0 0 0 0 75900 100 0 0
SEP
CPU yadrolab-wp11 1745512376 2025/04/24 19:32:56 1 100 24 26 57 2 2305 0 0 0 0 0 78374 100 0 0
SEP
CPU yadrolab-wp11 1745512377 2025/04/24 19:32:57 1 100 24 22 42 16 2311 0 0 0 0 0 75722 100 0 0
SEP
CPU yadrolab-wp11 1745512378 2025/04/24 19:32:58 1 100 24 46 129 3 2205 2 0 0 0 0 107780 100 0 0
SEP
CPU yadrolab-wp11 1745512379 2025/04/24 19:32:59 1 100 24 25 205 1 2166 0 0 0 0 0 76903 100 0 0
SEP
CPU yadrolab-wp11 1745512380 2025/04/24 19:33:00 1 100 24 19 49 4 2319 0 0 0 0 0 76818 100 0 0
SEP
CPU yadrolab-wp11 1745512381 2025/04/24 19:33:01 1 100 24 28 37 79 2252 0 0 0 0 0 80186 100 0 0
SEP
CPU yadrolab-wp11 1745512382 2025/04/24 19:33:02 1 100 24 26 58 8 2301 0 0 0 0 0 75816 100 0 0
SEP
CPU yadrolab-wp11 1745512383 2025/04/24 19:33:03 1 100 24 65 287 8 2027 2 0 0 0 0 80296 100 0 0
SEP
CPU yadrolab-wp11 1745512384 2025/04/24 19:33:04 1 100 24 37 68 38 2252 0 0 0 0 0 78084 100 0 0
SEP
CPU yadrolab-wp11 1745512385 2025/04/24 19:33:05 1 100 24 21 50 1 2326 0 0 0 0 0 77814 100 0 0
SEP
CPU yadrolab-wp11 1745512386 2025/04/24 19:33:06 1 100 24 17 48 1 2327 0 0 0 0 0 76636 100 0 0
SEP
CPU yadrolab-wp11 1745512387 2025/04/24 19:33:07 1 100 24 32 63 4 2291 0 0 0 0 0 76047 100 0 0
SEP
CPU yadrolab-wp11 1745512388 2025/04/24 19:33:08 1 100 24 70 108 3 2202 4 0 0 0 0 75479 100 0 0
SEP
CPU yadrolab-wp11 1745512389 2025/04/24 19:33:09 1 100 24 21 258 0 2113 0 0 0 0 0 75000 100 0 0
SEP
CPU yadrolab-wp11 1745512390 2025/04/24 19:33:10 1 100 24 18 46 1 2325 0 0 0 0 0 73404 100 0 0
SEP
CPU yadrolab-wp11 1745512391 2025/04/24 19:33:11 1 100 24 16 49 2 2327 0 0 0 0 0 74753 100 0 0
SEP
CPU yadrolab-wp11 1745512392 2025/04/24 19:33:12 1 100 24 31 49 2 2308 0 0 0 0 0 76941 100 0 0
SEP
CPU yadrolab-wp11 1745512393 2025/04/24 19:33:13 1 100 24 18 50 0 2326 0 0 0 0 0 75973 100 0 0
SEP
CPU yadrolab-wp11 1745512394 2025/04/24 19:33:14 1 100 24 48 277 1 2055 2 0 0 0 0 80699 100 0 0
SEP
CPU yadrolab-wp11 1745512395 2025/04/24 19:33:15 1 100 24 20 51 1 2325 0 0 0 0 0 76122 100 0 0
SEP
CPU yadrolab-wp11 1745512396 2025/04/24 19:33:16 1 100 24 18 49 1 2327 0 0 0 0 0 75086 100 0 0
SEP
CPU yadrolab-wp11 1745512397 2025/04/24 19:33:17 1 100 24 33 55 2 2300 0 0 0 0 0 75454 100 0 0
SEP
CPU yadrolab-wp11 1745512398 2025/04/24 19:33:18 1 100 24 20 50 1 2325 0 0 1 0 0 74246 100 0 0
SEP
CPU yadrolab-wp11 1745512399 2025/04/24 19:33:19 1 100 24 53 288 3 2027 2 0 0 0 0 79581 100 0 0
SEP
CPU yadrolab-wp11 1745512400 2025/04/24 19:33:20 1 100 24 17 52 1 2324 0 0 0 0 0 78612 100 0 0
SEP
CPU yadrolab-wp11 1745512401 2025/04/24 19:33:21 1 100 24 17 45 3 2329 0 0 0 0 0 73996 100 0 0
SEP
CPU yadrolab-wp11 1745512402 2025/04/24 19:33:22 1 100 24 28 59 1 2302 0 0 0 0 0 75405 100 0 0
SEP
CPU yadrolab-wp11 1745512403 2025/04/24 19:33:23 1 100 24 12 54 2 2326 0 0 0 0 0 77455 100 0 0
SEP
CPU yadrolab-wp11 1745512404 2025/04/24 19:33:24 1 100 24 71 318 3 2003 2 0 0 0 0 77244 100 0 0
SEP
CPU yadrolab-wp11 1745512405 2025/04/24 19:33:25 1 100 24 21 58 0 2319 0 0 0 0 0 76327 100 0 0
SEP
CPU yadrolab-wp11 1745512406 2025/04/24 19:33:26 1 100 24 16 51 0 2325 0 0 0 0 0 75825 100 0 0
SEP
CPU yadrolab-wp11 1745512407 2025/04/24 19:33:27 1 100 24 22 47 2 2324 0 0 0 0 0 74955 100 0 0
SEP
CPU yadrolab-wp11 1745512408 2025/04/24 19:33:28 1 100 24 28 58 9 2297 0 0 0 0 0 76234 100 0 0
SEP
CPU yadrolab-wp11 1745512409 2025/04/24 19:33:29 1 100 24 47 93 5 2230 2 0 0 0 0 75622 100 0 0
SEP
CPU yadrolab-wp11 1745512410 2025/04/24 19:33:30 1 100 24 24 257 1 2114 0 0 0 0 0 74434 100 0 0
SEP
CPU yadrolab-wp11 1745512411 2025/04/24 19:33:31 1 100 24 19 48 6 2316 0 0 0 0 0 75633 100 0 0
SEP
CPU yadrolab-wp11 1745512412 2025/04/24 19:33:32 1 100 24 19 48 0 2323 0 0 0 0 0 75821 100 0 0
SEP
CPU yadrolab-wp11 1745512413 2025/04/24 19:33:33 1 100 24 33 54 1 2302 0 0 1 0 0 75792 100 0 0
SEP
CPU yadrolab-wp11 1745512414 2025/04/24 19:33:34 1 100 24 16 44 1 2328 1 0 0 0 0 76049 100 0 0
SEP
CPU yadrolab-wp11 1745512415 2025/04/24 19:33:35 1 100 24 51 294 3 2037 1 0 0 0 0 76183 100 0 0
SEP
CPU yadrolab-wp11 1745512416 2025/04/24 19:33:36 1 100 24 19 46 1 2326 0 0 0 0 0 75949 100 0 0
SEP
CPU yadrolab-wp11 1745512417 2025/04/24 19:33:37 1 100 24 22 44 14 2313 0 0 0 0 0 75532 100 0 0
SEP
CPU yadrolab-wp11 1745512418 2025/04/24 19:33:38 1 100 24 31 56 3 2302 0 0 0 0 0 75402 100 0 0
SEP
CPU yadrolab-wp11 1745512419 2025/04/24 19:33:39 1 100 24 18 46 2 2329 0 0 0 0 0 74992 100 0 0
SEP
CPU yadrolab-wp11 1745512420 2025/04/24 19:33:40 1 100 24 68 313 6 2004 2 0 0 0 0 79440 100 0 0
SEP
CPU yadrolab-wp11 1745512421 2025/04/24 19:33:41 1 100 24 26 37 79 2259 0 0 0 0 0 80400 100 0 0
SEP
CPU yadrolab-wp11 1745512422 2025/04/24 19:33:42 1 100 24 17 50 8 2325 0 0 1 0 0 73548 100 0 0
SEP
CPU yadrolab-wp11 1745512423 2025/04/24 19:33:43 1 100 24 32 60 13 2287 0 0 0 0 0 78384 100 0 0
SEP
CPU yadrolab-wp11 1745512424 2025/04/24 19:33:44 1 100 24 34 49 40 2266 1 0 0 0 0 72870 100 0 0
SEP
CPU yadrolab-wp11 1745512425 2025/04/24 19:33:45 1 100 24 43 301 1 2057 1 0 0 0 0 77870 100 0 0
SEP
CPU yadrolab-wp11 1745512426 2025/04/24 19:33:46 1 100 24 15 53 1 2327 0 0 0 0 0 75859 100 0 0
SEP
CPU yadrolab-wp11 1745512427 2025/04/24 19:33:47 1 100 24 16 46 2 2327 0 0 0 0 0 75885 100 0 0
SEP
CPU yadrolab-wp11 1745512428 2025/04/24 19:33:48 1 100 24 36 49 1 2304 0 0 0 0 0 76045 100 0 0
SEP
CPU yadrolab-wp11 1745512429 2025/04/24 19:33:49 1 100 24 19 51 2 2328 0 0 0 0 0 74075 100 0 0
SEP
CPU yadrolab-wp11 1745512430 2025/04/24 19:33:50 1 100 24 58 309 3 2011 2 0 0 0 0 74392 100 0 0
SEP
CPU yadrolab-wp11 1745512431 2025/04/24 19:33:51 1 100 24 19 47 2 2324 0 0 0 0 0 76347 100 0 0
SEP
CPU yadrolab-wp11 1745512432 2025/04/24 19:33:52 1 100 24 19 46 2 2327 0 0 0 0 0 73897 100 0 0
SEP
CPU yadrolab-wp11 1745512433 2025/04/24 19:33:53 1 100 24 33 53 1 2304 0 0 0 0 0 76744 100 0 0
SEP
CPU yadrolab-wp11 1745512434 2025/04/24 19:33:54 1 100 24 14 54 1 2327 0 0 0 0 0 75612 100 0 0
SEP
CPU yadrolab-wp11 1745512435 2025/04/24 19:33:55 1 100 24 56 302 1 2038 2 0 0 0 0 78591 100 0 0
SEP
CPU yadrolab-wp11 1745512436 2025/04/24 19:33:56 1 100 24 20 48 1 2323 0 0 0 0 0 75392 100 0 0
SEP
CPU yadrolab-wp11 1745512437 2025/04/24 19:33:57 1 100 24 15 54 1 2323 0 0 0 0 0 76209 100 0 0
SEP
CPU yadrolab-wp11 1745512438 2025/04/24 19:33:58 1 100 24 23 58 0 2301 0 0 0 0 0 75933 100 0 0
SEP
CPU yadrolab-wp11 1745512439 2025/04/24 19:33:59 1 100 24 17 50 1 2330 0 0 0 0 0 76047 100 0 0
SEP
CPU yadrolab-wp11 1745512440 2025/04/24 19:34:00 1 100 24 71 300 4 2009 1 0 0 0 0 80554 100 0 0
SEP
CPU yadrolab-wp11 1745512441 2025/04/24 19:34:01 1 100 24 24 56 3 2315 0 0 0 0 0 74468 100 0 0
SEP
CPU yadrolab-wp11 1745512442 2025/04/24 19:34:02 1 100 24 20 49 1 2325 0 0 0 0 0 74707 100 0 0
SEP
CPU yadrolab-wp11 1745512443 2025/04/24 19:34:03 1 100 24 18 57 1 2321 0 0 0 0 0 75004 100 0 0
SEP
CPU yadrolab-wp11 1745512444 2025/04/24 19:34:04 1 100 24 27 54 1 2312 0 0 0 0 0 77614 100 0 0
SEP
CPU yadrolab-wp11 1745512445 2025/04/24 19:34:05 1 100 24 65 111 5 2223 2 0 0 0 0 77766 100 0 0
SEP
CPU yadrolab-wp11 1745512446 2025/04/24 19:34:06 1 100 24 22 258 1 2114 0 0 0 0 0 76733 100 0 0
SEP
CPU yadrolab-wp11 1745512447 2025/04/24 19:34:07 1 100 24 17 51 7 2320 1 0 0 0 0 75870 100 0 0
SEP
CPU yadrolab-wp11 1745512448 2025/04/24 19:34:08 1 100 24 17 48 4 2325 0 0 0 0 0 78102 100 0 0
SEP
CPU yadrolab-wp11 1745512449 2025/04/24 19:34:09 1 100 24 31 66 0 2295 0 0 0 0 0 74644 100 0 0
SEP
CPU yadrolab-wp11 1745512450 2025/04/24 19:34:10 1 100 24 48 95 2 2238 2 0 0 0 0 74609 100 0 0
SEP
CPU yadrolab-wp11 1745512451 2025/04/24 19:34:11 1 100 24 26 261 1 2104 0 0 0 0 0 78715 100 0 0
SEP
CPU yadrolab-wp11 1745512452 2025/04/24 19:34:12 1 100 24 23 44 1 2327 0 0 0 0 0 77504 100 0 0
SEP
CPU yadrolab-wp11 1745512453 2025/04/24 19:34:13 1 100 24 20 44 3 2325 0 0 0 0 0 76859 100 0 0
SEP
CPU yadrolab-wp11 1745512454 2025/04/24 19:34:14 1 100 24 26 50 15 2300 0 0 0 0 0 77234 100 0 0
SEP
CPU yadrolab-wp11 1745512455 2025/04/24 19:34:15 1 100 24 22 55 4 2308 1 0 0 0 0 73517 100 0 0
SEP
CPU yadrolab-wp11 1745512456 2025/04/24 19:34:16 1 100 24 48 283 2 2054 2 0 0 0 0 79486 100 0 0
SEP
CPU yadrolab-wp11 1745512457 2025/04/24 19:34:17 1 100 24 22 48 2 2320 0 0 0 0 0 75210 100 0 0
SEP
CPU yadrolab-wp11 1745512458 2025/04/24 19:34:18 1 100 24 25 36 82 2257 0 0 0 0 0 80293 100 0 0
SEP
CPU yadrolab-wp11 1745512459 2025/04/24 19:34:19 1 100 24 25 60 10 2295 0 0 0 0 0 75364 100 0 0
SEP
CPU yadrolab-wp11 1745512460 2025/04/24 19:34:20 1 100 24 20 51 10 2314 0 0 0 0 0 74484 100 0 0
SEP
CPU yadrolab-wp11 1745512461 2025/04/24 19:34:21 1 100 24 78 321 43 1952 2 0 0 0 0 79999 100 0 0
SEP
CPU yadrolab-wp11 1745512462 2025/04/24 19:34:22 1 100 24 22 51 1 2322 0 0 0 0 0 74231 100 0 0
SEP
CPU yadrolab-wp11 1745512463 2025/04/24 19:34:23 1 100 24 20 52 0 2322 0 0 0 0 0 75128 100 0 0
SEP
CPU yadrolab-wp11 1745512464 2025/04/24 19:34:24 1 100 24 34 57 2 2299 0 0 0 0 0 77909 100 0 0
SEP
CPU yadrolab-wp11 1745512465 2025/04/24 19:34:25 1 100 24 18 54 1 2326 0 0 0 0 0 75753 100 0 0
SEP
CPU yadrolab-wp11 1745512466 2025/04/24 19:34:26 1 100 24 69 292 2 2012 3 0 0 0 0 77683 100 0 0
SEP
CPU yadrolab-wp11 1745512467 2025/04/24 19:34:27 1 100 24 19 52 1 2323 0 0 0 0 0 77061 100 0 0
SEP
CPU yadrolab-wp11 1745512468 2025/04/24 19:34:28 1 100 24 18 51 0 2326 0 0 0 0 0 72615 100 0 0
SEP
CPU yadrolab-wp11 1745512469 2025/04/24 19:34:29 1 100 24 29 55 1 2302 0 0 0 0 0 73386 100 0 0
SEP
CPU yadrolab-wp11 1745512470 2025/04/24 19:34:30 1 100 24 16 53 1 2327 0 0 0 0 0 70150 100 0 0
SEP
CPU yadrolab-wp11 1745512471 2025/04/24 19:34:31 1 100 24 71 308 6 1987 2 0 1 0 0 80461 100 0 0
SEP
CPU yadrolab-wp11 1745512472 2025/04/24 19:34:32 1 100 24 20 62 1 2315 0 0 0 0 0 75273 100 0 0
SEP
CPU yadrolab-wp11 1745512473 2025/04/24 19:34:33 1 100 24 17 49 1 2325 0 0 0 0 0 75924 100 0 0
SEP
CPU yadrolab-wp11 1745512474 2025/04/24 19:34:34 1 100 24 17 48 0 2330 0 0 0 0 0 75977 100 0 0
SEP
CPU yadrolab-wp11 1745512475 2025/04/24 19:34:35 1 100 24 31 56 1 2301 0 0 1 0 0 75783 100 0 0
SEP
CPU yadrolab-wp11 1745512476 2025/04/24 19:34:36 1 100 24 70 95 3 2218 2 0 0 0 0 107891 100 0 0
SEP
CPU yadrolab-wp11 1745512477 2025/04/24 19:34:37 1 100 24 21 258 2 2117 0 0 0 0 0 79566 100 0 0
SEP
CPU yadrolab-wp11 1745512478 2025/04/24 19:34:38 1 100 24 19 52 2 2323 0 0 0 0 0 75420 100 0 0
SEP
CPU yadrolab-wp11 1745512479 2025/04/24 19:34:39 1 100 24 19 44 0 2331 0 0 0 0 0 76057 100 0 0
SEP
CPU yadrolab-wp11 1745512480 2025/04/24 19:34:40 1 100 24 24 59 2 2304 0 0 0 0 0 75239 100 0 0
SEP
CPU yadrolab-wp11 1745512481 2025/04/24 19:34:41 1 100 24 22 52 1 2316 0 0 0 0 0 71995 100 0 0
SEP
CPU yadrolab-wp11 1745512482 2025/04/24 19:34:42 1 100 24 46 285 1 2049 1 0 0 0 0 76171 100 0 0
SEP
CPU yadrolab-wp11 1745512483 2025/04/24 19:34:43 1 100 24 19 48 2 2326 0 0 0 0 0 76076 100 0 0
SEP
CPU yadrolab-wp11 1745512484 2025/04/24 19:34:44 1 100 24 16 46 8 2325 1 0 0 0 0 74104 100 0 0
SEP
CPU yadrolab-wp11 1745512485 2025/04/24 19:34:45 1 100 24 33 59 8 2299 0 0 0 0 0 76241 100 0 0
SEP
CPU yadrolab-wp11 1745512486 2025/04/24 19:34:46 1 100 24 14 54 2 2327 0 0 0 0 0 74474 100 0 0
SEP
CPU yadrolab-wp11 1745512487 2025/04/24 19:34:47 1 100 24 97 317 2 1979 2 0 0 0 0 74836 100 0 0
SEP
CPU yadrolab-wp11 1745512488 2025/04/24 19:34:48 1 100 24 21 44 1 2327 0 0 0 0 0 77443 100 0 0
SEP
CPU yadrolab-wp11 1745512489 2025/04/24 19:34:49 1 100 24 18 50 1 2329 0 0 0 0 0 75499 100 0 0
SEP
CPU yadrolab-wp11 1745512490 2025/04/24 19:34:50 1 100 24 32 52 3 2297 0 0 0 0 0 74715 100 0 0
SEP
CPU yadrolab-wp11 1745512491 2025/04/24 19:34:51 1 100 24 13 49 1 2331 0 0 0 0 0 73102 100 0 0
SEP
CPU yadrolab-wp11 1745512492 2025/04/24 19:34:52 1 100 24 53 304 4 2030 2 0 0 0 0 80498 100 0 0
SEP
CPU yadrolab-wp11 1745512493 2025/04/24 19:34:53 1 100 24 22 49 1 2324 0 0 0 0 0 75850 100 0 0
SEP
CPU yadrolab-wp11 1745512494 2025/04/24 19:34:54 1 100 24 20 48 0 2323 0 0 0 0 0 77840 100 0 0
SEP
CPU yadrolab-wp11 1745512495 2025/04/24 19:34:55 1 100 24 23 58 0 2312 0 0 0 0 0 75784 100 0 0
SEP
CPU yadrolab-wp11 1745512496 2025/04/24 19:34:56 1 100 24 17 45 1 2331 0 0 0 0 0 76901 100 0 0
SEP
CPU yadrolab-wp11 1745512497 2025/04/24 19:34:57 1 100 24 66 303 3 2016 2 0 0 0 0 80689 100 0 0
SEP
CPU yadrolab-wp11 1745512498 2025/04/24 19:34:58 1 100 24 19 59 1 2316 0 0 0 0 0 76831 100 0 0
SEP
CPU yadrolab-wp11 1745512499 2025/04/24 19:34:59 1 100 24 19 50 1 2326 0 0 0 0 0 74019 100 0 0
SEP
CPU yadrolab-wp11 1745512500 2025/04/24 19:35:00 1 100 24 18 49 3 2323 0 0 0 0 0 74694 100 0 0
SEP
CPU yadrolab-wp11 1745512501 2025/04/24 19:35:01 1 100 24 36 57 5 2295 0 0 1 0 0 72000 100 0 0
SEP
CPU yadrolab-wp11 1745512502 2025/04/24 19:35:02 1 100 24 56 88 3 2234 2 0 0 0 0 74632 100 0 0
SEP
CPU yadrolab-wp11 1745512503 2025/04/24 19:35:03 1 100 24 23 258 0 2115 0 0 0 0 0 77492 100 0 0
SEP
CPU yadrolab-wp11 1745512504 2025/04/24 19:35:04 1 100 24 14 52 0 2327 0 0 0 0 0 75091 100 0 0
SEP
CPU yadrolab-wp11 1745512505 2025/04/24 19:35:05 1 100 24 19 48 1 2326 0 0 0 0 0 75900 100 0 0
SEP
CPU yadrolab-wp11 1745512506 2025/04/24 19:35:06 1 100 24 27 57 2 2306 0 0 0 0 0 74668 100 0 0
SEP
CPU yadrolab-wp11 1745512507 2025/04/24 19:35:07 1 100 24 21 45 1 2327 0 0 0 0 0 75919 100 0 0
SEP
CPU yadrolab-wp11 1745512508 2025/04/24 19:35:08 1 100 24 60 308 3 2016 2 0 0 0 0 78405 100 0 0
SEP
CPU yadrolab-wp11 1745512509 2025/04/24 19:35:09 1 100 24 19 48 2 2328 0 0 0 0 0 76162 100 0 0
SEP
CPU yadrolab-wp11 1745512510 2025/04/24 19:35:10 1 100 24 15 51 3 2325 0 0 0 0 0 78607 100 0 0
SEP
CPU yadrolab-wp11 1745512511 2025/04/24 19:35:11 1 100 24 20 54 0 2313 0 0 0 0 0 76576 100 0 0
SEP
CPU yadrolab-wp11 1745512512 2025/04/24 19:35:12 1 100 24 16 48 3 2330 0 0 0 0 0 75425 100 0 0
SEP
CPU yadrolab-wp11 1745512513 2025/04/24 19:35:13 1 100 24 49 297 3 2030 2 0 0 0 0 79050 100 0 0
SEP
CPU yadrolab-wp11 1745512514 2025/04/24 19:35:14 1 100 24 16 51 1 2324 0 0 0 0 0 75689 100 0 0
SEP
CPU yadrolab-wp11 1745512515 2025/04/24 19:35:15 1 100 24 19 51 0 2331 0 0 0 0 0 73779 100 0 0
SEP
CPU yadrolab-wp11 1745512516 2025/04/24 19:35:16 1 100 24 27 59 1 2303 0 0 0 0 0 75262 100 0 0
SEP
CPU yadrolab-wp11 1745512517 2025/04/24 19:35:17 1 100 24 16 47 1 2326 0 0 0 0 0 76338 100 0 0
SEP
CPU yadrolab-wp11 1745512518 2025/04/24 19:35:18 1 100 24 59 288 46 1984 1 0 0 0 0 80578 100 0 0
SEP
CPU yadrolab-wp11 1745512519 2025/04/24 19:35:19 1 100 24 21 53 0 2320 0 0 0 0 0 76226 100 0 0
SEP
CPU yadrolab-wp11 1745512520 2025/04/24 19:35:20 1 100 24 23 48 2 2323 0 0 0 0 0 75987 100 0 0
SEP
CPU yadrolab-wp11 1745512521 2025/04/24 19:35:21 1 100 24 24 63 1 2305 0 0 0 0 0 75223 100 0 0
SEP
CPU yadrolab-wp11 1745512522 2025/04/24 19:35:22 1 100 24 20 44 0 2330 0 0 0 0 0 76032 100 0 0
SEP
CPU yadrolab-wp11 1745512523 2025/04/24 19:35:23 1 100 24 64 199 2 2121 2 0 0 0 0 107935 100 0 0
SEP
CPU yadrolab-wp11 1745512524 2025/04/24 19:35:24 1 100 24 21 154 0 2214 0 0 0 0 0 76499 100 0 0
SEP
CPU yadrolab-wp11 1745512525 2025/04/24 19:35:25 1 100 24 22 55 2 2324 0 0 0 0 0 75865 100 0 0
SEP
CPU yadrolab-wp11 1745512526 2025/04/24 19:35:26 1 100 24 18 43 0 2329 0 0 0 0 0 75868 100 0 0
SEP
CPU yadrolab-wp11 1745512527 2025/04/24 19:35:27 1 100 24 24 61 1 2300 0 0 0 0 0 75255 100 0 0
SEP
CPU yadrolab-wp11 1745512528 2025/04/24 19:35:28 1 100 24 57 105 4 2239 2 0 0 0 0 75359 100 0 0
SEP
CPU yadrolab-wp11 1745512529 2025/04/24 19:35:29 1 100 24 38 265 1 2085 0 0 0 0 0 77965 100 0 0
SEP
CPU yadrolab-wp11 1745512530 2025/04/24 19:35:30 1 100 24 19 51 3 2322 0 0 0 0 0 75748 100 0 0
SEP
CPU yadrolab-wp11 1745512531 2025/04/24 19:35:31 1 100 24 23 51 6 2319 1 0 0 0 0 76491 100 0 0
SEP
CPU yadrolab-wp11 1745512532 2025/04/24 19:35:32 1 100 24 36 50 2 2302 0 0 0 0 0 76205 100 0 0
SEP
CPU yadrolab-wp11 1745512533 2025/04/24 19:35:33 1 100 24 20 55 2 2321 0 0 0 0 0 74461 100 0 0
SEP
CPU yadrolab-wp11 1745512534 2025/04/24 19:35:34 1 100 24 87 338 3 1968 1 0 1 0 0 77485 100 0 0
SEP
CPU yadrolab-wp11 1745512535 2025/04/24 19:35:35 1 100 24 23 42 0 2327 0 0 0 0 0 75931 100 0 0
SEP
CPU yadrolab-wp11 1745512536 2025/04/24 19:35:36 1 100 24 15 53 2 2326 0 0 0 0 0 75682 100 0 0
SEP
CPU yadrolab-wp11 1745512537 2025/04/24 19:35:37 1 100 24 27 51 1 2311 0 0 0 0 0 73766 100 0 0
SEP
CPU yadrolab-wp11 1745512538 2025/04/24 19:35:38 1 100 24 20 47 1 2326 0 0 0 0 0 75815 100 0 0
SEP
CPU yadrolab-wp11 1745512539 2025/04/24 19:35:39 1 100 24 49 289 2 2041 2 0 0 0 0 80585 100 0 0
SEP
CPU yadrolab-wp11 1745512540 2025/04/24 19:35:40 1 100 24 17 56 0 2324 0 0 0 0 0 75275 100 0 0
SEP
CPU yadrolab-wp11 1745512541 2025/04/24 19:35:41 1 100 24 21 42 2 2328 0 0 0 0 0 74061 100 0 0
SEP
CPU yadrolab-wp11 1745512542 2025/04/24 19:35:42 1 100 24 27 52 0 2305 0 0 0 0 0 74736 100 0 0
SEP
CPU yadrolab-wp11 1745512543 2025/04/24 19:35:43 1 100 24 14 47 1 2331 0 0 0 0 0 74586 100 0 0
SEP
CPU yadrolab-wp11 1745512544 2025/04/24 19:35:44 1 100 24 59 304 7 2010 2 0 0 0 0 77165 100 0 0
SEP
CPU yadrolab-wp11 1745512545 2025/04/24 19:35:45 1 100 24 18 61 1 2319 0 0 0 0 0 75312 100 0 0
SEP
CPU yadrolab-wp11 1745512546 2025/04/24 19:35:46 1 100 24 19 49 1 2327 0 0 0 0 0 75193 100 0 0
SEP
CPU yadrolab-wp11 1745512547 2025/04/24 19:35:47 1 100 24 31 51 1 2307 0 0 0 0 0 74809 100 0 0
SEP
CPU yadrolab-wp11 1745512548 2025/04/24 19:35:48 1 100 24 17 47 2 2329 0 0 0 0 0 75829 100 0 0
SEP
CPU yadrolab-wp11 1745512549 2025/04/24 19:35:49 1 100 24 72 244 3 2065 2 0 0 0 0 107836 100 0 0
SEP
CPU yadrolab-wp11 1745512550 2025/04/24 19:35:50 1 100 24 22 124 1 2245 0 0 0 0 0 75041 100 0 0
SEP
CPU yadrolab-wp11 1745512551 2025/04/24 19:35:51 1 100 24 18 51 1 2326 0 0 0 0 0 73839 100 0 0
SEP
CPU yadrolab-wp11 1745512552 2025/04/24 19:35:52 1 100 24 16 50 1 2329 0 0 0 0 0 75677 100 0 0
SEP
CPU yadrolab-wp11 1745512553 2025/04/24 19:35:53 1 100 24 25 60 1 2307 0 0 0 0 0 75793 100 0 0
SEP
CPU yadrolab-wp11 1745512554 2025/04/24 19:35:54 1 100 24 43 67 3 2270 2 0 0 0 0 76704 100 0 0
SEP
CPU yadrolab-wp11 1745512555 2025/04/24 19:35:55 1 100 24 38 268 0 2086 0 0 0 0 0 76244 100 0 0
SEP
CPU yadrolab-wp11 1745512556 2025/04/24 19:35:56 1 100 24 18 45 2 2327 0 0 0 0 0 75867 100 0 0
SEP
CPU yadrolab-wp11 1745512557 2025/04/24 19:35:57 1 100 24 21 52 0 2323 0 0 0 0 0 78604 100 0 0
SEP
CPU yadrolab-wp11 1745512558 2025/04/24 19:35:58 1 100 24 29 55 1 2304 0 0 0 0 0 75156 100 0 0
SEP
CPU yadrolab-wp11 1745512559 2025/04/24 19:35:59 1 100 24 22 48 3 2321 0 0 0 0 0 74840 100 0 0
SEP
CPU yadrolab-wp11 1745512560 2025/04/24 19:36:00 1 100 24 46 312 5 2035 2 0 0 0 0 78619 100 0 0
SEP
CPU yadrolab-wp11 1745512561 2025/04/24 19:36:01 1 100 24 20 50 4 2316 0 0 1 0 0 74663 100 0 0
SEP
CPU yadrolab-wp11 1745512562 2025/04/24 19:36:02 1 100 24 19 47 1 2331 0 0 0 0 0 75056 100 0 0
SEP
CPU yadrolab-wp11 1745512563 2025/04/24 19:36:03 1 100 24 28 59 1 2301 0 0 0 0 0 73197 100 0 0
SEP
CPU yadrolab-wp11 1745512564 2025/04/24 19:36:04 1 100 24 16 47 0 2329 0 0 0 0 0 79351 100 0 0
SEP
CPU yadrolab-wp11 1745512565 2025/04/24 19:36:05 1 100 24 59 302 2 2023 2 0 0 0 0 79112 100 0 0
SEP
CPU yadrolab-wp11 1745512566 2025/04/24 19:36:06 1 100 24 21 49 2 2322 0 0 0 0 0 74853 100 0 0
SEP
CPU yadrolab-wp11 1745512567 2025/04/24 19:36:07 1 100 24 22 51 1 2322 0 0 0 0 0 74400 100 0 0
SEP
CPU yadrolab-wp11 1745512568 2025/04/24 19:36:08 1 100 24 26 49 2 2309 0 0 0 0 0 73723 100 0 0
SEP
CPU yadrolab-wp11 1745512569 2025/04/24 19:36:09 1 100 24 22 49 2 2322 0 0 0 0 0 73847 100 0 0
SEP
CPU yadrolab-wp11 1745512570 2025/04/24 19:36:10 1 100 24 75 298 3 2010 4 0 0 0 0 78117 100 0 0
SEP
CPU yadrolab-wp11 1745512571 2025/04/24 19:36:11 1 100 24 22 55 0 2316 0 0 0 0 0 74938 100 0 0
SEP
CPU yadrolab-wp11 1745512572 2025/04/24 19:36:12 1 100 24 16 44 0 2328 0 0 0 0 0 75457 100 0 0
SEP
CPU yadrolab-wp11 1745512573 2025/04/24 19:36:13 1 100 24 16 48 0 2328 0 0 0 0 0 75195 100 0 0
SEP
CPU yadrolab-wp11 1745512574 2025/04/24 19:36:14 1 100 24 31 54 1 2305 0 0 0 0 0 73523 100 0 0
SEP
CPU yadrolab-wp11 1745512575 2025/04/24 19:36:15 1 100 24 61 109 15 2201 2 0 0 0 0 75657 100 0 0
SEP
CPU yadrolab-wp11 1745512576 2025/04/24 19:36:16 1 100 24 28 256 0 2108 0 0 0 0 0 75264 100 0 0
SEP
CPU yadrolab-wp11 1745512577 2025/04/24 19:36:17 1 100 24 22 46 0 2328 0 0 0 0 0 77098 100 0 0
SEP
CPU yadrolab-wp11 1745512578 2025/04/24 19:36:18 1 100 24 18 43 3 2329 0 0 0 0 0 75685 100 0 0
SEP
CPU yadrolab-wp11 1745512579 2025/04/24 19:36:19 1 100 24 28 62 2 2300 0 0 0 0 0 75147 100 0 0
SEP
CPU yadrolab-wp11 1745512580 2025/04/24 19:36:20 1 100 24 42 55 72 2218 2 0 0 0 0 83592 100 0 0
SEP
CPU yadrolab-wp11 1745512581 2025/04/24 19:36:21 1 100 24 34 265 18 2088 0 0 0 0 0 78545 100 0 0
SEP
CPU yadrolab-wp11 1745512582 2025/04/24 19:36:22 1 100 24 34 40 33 2288 0 0 0 0 0 77267 100 0 0
SEP
CPU yadrolab-wp11 1745512583 2025/04/24 19:36:23 1 100 24 22 40 0 2330 0 0 0 0 0 77193 100 0 0
SEP
CPU yadrolab-wp11 1745512584 2025/04/24 19:36:24 1 100 24 24 64 1 2302 0 0 0 0 0 76867 100 0 0
SEP
CPU yadrolab-wp11 1745512585 2025/04/24 19:36:25 1 100 24 26 65 3 2302 0 0 0 0 0 75055 100 0 0
SEP
CPU yadrolab-wp11 1745512586 2025/04/24 19:36:26 1 100 24 48 275 4 2057 2 0 0 0 0 78326 100 0 0
SEP
CPU yadrolab-wp11 1745512587 2025/04/24 19:36:27 1 100 24 21 48 0 2324 0 0 0 0 0 76031 100 0 0
SEP
CPU yadrolab-wp11 1745512588 2025/04/24 19:36:28 1 100 24 17 40 1 2333 0 0 0 0 0 76249 100 0 0
SEP
CPU yadrolab-wp11 1745512589 2025/04/24 19:36:29 1 100 24 29 56 0 2303 0 0 0 0 0 74443 100 0 0
SEP
CPU yadrolab-wp11 1745512590 2025/04/24 19:36:30 1 100 24 13 55 3 2322 0 0 0 0 0 77891 100 0 0
SEP
CPU yadrolab-wp11 1745512591 2025/04/24 19:36:31 1 100 24 66 307 4 2013 1 0 1 0 0 76636 100 0 0
SEP
CPU yadrolab-wp11 1745512592 2025/04/24 19:36:32 1 100 24 19 48 2 2325 0 0 0 0 0 76210 100 0 0
SEP
CPU yadrolab-wp11 1745512593 2025/04/24 19:36:33 1 100 24 21 51 0 2324 0 0 0 0 0 74797 100 0 0
SEP
CPU yadrolab-wp11 1745512594 2025/04/24 19:36:34 1 100 24 24 56 2 2305 0 0 0 0 0 75887 100 0 0
SEP
CPU yadrolab-wp11 1745512595 2025/04/24 19:36:35 1 100 24 19 47 2 2328 0 0 0 0 0 76220 100 0 0
SEP
CPU yadrolab-wp11 1745512596 2025/04/24 19:36:36 1 100 24 56 305 3 2034 4 0 0 0 0 78848 100 0 0
SEP
CPU yadrolab-wp11 1745512597 2025/04/24 19:36:37 1 100 24 19 49 5 2319 0 0 0 0 0 75634 100 0 0
SEP
CPU yadrolab-wp11 1745512598 2025/04/24 19:36:38 1 100 24 23 50 1 2328 0 0 0 0 0 75433 100 0 0
SEP
CPU yadrolab-wp11 1745512599 2025/04/24 19:36:39 1 100 24 31 53 0 2302 0 0 0 0 0 73698 100 0 0
SEP
CPU yadrolab-wp11 1745512600 2025/04/24 19:36:40 1 100 24 17 52 42 2277 0 0 0 0 0 76075 100 0 0
SEP
CPU yadrolab-wp11 1745512601 2025/04/24 19:36:41 1 100 24 51 275 4 2045 1 0 0 0 0 78161 100 0 0
SEP
CPU yadrolab-wp11 1745512602 2025/04/24 19:36:42 1 100 24 20 54 1 2320 0 0 0 0 0 76748 100 0 0
SEP
CPU yadrolab-wp11 1745512603 2025/04/24 19:36:43 1 100 24 22 52 0 2321 0 0 0 0 0 74750 100 0 0
SEP
CPU yadrolab-wp11 1745512604 2025/04/24 19:36:44 1 100 24 18 47 0 2328 0 0 0 0 0 74626 100 0 0
SEP
CPU yadrolab-wp11 1745512605 2025/04/24 19:36:45 1 100 24 26 56 8 2303 1 0 0 0 0 76416 100 0 0
SEP
CPU yadrolab-wp11 1745512606 2025/04/24 19:36:46 1 100 24 71 99 10 2210 1 0 0 0 0 75001 100 0 0
SEP
CPU yadrolab-wp11 1745512607 2025/04/24 19:36:47 1 100 24 21 260 1 2117 0 0 0 0 0 78215 100 0 0
SEP
CPU yadrolab-wp11 1745512608 2025/04/24 19:36:48 1 100 24 20 52 3 2322 0 0 0 0 0 76232 100 0 0
SEP
CPU yadrolab-wp11 1745512609 2025/04/24 19:36:49 1 100 24 19 48 1 2329 0 0 0 0 0 78631 100 0 0
SEP
CPU yadrolab-wp11 1745512610 2025/04/24 19:36:50 1 100 24 31 50 1 2307 0 0 0 0 0 76162 100 0 0
SEP
CPU yadrolab-wp11 1745512611 2025/04/24 19:36:51 1 100 24 52 100 3 2230 2 0 0 0 0 69943 100 0 0
SEP
CPU yadrolab-wp11 1745512612 2025/04/24 19:36:52 1 100 24 41 280 1 2076 0 0 0 0 0 75413 100 0 0
SEP
CPU yadrolab-wp11 1745512613 2025/04/24 19:36:53 1 100 24 18 50 2 2326 0 0 0 0 0 76318 100 0 0
SEP
CPU yadrolab-wp11 1745512614 2025/04/24 19:36:54 1 100 24 17 52 1 2326 0 0 0 0 0 76382 100 0 0
SEP
CPU yadrolab-wp11 1745512615 2025/04/24 19:36:55 1 100 24 25 60 1 2301 0 0 0 0 0 75595 100 0 0
SEP
CPU yadrolab-wp11 1745512616 2025/04/24 19:36:56 1 100 24 18 49 1 2326 0 0 0 0 0 75076 100 0 0
SEP
CPU yadrolab-wp11 1745512617 2025/04/24 19:36:57 1 100 24 49 303 3 2044 2 0 0 0 0 79528 100 0 0
SEP
CPU yadrolab-wp11 1745512618 2025/04/24 19:36:58 1 100 24 18 48 2 2329 0 0 0 0 0 75284 100 0 0
SEP
CPU yadrolab-wp11 1745512619 2025/04/24 19:36:59 1 100 24 20 49 1 2329 0 0 0 0 0 76217 100 0 0
SEP
CPU yadrolab-wp11 1745512620 2025/04/24 19:37:00 1 100 24 34 51 9 2299 0 0 0 0 0 76930 100 0 0
SEP
CPU yadrolab-wp11 1745512621 2025/04/24 19:37:01 1 100 24 20 45 8 2319 0 0 0 0 0 75985 100 0 0
SEP
CPU yadrolab-wp11 1745512622 2025/04/24 19:37:02 1 100 24 59 286 10 2031 2 0 0 0 0 78758 100 0 0
SEP
CPU yadrolab-wp11 1745512623 2025/04/24 19:37:03 1 100 24 19 47 2 2323 0 0 0 0 0 75512 100 0 0
SEP
CPU yadrolab-wp11 1745512624 2025/04/24 19:37:04 1 100 24 20 52 2 2323 0 0 0 0 0 74043 100 0 0
SEP
CPU yadrolab-wp11 1745512625 2025/04/24 19:37:05 1 100 24 31 59 2 2303 0 0 0 0 0 75997 100 0 0
SEP
CPU yadrolab-wp11 1745512626 2025/04/24 19:37:06 1 100 24 14 52 1 2331 0 0 0 0 0 74717 100 0 0
SEP
CPU yadrolab-wp11 1745512627 2025/04/24 19:37:07 1 100 24 55 301 3 2026 2 0 0 0 0 78210 100 0 0
SEP
CPU yadrolab-wp11 1745512628 2025/04/24 19:37:08 1 100 24 13 56 2 2324 0 0 0 0 0 76278 100 0 0
SEP
CPU yadrolab-wp11 1745512629 2025/04/24 19:37:09 1 100 24 21 46 1 2326 0 0 1 0 0 75953 100 0 0
SEP
CPU yadrolab-wp11 1745512630 2025/04/24 19:37:10 1 100 24 27 60 1 2303 0 0 0 0 0 76449 100 0 0
SEP
CPU yadrolab-wp11 1745512631 2025/04/24 19:37:11 1 100 24 20 50 2 2323 0 0 0 0 0 76107 100 0 0
SEP
CPU yadrolab-wp11 1745512632 2025/04/24 19:37:12 1 100 24 58 292 4 2021 2 0 0 0 0 76836 100 0 0
SEP
CPU yadrolab-wp11 1745512633 2025/04/24 19:37:13 1 100 24 19 62 1 2315 0 0 0 0 0 77149 100 0 0
SEP
CPU yadrolab-wp11 1745512634 2025/04/24 19:37:14 1 100 24 19 51 1 2322 0 0 0 0 0 75116 100 0 0
SEP
CPU yadrolab-wp11 1745512635 2025/04/24 19:37:15 1 100 24 18 45 1 2328 0 0 0 0 0 76043 100 0 0
SEP
CPU yadrolab-wp11 1745512636 2025/04/24 19:37:16 1 100 24 27 59 3 2302 0 0 0 0 0 75285 100 0 0
SEP
CPU yadrolab-wp11 1745512637 2025/04/24 19:37:17 1 100 24 72 86 2 2238 2 0 0 0 0 75950 100 0 0
SEP
CPU yadrolab-wp11 1745512638 2025/04/24 19:37:18 1 100 24 24 259 2 2108 0 0 0 0 0 77010 100 0 0
SEP
CPU yadrolab-wp11 1745512639 2025/04/24 19:37:19 1 100 24 18 54 0 2319 0 0 0 0 0 76015 100 0 0
SEP
CPU yadrolab-wp11 1745512640 2025/04/24 19:37:20 1 100 24 20 41 1 2329 0 0 0 0 0 74400 100 0 0
SEP
CPU yadrolab-wp11 1745512641 2025/04/24 19:37:21 1 100 24 29 53 2 2308 0 0 0 0 0 76769 100 0 0
SEP
CPU yadrolab-wp11 1745512642 2025/04/24 19:37:22 1 100 24 23 60 2 2305 0 0 0 0 0 73309 100 0 0
SEP
CPU yadrolab-wp11 1745512643 2025/04/24 19:37:23 1 100 24 64 300 2 2030 1 0 0 0 0 76549 100 0 0
SEP
CPU yadrolab-wp11 1745512644 2025/04/24 19:37:24 1 100 24 18 49 1 2323 0 0 0 0 0 75965 100 0 0
SEP
CPU yadrolab-wp11 1745512645 2025/04/24 19:37:25 1 100 24 21 50 1 2328 0 0 0 0 0 75039 100 0 0
SEP
CPU yadrolab-wp11 1745512646 2025/04/24 19:37:26 1 100 24 32 56 1 2299 0 0 0 0 0 76358 100 0 0
SEP
CPU yadrolab-wp11 1745512647 2025/04/24 19:37:27 1 100 24 17 47 2 2329 0 0 0 0 0 75888 100 0 0
SEP
CPU yadrolab-wp11 1745512648 2025/04/24 19:37:28 1 100 24 56 301 3 2027 3 0 0 0 0 76388 100 0 0
SEP
CPU yadrolab-wp11 1745512649 2025/04/24 19:37:29 1 100 24 18 50 1 2326 0 0 0 0 0 74429 100 0 0
SEP
CPU yadrolab-wp11 1745512650 2025/04/24 19:37:30 1 100 24 20 48 2 2321 0 0 0 0 0 74760 100 0 0
SEP
CPU yadrolab-wp11 1745512651 2025/04/24 19:37:31 1 100 24 30 58 4 2298 0 0 0 0 0 73573 100 0 0
SEP
CPU yadrolab-wp11 1745512652 2025/04/24 19:37:32 1 100 24 20 48 4 2324 1 0 0 0 0 73971 100 0 0
SEP
CPU yadrolab-wp11 1745512653 2025/04/24 19:37:33 1 100 24 66 313 7 2000 1 0 0 0 0 80666 100 0 0
SEP
CPU yadrolab-wp11 1745512654 2025/04/24 19:37:34 1 100 24 24 52 1 2318 0 0 0 0 0 74750 100 0 0
SEP
CPU yadrolab-wp11 1745512655 2025/04/24 19:37:35 1 100 24 23 51 1 2322 0 0 0 0 0 75621 100 0 0
SEP
CPU yadrolab-wp11 1745512656 2025/04/24 19:37:36 1 100 24 27 65 1 2302 0 0 0 0 0 76122 100 0 0
SEP
CPU yadrolab-wp11 1745512657 2025/04/24 19:37:37 1 100 24 20 53 7 2317 0 0 0 0 0 76315 100 0 0
SEP
CPU yadrolab-wp11 1745512658 2025/04/24 19:37:38 1 100 24 62 231 4 2099 2 0 0 0 0 107923 100 0 0
SEP
CPU yadrolab-wp11 1745512659 2025/04/24 19:37:39 1 100 24 24 126 1 2241 0 0 0 0 0 75758 100 0 0
SEP
CPU yadrolab-wp11 1745512660 2025/04/24 19:37:40 1 100 24 20 48 0 2328 0 0 0 0 0 74971 100 0 0
SEP
CPU yadrolab-wp11 1745512661 2025/04/24 19:37:41 1 100 24 15 49 0 2327 0 0 0 0 0 74991 100 0 0
SEP
CPU yadrolab-wp11 1745512662 2025/04/24 19:37:42 1 100 24 27 56 1 2305 0 0 0 0 0 76389 100 0 0
SEP
CPU yadrolab-wp11 1745512663 2025/04/24 19:37:43 1 100 24 72 111 5 2192 2 0 0 0 0 75501 100 0 0
SEP
CPU yadrolab-wp11 1745512664 2025/04/24 19:37:44 1 100 24 28 260 1 2104 0 0 0 0 0 76612 100 0 0
SEP
CPU yadrolab-wp11 1745512665 2025/04/24 19:37:45 1 100 24 18 51 1 2326 0 0 0 0 0 76471 100 0 0
SEP
CPU yadrolab-wp11 1745512666 2025/04/24 19:37:46 1 100 24 20 49 0 2324 0 0 0 0 0 74574 100 0 0
SEP
CPU yadrolab-wp11 1745512667 2025/04/24 19:37:47 1 100 24 30 56 2 2304 0 0 0 0 0 75681 100 0 0
SEP
CPU yadrolab-wp11 1745512668 2025/04/24 19:37:48 1 100 24 25 59 2 2312 0 0 0 0 0 63830 100 0 0
SEP
CPU yadrolab-wp11 1745512669 2025/04/24 19:37:49 1 100 24 46 287 1 2052 1 0 0 0 0 76175 100 0 0
SEP
CPU yadrolab-wp11 1745512670 2025/04/24 19:37:50 1 100 24 19 45 1 2327 0 0 0 0 0 76511 100 0 0
SEP
CPU yadrolab-wp11 1745512671 2025/04/24 19:37:51 1 100 24 18 48 0 2326 0 0 0 0 0 76523 100 0 0
SEP
CPU yadrolab-wp11 1745512672 2025/04/24 19:37:52 1 100 24 23 65 1 2301 0 0 0 0 0 76057 100 0 0
SEP
CPU yadrolab-wp11 1745512673 2025/04/24 19:37:53 1 100 24 15 49 1 2331 0 0 0 0 0 76797 100 0 0
SEP
CPU yadrolab-wp11 1745512674 2025/04/24 19:37:54 1 100 24 46 297 2 2031 2 0 0 0 0 77720 100 0 0
SEP
CPU yadrolab-wp11 1745512675 2025/04/24 19:37:55 1 100 24 22 56 2 2324 0 0 0 0 0 76039 100 0 0
SEP
CPU yadrolab-wp11 1745512676 2025/04/24 19:37:56 1 100 24 18 47 0 2328 0 0 0 0 0 75675 100 0 0
SEP
CPU yadrolab-wp11 1745512677 2025/04/24 19:37:57 1 100 24 36 47 6 2303 0 0 0 0 0 75941 100 0 0
SEP
CPU yadrolab-wp11 1745512678 2025/04/24 19:37:58 1 100 24 20 53 2 2321 0 0 1 0 0 74754 100 0 0
SEP
CPU yadrolab-wp11 1745512679 2025/04/24 19:37:59 1 100 24 46 286 4 2049 2 0 0 0 0 79074 100 0 0
SEP
CPU yadrolab-wp11 1745512680 2025/04/24 19:38:00 1 100 24 21 53 7 2315 0 0 0 0 0 77915 100 0 0
SEP
CPU yadrolab-wp11 1745512681 2025/04/24 19:38:01 1 100 24 20 47 1 2327 0 0 0 0 0 76014 100 0 0
SEP
CPU yadrolab-wp11 1745512682 2025/04/24 19:38:02 1 100 24 34 54 5 2298 0 0 0 0 0 76748 100 0 0
SEP
CPU yadrolab-wp11 1745512683 2025/04/24 19:38:03 1 100 24 19 47 1 2327 0 0 0 0 0 75827 100 0 0
SEP
CPU yadrolab-wp11 1745512684 2025/04/24 19:38:04 1 100 24 80 320 3 1988 2 0 0 0 0 76732 100 0 0
SEP
CPU yadrolab-wp11 1745512685 2025/04/24 19:38:05 1 100 24 16 65 1 2315 0 0 0 0 0 75483 100 0 0
SEP
CPU yadrolab-wp11 1745512686 2025/04/24 19:38:06 1 100 24 22 47 0 2325 0 0 0 0 0 74144 100 0 0
SEP
CPU yadrolab-wp11 1745512687 2025/04/24 19:38:07 1 100 24 20 48 1 2328 0 0 0 0 0 75217 100 0 0
SEP
CPU yadrolab-wp11 1745512688 2025/04/24 19:38:08 1 100 24 34 50 1 2307 0 0 0 0 0 75897 100 0 0
SEP
CPU yadrolab-wp11 1745512689 2025/04/24 19:38:09 1 100 24 58 108 3 2230 2 0 0 0 0 107799 100 0 0
SEP
CPU yadrolab-wp11 1745512690 2025/04/24 19:38:10 1 100 24 24 240 0 2136 0 0 0 0 0 76852 100 0 0
SEP
CPU yadrolab-wp11 1745512691 2025/04/24 19:38:11 1 100 24 16 55 2 2325 0 0 0 0 0 74803 100 0 0
SEP
CPU yadrolab-wp11 1745512692 2025/04/24 19:38:12 1 100 24 20 47 1 2329 0 0 0 0 0 76998 100 0 0
SEP
CPU yadrolab-wp11 1745512693 2025/04/24 19:38:13 1 100 24 29 59 4 2301 0 0 0 0 0 76477 100 0 0
SEP
CPU yadrolab-wp11 1745512694 2025/04/24 19:38:14 1 100 24 38 65 2 2284 1 0 0 0 0 65462 100 0 0
SEP
CPU yadrolab-wp11 1745512695 2025/04/24 19:38:15 1 100 24 67 306 2 2020 0 0 0 0 0 77423 100 0 0
SEP
CPU yadrolab-wp11 1745512696 2025/04/24 19:38:16 1 100 24 21 54 6 2322 0 0 0 0 0 75228 100 0 0
SEP
CPU yadrolab-wp11 1745512697 2025/04/24 19:38:17 1 100 24 21 49 0 2326 0 0 0 0 0 76740 100 0 0
SEP
CPU yadrolab-wp11 1745512698 2025/04/24 19:38:18 1 100 24 22 61 0 2304 0 0 0 0 0 75580 100 0 0
SEP
CPU yadrolab-wp11 1745512699 2025/04/24 19:38:19 1 100 24 18 49 2 2325 0 0 0 0 0 75090 100 0 0
SEP
CPU yadrolab-wp11 1745512700 2025/04/24 19:38:20 1 100 24 63 293 2 2033 2 0 0 0 0 74442 100 0 0
SEP
CPU yadrolab-wp11 1745512701 2025/04/24 19:38:21 1 100 24 18 48 0 2327 0 0 0 0 0 76219 100 0 0
SEP
CPU yadrolab-wp11 1745512702 2025/04/24 19:38:22 1 100 24 18 54 1 2326 0 0 0 0 0 75865 100 0 0
SEP
CPU yadrolab-wp11 1745512703 2025/04/24 19:38:23 1 100 24 29 57 1 2306 0 0 0 0 0 75172 100 0 0
SEP
CPU yadrolab-wp11 1745512704 2025/04/24 19:38:24 1 100 24 17 47 1 2330 0 0 0 0 0 73927 100 0 0
SEP
CPU yadrolab-wp11 1745512705 2025/04/24 19:38:25 1 100 24 62 302 1 2018 2 0 0 0 0 78122 100 0 0
SEP
CPU yadrolab-wp11 1745512706 2025/04/24 19:38:26 1 100 24 20 48 1 2330 0 0 0 0 0 72343 100 0 0
SEP
CPU yadrolab-wp11 1745512707 2025/04/24 19:38:27 1 100 24 19 46 1 2326 0 0 0 0 0 73764 100 0 0
SEP
CPU yadrolab-wp11 1745512708 2025/04/24 19:38:28 1 100 24 30 53 2 2304 0 0 0 0 0 76965 100 0 0
SEP
CPU yadrolab-wp11 1745512709 2025/04/24 19:38:29 1 100 24 15 51 2 2329 0 0 0 0 0 76482 100 0 0
SEP
CPU yadrolab-wp11 1745512710 2025/04/24 19:38:30 1 100 24 48 283 2 2041 2 0 0 0 0 78892 100 0 0
SEP
CPU yadrolab-wp11 1745512711 2025/04/24 19:38:31 1 100 24 21 51 4 2318 0 0 0 0 0 70352 100 0 0
SEP
CPU yadrolab-wp11 1745512712 2025/04/24 19:38:32 1 100 24 18 50 5 2322 0 0 0 0 0 75479 100 0 0
SEP
CPU yadrolab-wp11 1745512713 2025/04/24 19:38:33 1 100 24 39 47 1 2309 0 0 0 0 0 73444 100 0 0
SEP
CPU yadrolab-wp11 1745512714 2025/04/24 19:38:34 1 100 24 19 52 1 2326 0 0 0 0 0 78222 100 0 0
SEP
CPU yadrolab-wp11 1745512715 2025/04/24 19:38:35 1 100 24 55 279 2 2050 2 0 0 0 0 77382 100 0 0
SEP
CPU yadrolab-wp11 1745512716 2025/04/24 19:38:36 1 100 24 18 60 1 2318 0 0 0 0 0 77058 100 0 0
SEP
CPU yadrolab-wp11 1745512717 2025/04/24 19:38:37 1 100 24 16 52 2 2325 0 0 0 0 0 74195 100 0 0
SEP
CPU yadrolab-wp11 1745512718 2025/04/24 19:38:38 1 100 24 19 50 2 2326 0 0 0 0 0 76061 100 0 0
SEP
CPU yadrolab-wp11 1745512719 2025/04/24 19:38:39 1 100 24 28 52 1 2305 0 0 0 0 0 74897 100 0 0
SEP
CPU yadrolab-wp11 1745512720 2025/04/24 19:38:40 1 100 24 67 86 3 2245 2 0 0 0 0 72117 100 0 0
SEP
CPU yadrolab-wp11 1745512721 2025/04/24 19:38:41 1 100 24 21 271 0 2109 0 0 0 0 0 77880 100 0 0
SEP
CPU yadrolab-wp11 1745512722 2025/04/24 19:38:42 1 100 24 21 50 2 2324 0 0 0 0 0 75374 100 0 0
SEP
CPU yadrolab-wp11 1745512723 2025/04/24 19:38:43 1 100 24 17 47 0 2330 0 0 0 0 0 74085 100 0 0
SEP
CPU yadrolab-wp11 1745512724 2025/04/24 19:38:44 1 100 24 26 60 2 2300 0 0 0 0 0 75668 100 0 0
SEP
CPU yadrolab-wp11 1745512725 2025/04/24 19:38:45 1 100 24 21 50 2 2318 0 0 0 0 0 74440 100 0 0
SEP
CPU yadrolab-wp11 1745512726 2025/04/24 19:38:46 1 100 24 68 314 4 1998 1 0 0 0 0 78402 100 0 0
SEP
CPU yadrolab-wp11 1745512727 2025/04/24 19:38:47 1 100 24 18 47 0 2330 0 0 0 0 0 75707 100 0 0
SEP
CPU yadrolab-wp11 1745512728 2025/04/24 19:38:48 1 100 24 17 48 0 2328 0 0 0 0 0 75666 100 0 0
SEP
CPU yadrolab-wp11 1745512729 2025/04/24 19:38:49 1 100 24 26 59 0 2303 0 0 0 0 0 75932 100 0 0
SEP
CPU yadrolab-wp11 1745512730 2025/04/24 19:38:50 1 100 24 17 52 2 2329 0 0 0 0 0 77189 100 0 0
SEP
CPU yadrolab-wp11 1745512731 2025/04/24 19:38:51 1 100 24 61 302 2 2015 3 0 0 0 0 78625 100 0 0
SEP
CPU yadrolab-wp11 1745512732 2025/04/24 19:38:52 1 100 24 18 52 2 2326 0 0 0 0 0 76665 100 0 0
SEP
CPU yadrolab-wp11 1745512733 2025/04/24 19:38:53 1 100 24 21 48 0 2324 0 0 0 0 0 75951 100 0 0
SEP
CPU yadrolab-wp11 1745512734 2025/04/24 19:38:54 1 100 24 27 60 2 2306 0 0 0 0 0 75806 100 0 0
SEP
CPU yadrolab-wp11 1745512735 2025/04/24 19:38:55 1 100 24 22 51 3 2321 0 0 0 0 0 75942 100 0 0
SEP
CPU yadrolab-wp11 1745512736 2025/04/24 19:38:56 1 100 24 64 302 3 2022 2 0 0 0 0 80631 100 0 0
SEP
CPU yadrolab-wp11 1745512737 2025/04/24 19:38:57 1 100 24 19 54 1 2321 0 0 0 0 0 76620 100 0 0
SEP
CPU yadrolab-wp11 1745512738 2025/04/24 19:38:58 1 100 24 23 49 1 2321 0 0 0 0 0 76645 100 0 0
SEP
CPU yadrolab-wp11 1745512739 2025/04/24 19:38:59 1 100 24 15 56 1 2316 0 0 0 0 0 75346 100 0 0
SEP
CPU yadrolab-wp11 1745512740 2025/04/24 19:39:00 1 100 24 23 50 3 2319 0 0 0 0 0 75665 100 0 0
SEP
CPU yadrolab-wp11 1745512741 2025/04/24 19:39:01 1 100 24 60 127 6 2185 2 0 0 0 0 107857 100 0 0
SEP
CPU yadrolab-wp11 1745512742 2025/04/24 19:39:02 1 100 24 22 223 1 2145 0 0 0 0 0 77326 100 0 0
SEP
CPU yadrolab-wp11 1745512743 2025/04/24 19:39:03 1 100 24 16 48 1 2328 0 0 1 0 0 76547 100 0 0
SEP
CPU yadrolab-wp11 1745512744 2025/04/24 19:39:04 1 100 24 18 51 1 2324 0 0 0 0 0 74484 100 0 0
SEP
CPU yadrolab-wp11 1745512745 2025/04/24 19:39:05 1 100 24 34 53 2 2305 0 0 0 0 0 76526 100 0 0
SEP
CPU yadrolab-wp11 1745512746 2025/04/24 19:39:06 1 100 24 53 91 4 2246 2 0 0 0 0 74498 100 0 0
SEP
CPU yadrolab-wp11 1745512747 2025/04/24 19:39:07 1 100 24 27 262 1 2106 0 0 0 0 0 77666 100 0 0
SEP
CPU yadrolab-wp11 1745512748 2025/04/24 19:39:08 1 100 24 17 50 0 2328 0 0 0 0 0 77396 100 0 0
SEP
CPU yadrolab-wp11 1745512749 2025/04/24 19:39:09 1 100 24 15 51 2 2326 0 0 0 0 0 74702 100 0 0
SEP
CPU yadrolab-wp11 1745512750 2025/04/24 19:39:10 1 100 24 27 60 0 2306 0 0 0 0 0 75718 100 0 0
SEP
CPU yadrolab-wp11 1745512751 2025/04/24 19:39:11 1 100 24 19 50 1 2326 0 0 0 0 0 74627 100 0 0
SEP
CPU yadrolab-wp11 1745512752 2025/04/24 19:39:12 1 100 24 65 302 1 2006 2 0 0 0 0 72506 100 0 0
SEP
CPU yadrolab-wp11 1745512753 2025/04/24 19:39:13 1 100 24 21 53 1 2328 0 0 0 0 0 74201 100 0 0
SEP
CPU yadrolab-wp11 1745512754 2025/04/24 19:39:14 1 100 24 19 53 1 2325 0 0 0 0 0 75995 100 0 0
SEP
CPU yadrolab-wp11 1745512755 2025/04/24 19:39:15 1 100 24 32 50 1 2311 0 0 0 0 0 73103 100 0 0
SEP
CPU yadrolab-wp11 1745512756 2025/04/24 19:39:16 1 100 24 13 51 3 2326 0 0 0 0 0 74367 100 0 0
SEP
CPU yadrolab-wp11 1745512757 2025/04/24 19:39:17 1 100 24 48 296 2 2049 1 0 0 0 0 80470 100 0 0
SEP
CPU yadrolab-wp11 1745512758 2025/04/24 19:39:18 1 100 24 20 49 1 2322 0 0 0 0 0 76380 100 0 0
SEP
CPU yadrolab-wp11 1745512759 2025/04/24 19:39:19 1 100 24 14 47 1 2333 0 0 0 0 0 76718 100 0 0
SEP
CPU yadrolab-wp11 1745512760 2025/04/24 19:39:20 1 100 24 25 58 1 2305 0 0 0 0 0 73850 100 0 0
SEP
CPU yadrolab-wp11 1745512761 2025/04/24 19:39:21 1 100 24 21 47 0 2327 0 0 0 0 0 75958 100 0 0
SEP
CPU yadrolab-wp11 1745512762 2025/04/24 19:39:22 1 100 24 50 287 2 2046 3 0 1 0 0 77874 100 0 0
SEP
CPU yadrolab-wp11 1745512763 2025/04/24 19:39:23 1 100 24 22 54 1 2319 0 0 0 0 0 77125 100 0 0
SEP
CPU yadrolab-wp11 1745512764 2025/04/24 19:39:24 1 100 24 21 44 1 2329 0 0 0 0 0 75692 100 0 0
SEP
CPU yadrolab-wp11 1745512765 2025/04/24 19:39:25 1 100 24 26 63 1 2304 0 0 0 0 0 76243 100 0 0
SEP
CPU yadrolab-wp11 1745512766 2025/04/24 19:39:26 1 100 24 16 47 2 2330 0 0 0 0 0 75787 100 0 0
SEP
CPU yadrolab-wp11 1745512767 2025/04/24 19:39:27 1 100 24 48 283 3 2047 1 0 0 0 0 80526 100 0 0
SEP
CPU yadrolab-wp11 1745512768 2025/04/24 19:39:28 1 100 24 21 60 2 2314 0 0 0 0 0 78428 100 0 0
SEP
CPU yadrolab-wp11 1745512769 2025/04/24 19:39:29 1 100 24 20 50 2 2323 0 0 0 0 0 76095 100 0 0
SEP
CPU yadrolab-wp11 1745512770 2025/04/24 19:39:30 1 100 24 19 42 47 2286 0 0 0 0 0 70776 100 0 0
SEP
CPU yadrolab-wp11 1745512771 2025/04/24 19:39:31 1 100 24 27 58 3 2302 0 0 0 0 0 76502 100 0 0
SEP
CPU yadrolab-wp11 1745512772 2025/04/24 19:39:32 1 100 24 49 268 20 2050 2 0 0 0 0 78392 100 0 0
SEP
CPU yadrolab-wp11 1745512773 2025/04/24 19:39:33 1 100 24 23 56 2 2308 0 0 0 0 0 76042 100 0 0
SEP
CPU yadrolab-wp11 1745512774 2025/04/24 19:39:34 1 100 24 24 46 1 2326 0 0 0 0 0 75501 100 0 0
SEP
CPU yadrolab-wp11 1745512775 2025/04/24 19:39:35 1 100 24 22 50 1 2325 0 0 0 0 0 74646 100 0 0
SEP
CPU yadrolab-wp11 1745512776 2025/04/24 19:39:36 1 100 24 34 44 72 2238 0 0 0 0 0 78462 100 0 0
SEP
CPU yadrolab-wp11 1745512777 2025/04/24 19:39:37 1 100 24 63 290 13 2019 2 0 0 0 0 76980 100 0 0
SEP
CPU yadrolab-wp11 1745512778 2025/04/24 19:39:38 1 100 24 23 59 6 2310 0 0 0 0 0 76884 100 0 0
SEP
CPU yadrolab-wp11 1745512779 2025/04/24 19:39:39 1 100 24 34 39 42 2282 0 0 0 0 0 72379 100 0 0
SEP
CPU yadrolab-wp11 1745512780 2025/04/24 19:39:40 1 100 24 17 47 1 2326 0 0 0 0 0 77687 100 0 0
SEP
CPU yadrolab-wp11 1745512781 2025/04/24 19:39:41 1 100 24 27 56 2 2291 14 0 0 0 0 75903 100 0 0
SEP
CPU yadrolab-wp11 1745512782 2025/04/24 19:39:42 1 100 24 86 277 5 2016 4 0 0 0 0 107960 100 0 0
SEP
CPU yadrolab-wp11 1745512783 2025/04/24 19:39:43 1 100 24 20 120 0 2259 0 0 0 0 0 76365 100 0 0
SEP
CPU yadrolab-wp11 1745512784 2025/04/24 19:39:44 1 100 24 20 45 0 2329 0 0 0 0 0 75574 100 0 0
SEP
CPU yadrolab-wp11 1745512785 2025/04/24 19:39:45 1 100 24 15 51 1 2327 0 0 0 0 0 75534 100 0 0
SEP
CPU yadrolab-wp11 1745512786 2025/04/24 19:39:46 1 100 24 25 62 1 2305 0 0 0 0 0 75819 100 0 0
SEP
CPU yadrolab-wp11 1745512787 2025/04/24 19:39:47 1 100 24 52 88 3 2241 2 0 0 0 0 74551 100 0 0
SEP
CPU yadrolab-wp11 1745512788 2025/04/24 19:39:48 1 100 24 27 262 1 2107 0 0 0 0 0 78009 100 0 0
SEP
CPU yadrolab-wp11 1745512789 2025/04/24 19:39:49 1 100 24 20 46 2 2324 0 0 0 0 0 74452 100 0 0
SEP
CPU yadrolab-wp11 1745512790 2025/04/24 19:39:50 1 100 24 19 48 0 2329 0 0 0 0 0 73496 100 0 0
SEP
CPU yadrolab-wp11 1745512791 2025/04/24 19:39:51 1 100 24 28 56 2 2302 0 0 0 0 0 76178 100 0 0
SEP
CPU yadrolab-wp11 1745512792 2025/04/24 19:39:52 1 100 24 18 50 3 2324 0 0 0 0 0 74400 100 0 0
SEP
CPU yadrolab-wp11 1745512793 2025/04/24 19:39:53 1 100 24 48 285 1 2049 2 0 0 0 0 76933 100 0 0
SEP
CPU yadrolab-wp11 1745512794 2025/04/24 19:39:54 1 100 24 21 49 0 2324 0 0 0 0 0 75983 100 0 0
SEP
CPU yadrolab-wp11 1745512795 2025/04/24 19:39:55 1 100 24 16 56 1 2328 0 0 0 0 0 75938 100 0 0
SEP
CPU yadrolab-wp11 1745512796 2025/04/24 19:39:56 1 100 24 31 55 2 2302 0 0 0 0 0 74588 100 0 0
SEP
CPU yadrolab-wp11 1745512797 2025/04/24 19:39:57 1 100 24 19 51 0 2329 0 0 0 0 0 72411 100 0 0
SEP
CPU yadrolab-wp11 1745512798 2025/04/24 19:39:58 1 100 24 57 300 3 2028 2 0 0 0 0 78528 100 0 0
SEP
CPU yadrolab-wp11 1745512799 2025/04/24 19:39:59 1 100 24 21 50 3 2319 0 0 0 0 0 76373 100 0 0
SEP
CPU yadrolab-wp11 1745512800 2025/04/24 19:40:00 1 100 24 21 49 3 2325 0 0 0 0 0 76238 100 0 0
SEP
CPU yadrolab-wp11 1745512801 2025/04/24 19:40:01 1 100 24 30 59 4 2298 0 0 0 0 0 75506 100 0 0
SEP
CPU yadrolab-wp11 1745512802 2025/04/24 19:40:02 1 100 24 33 55 7 2301 0 0 0 0 0 74596 100 0 0
SEP
CPU yadrolab-wp11 1745512803 2025/04/24 19:40:03 1 100 24 69 289 10 2018 2 0 0 0 0 80126 100 0 0
SEP
CPU yadrolab-wp11 1745512804 2025/04/24 19:40:04 1 100 24 24 53 0 2320 0 0 0 0 0 76840 100 0 0
SEP
CPU yadrolab-wp11 1745512805 2025/04/24 19:40:05 1 100 24 20 48 1 2325 0 0 0 0 0 74257 100 0 0
SEP
CPU yadrolab-wp11 1745512806 2025/04/24 19:40:06 1 100 24 31 53 0 2308 0 0 0 0 0 74808 100 0 0
SEP
CPU yadrolab-wp11 1745512807 2025/04/24 19:40:07 1 100 24 18 49 1 2324 0 0 0 0 0 76642 100 0 0
SEP
CPU yadrolab-wp11 1745512808 2025/04/24 19:40:08 1 100 24 48 275 3 2058 2 0 1 0 0 77521 100 0 0
SEP
CPU yadrolab-wp11 1745512809 2025/04/24 19:40:09 1 100 24 19 56 1 2318 0 0 0 0 0 75987 100 0 0
SEP
CPU yadrolab-wp11 1745512810 2025/04/24 19:40:10 1 100 24 16 54 2 2324 0 0 0 0 0 75326 100 0 0
SEP
CPU yadrolab-wp11 1745512811 2025/04/24 19:40:11 1 100 24 22 48 1 2323 0 0 0 0 0 75628 100 0 0
SEP
CPU yadrolab-wp11 1745512812 2025/04/24 19:40:12 1 100 24 27 56 2 2303 0 0 0 0 0 75111 100 0 0
SEP
CPU yadrolab-wp11 1745512813 2025/04/24 19:40:13 1 100 24 75 110 3 2192 2 0 0 0 0 76711 100 0 0
SEP
CPU yadrolab-wp11 1745512814 2025/04/24 19:40:14 1 100 24 25 257 0 2115 0 0 0 0 0 78080 100 0 0
SEP
CPU yadrolab-wp11 1745512815 2025/04/24 19:40:15 1 100 24 22 46 2 2330 0 0 0 0 0 76065 100 0 0
SEP
CPU yadrolab-wp11 1745512816 2025/04/24 19:40:16 1 100 24 21 48 1 2325 0 0 0 0 0 73567 100 0 0
SEP
CPU yadrolab-wp11 1745512817 2025/04/24 19:40:17 1 100 24 36 47 12 2296 0 0 0 0 0 76745 100 0 0
SEP
CPU yadrolab-wp11 1745512818 2025/04/24 19:40:18 1 100 24 31 62 4 2296 0 0 0 0 0 79182 100 0 0
SEP
CPU yadrolab-wp11 1745512819 2025/04/24 19:40:19 1 100 24 50 284 2 2057 1 0 0 0 0 77496 100 0 0
SEP
CPU yadrolab-wp11 1745512820 2025/04/24 19:40:20 1 100 24 20 51 4 2321 0 0 0 0 0 71996 100 0 0
SEP
CPU yadrolab-wp11 1745512821 2025/04/24 19:40:21 1 100 24 24 50 2 2324 0 0 0 0 0 76103 100 0 0
SEP
CPU yadrolab-wp11 1745512822 2025/04/24 19:40:22 1 100 24 35 39 88 2239 0 0 0 0 0 79180 100 0 0
SEP
CPU yadrolab-wp11 1745512823 2025/04/24 19:40:23 1 100 24 42 92 12 2250 2 0 0 0 0 72571 100 0 0
SEP
CPU yadrolab-wp11 1745512824 2025/04/24 19:40:24 1 100 24 46 269 46 2029 0 0 0 0 0 78322 100 0 0
SEP
CPU yadrolab-wp11 1745512825 2025/04/24 19:40:25 1 100 24 21 51 1 2323 0 0 0 0 0 76129 100 0 0
SEP
CPU yadrolab-wp11 1745512826 2025/04/24 19:40:26 1 100 24 22 44 1 2327 0 0 0 0 0 74400 100 0 0
SEP
CPU yadrolab-wp11 1745512827 2025/04/24 19:40:27 1 100 24 35 55 2 2303 0 0 0 0 0 75292 100 0 0
SEP
CPU yadrolab-wp11 1745512828 2025/04/24 19:40:28 1 100 24 15 48 3 2323 1 0 0 0 0 73235 100 0 0
SEP
CPU yadrolab-wp11 1745512829 2025/04/24 19:40:29 1 100 24 79 329 3 1983 2 0 0 0 0 75986 100 0 0
SEP
CPU yadrolab-wp11 1745512830 2025/04/24 19:40:30 1 100 24 21 54 3 2318 0 0 0 0 0 76477 100 0 0
SEP
CPU yadrolab-wp11 1745512831 2025/04/24 19:40:31 1 100 24 20 48 2 2324 0 0 0 0 0 75274 100 0 0
SEP
CPU yadrolab-wp11 1745512832 2025/04/24 19:40:32 1 100 24 20 63 1 2306 0 0 0 0 0 76812 100 0 0
SEP
CPU yadrolab-wp11 1745512833 2025/04/24 19:40:33 1 100 24 22 48 1 2325 0 0 0 0 0 72000 100 0 0
SEP
CPU yadrolab-wp11 1745512834 2025/04/24 19:40:34 1 100 24 67 309 1 2020 2 0 1 0 0 80493 100 0 0
SEP
CPU yadrolab-wp11 1745512835 2025/04/24 19:40:35 1 100 24 20 49 0 2327 0 0 0 0 0 76076 100 0 0
SEP
CPU yadrolab-wp11 1745512836 2025/04/24 19:40:36 1 100 24 17 51 2 2327 0 0 0 0 0 75305 100 0 0
SEP
CPU yadrolab-wp11 1745512837 2025/04/24 19:40:37 1 100 24 27 60 0 2299 0 0 0 0 0 78329 100 0 0
SEP
CPU yadrolab-wp11 1745512838 2025/04/24 19:40:38 1 100 24 16 43 4 2327 0 0 0 0 0 74194 100 0 0
SEP
CPU yadrolab-wp11 1745512839 2025/04/24 19:40:39 1 100 24 54 285 2 2038 2 0 0 0 0 77538 100 0 0
SEP
CPU yadrolab-wp11 1745512840 2025/04/24 19:40:40 1 100 24 18 60 1 2318 0 0 0 0 0 73461 100 0 0
SEP
CPU yadrolab-wp11 1745512841 2025/04/24 19:40:41 1 100 24 17 54 1 2320 0 0 0 0 0 75939 100 0 0
SEP
CPU yadrolab-wp11 1745512842 2025/04/24 19:40:42 1 100 24 17 50 1 2329 0 0 0 0 0 75975 100 0 0
SEP
CPU yadrolab-wp11 1745512843 2025/04/24 19:40:43 1 100 24 35 54 3 2303 0 0 0 0 0 74483 100 0 0
SEP
CPU yadrolab-wp11 1745512844 2025/04/24 19:40:44 1 100 24 37 80 2 2247 2 0 0 0 0 72483 100 0 0
SEP
CPU yadrolab-wp11 1745512845 2025/04/24 19:40:45 1 100 24 27 260 1 2111 0 0 0 0 0 77809 100 0 0
SEP
CPU yadrolab-wp11 1745512846 2025/04/24 19:40:46 1 100 24 17 51 2 2327 0 0 0 0 0 75441 100 0 0
SEP
CPU yadrolab-wp11 1745512847 2025/04/24 19:40:47 1 100 24 20 49 5 2322 0 0 0 0 0 75344 100 0 0
SEP
CPU yadrolab-wp11 1745512848 2025/04/24 19:40:48 1 100 24 28 55 8 2297 0 0 0 0 0 75594 100 0 0
SEP
CPU yadrolab-wp11 1745512849 2025/04/24 19:40:49 1 100 24 49 92 3 2250 2 0 0 0 0 77900 100 0 0
SEP
CPU yadrolab-wp11 1745512850 2025/04/24 19:40:50 1 100 24 27 261 1 2109 0 0 0 0 0 78253 100 0 0
SEP
CPU yadrolab-wp11 1745512851 2025/04/24 19:40:51 1 100 24 18 46 0 2330 0 0 0 0 0 75936 100 0 0
SEP
CPU yadrolab-wp11 1745512852 2025/04/24 19:40:52 1 100 24 15 51 1 2328 0 0 0 0 0 75981 100 0 0
SEP
CPU yadrolab-wp11 1745512853 2025/04/24 19:40:53 1 100 24 29 64 1 2299 0 0 0 0 0 75111 100 0 0
SEP
CPU yadrolab-wp11 1745512854 2025/04/24 19:40:54 1 100 24 19 46 1 2329 0 0 0 0 0 76729 100 0 0
SEP
CPU yadrolab-wp11 1745512855 2025/04/24 19:40:55 1 100 24 52 293 2 2043 2 0 0 0 0 79767 100 0 0
SEP
CPU yadrolab-wp11 1745512856 2025/04/24 19:40:56 1 100 24 22 49 1 2325 0 0 0 0 0 77553 100 0 0
SEP
CPU yadrolab-wp11 1745512857 2025/04/24 19:40:57 1 100 24 17 47 0 2331 0 0 0 0 0 75137 100 0 0
SEP
CPU yadrolab-wp11 1745512858 2025/04/24 19:40:58 1 100 24 26 62 2 2300 0 0 0 0 0 75140 100 0 0
SEP
CPU yadrolab-wp11 1745512859 2025/04/24 19:40:59 1 100 24 20 47 3 2327 0 0 0 0 0 78454 100 0 0
SEP
CPU yadrolab-wp11 1745512860 2025/04/24 19:41:00 1 100 24 69 321 4 2002 2 0 0 0 0 78297 100 0 0
SEP
CPU yadrolab-wp11 1745512861 2025/04/24 19:41:01 1 100 24 19 48 5 2325 0 0 0 0 0 76758 100 0 0
SEP
CPU yadrolab-wp11 1745512862 2025/04/24 19:41:02 1 100 24 20 52 1 2323 0 0 0 0 0 74937 100 0 0
SEP
CPU yadrolab-wp11 1745512863 2025/04/24 19:41:03 1 100 24 35 56 1 2305 0 0 0 0 0 76394 100 0 0
SEP
CPU yadrolab-wp11 1745512864 2025/04/24 19:41:04 1 100 24 18 47 0 2330 0 0 0 0 0 76094 100 0 0
SEP
CPU yadrolab-wp11 1745512865 2025/04/24 19:41:05 1 100 24 56 286 2 2032 3 0 0 0 0 80595 100 0 0
SEP
CPU yadrolab-wp11 1745512866 2025/04/24 19:41:06 1 100 24 19 51 0 2322 0 0 0 0 0 73790 100 0 0
SEP
CPU yadrolab-wp11 1745512867 2025/04/24 19:41:07 1 100 24 18 48 2 2326 0 0 0 0 0 75702 100 0 0
SEP
CPU yadrolab-wp11 1745512868 2025/04/24 19:41:08 1 100 24 24 50 0 2323 0 0 0 0 0 74526 100 0 0
SEP
CPU yadrolab-wp11 1745512869 2025/04/24 19:41:09 1 100 24 29 53 0 2304 0 0 0 0 0 74400 100 0 0
SEP
CPU yadrolab-wp11 1745512870 2025/04/24 19:41:10 1 100 24 77 296 3 2012 2 0 0 0 0 76186 100 0 0
SEP
CPU yadrolab-wp11 1745512871 2025/04/24 19:41:11 1 100 24 20 59 0 2313 0 0 0 0 0 76637 100 0 0
SEP
CPU yadrolab-wp11 1745512872 2025/04/24 19:41:12 1 100 24 21 49 1 2324 0 0 0 0 0 76126 100 0 0
SEP
CPU yadrolab-wp11 1745512873 2025/04/24 19:41:13 1 100 24 19 53 0 2329 0 0 1 0 0 77294 100 0 0
SEP
CPU yadrolab-wp11 1745512874 2025/04/24 19:41:14 1 100 24 30 52 5 2302 0 0 0 0 0 76477 100 0 0
SEP
CPU yadrolab-wp11 1745512875 2025/04/24 19:41:15 1 100 24 67 107 4 2206 1 0 0 0 0 75558 100 0 0
SEP
CPU yadrolab-wp11 1745512876 2025/04/24 19:41:16 1 100 24 22 265 1 2108 0 0 0 0 0 77410 100 0 0
SEP
CPU yadrolab-wp11 1745512877 2025/04/24 19:41:17 1 100 24 27 44 0 2326 0 0 0 0 0 77104 100 0 0
SEP
CPU yadrolab-wp11 1745512878 2025/04/24 19:41:18 1 100 24 19 49 4 2323 0 0 0 0 0 76492 100 0 0
SEP
CPU yadrolab-wp11 1745512879 2025/04/24 19:41:19 1 100 24 25 57 1 2302 0 0 0 0 0 75930 100 0 0
SEP
CPU yadrolab-wp11 1745512880 2025/04/24 19:41:20 1 100 24 22 60 6 2305 1 0 0 0 0 73292 100 0 0
SEP
CPU yadrolab-wp11 1745512881 2025/04/24 19:41:21 1 100 24 37 284 1 2074 1 0 0 0 0 77566 100 0 0
SEP
CPU yadrolab-wp11 1745512882 2025/04/24 19:41:22 1 100 24 19 46 2 2328 0 0 0 0 0 73699 100 0 0
SEP
CPU yadrolab-wp11 1745512883 2025/04/24 19:41:23 1 100 24 17 49 2 2328 0 0 0 0 0 74187 100 0 0
SEP
CPU yadrolab-wp11 1745512884 2025/04/24 19:41:24 1 100 24 30 52 0 2306 0 0 0 0 0 75940 100 0 0
SEP
CPU yadrolab-wp11 1745512885 2025/04/24 19:41:25 1 100 24 22 51 2 2323 0 0 0 0 0 74400 100 0 0
SEP
CPU yadrolab-wp11 1745512886 2025/04/24 19:41:26 1 100 24 63 305 4 2014 2 0 0 0 0 78598 100 0 0
SEP
CPU yadrolab-wp11 1745512887 2025/04/24 19:41:27 1 100 24 18 49 0 2324 0 0 0 0 0 75612 100 0 0
SEP
CPU yadrolab-wp11 1745512888 2025/04/24 19:41:28 1 100 24 18 43 2 2327 0 0 0 0 0 75300 100 0 0
SEP
CPU yadrolab-wp11 1745512889 2025/04/24 19:41:29 1 100 24 16 54 1 2314 0 0 0 0 0 73678 100 0 0
SEP
CPU yadrolab-wp11 1745512890 2025/04/24 19:41:30 1 100 24 16 52 2 2325 0 0 0 0 0 75240 100 0 0
SEP
CPU yadrolab-wp11 1745512891 2025/04/24 19:41:31 1 100 24 54 291 9 2021 3 0 0 0 0 78982 100 0 0
SEP
CPU yadrolab-wp11 1745512892 2025/04/24 19:41:32 1 100 24 22 47 0 2321 0 0 0 0 0 75352 100 0 0
SEP
CPU yadrolab-wp11 1745512893 2025/04/24 19:41:33 1 100 24 17 49 2 2328 0 0 0 0 0 76078 100 0 0
SEP
CPU yadrolab-wp11 1745512894 2025/04/24 19:41:34 1 100 24 31 60 2 2299 0 0 0 0 0 78387 100 0 0
SEP
CPU yadrolab-wp11 1745512895 2025/04/24 19:41:35 1 100 24 16 48 2 2330 0 0 0 0 0 75490 100 0 0
SEP
CPU yadrolab-wp11 1745512896 2025/04/24 19:41:36 1 100 24 46 281 2 2052 1 0 0 0 0 78313 100 0 0
SEP
CPU yadrolab-wp11 1745512897 2025/04/24 19:41:37 1 100 24 24 52 2 2320 0 0 0 0 0 75958 100 0 0
SEP
CPU yadrolab-wp11 1745512898 2025/04/24 19:41:38 1 100 24 16 47 0 2330 0 0 0 0 0 75741 100 0 0
SEP
CPU yadrolab-wp11 1745512899 2025/04/24 19:41:39 1 100 24 20 48 1 2326 0 0 0 0 0 76167 100 0 0
SEP
CPU yadrolab-wp11 1745512900 2025/04/24 19:41:40 1 100 24 22 53 1 2314 0 0 0 0 0 76225 100 0 0
SEP
CPU yadrolab-wp11 1745512901 2025/04/24 19:41:41 1 100 24 63 291 3 2023 2 0 0 0 0 77139 100 0 0
SEP
CPU yadrolab-wp11 1745512902 2025/04/24 19:41:42 1 100 24 21 71 0 2304 0 0 0 0 0 75945 100 0 0
SEP
CPU yadrolab-wp11 1745512903 2025/04/24 19:41:43 1 100 24 15 51 1 2329 0 0 0 0 0 74774 100 0 0
SEP
CPU yadrolab-wp11 1745512904 2025/04/24 19:41:44 1 100 24 18 49 1 2326 0 0 0 0 0 75657 100 0 0
SEP
CPU yadrolab-wp11 1745512905 2025/04/24 19:41:45 1 100 24 21 54 0 2316 0 0 0 0 0 73950 100 0 0
SEP
CPU yadrolab-wp11 1745512906 2025/04/24 19:41:46 1 100 24 58 91 3 2238 2 0 0 0 0 75637 100 0 0
SEP
CPU yadrolab-wp11 1745512907 2025/04/24 19:41:47 1 100 24 28 257 1 2109 0 0 0 0 0 77481 100 0 0
SEP
CPU yadrolab-wp11 1745512908 2025/04/24 19:41:48 1 100 24 20 49 1 2325 0 0 0 0 0 75126 100 0 0
SEP
CPU yadrolab-wp11 1745512909 2025/04/24 19:41:49 1 100 24 23 58 1 2320 0 0 0 0 0 75312 100 0 0
SEP
CPU yadrolab-wp11 1745512910 2025/04/24 19:41:50 1 100 24 35 54 2 2302 0 0 0 0 0 73773 100 0 0
SEP
CPU yadrolab-wp11 1745512911 2025/04/24 19:41:51 1 100 24 20 46 2 2326 0 0 0 0 0 73864 100 0 0
SEP
CPU yadrolab-wp11 1745512912 2025/04/24 19:41:52 1 100 24 67 304 3 2006 2 0 0 0 0 78634 100 0 0
SEP
CPU yadrolab-wp11 1745512913 2025/04/24 19:41:53 1 100 24 19 45 0 2330 0 0 0 0 0 75317 100 0 0
SEP
CPU yadrolab-wp11 1745512914 2025/04/24 19:41:54 1 100 24 15 49 1 2330 0 0 0 0 0 76556 100 0 0
SEP
CPU yadrolab-wp11 1745512915 2025/04/24 19:41:55 1 100 24 24 61 1 2305 0 0 0 0 0 76167 100 0 0
SEP
CPU yadrolab-wp11 1745512916 2025/04/24 19:41:56 1 100 24 17 50 0 2330 0 0 0 0 0 76478 100 0 0
SEP
CPU yadrolab-wp11 1745512917 2025/04/24 19:41:57 1 100 24 49 297 4 2037 2 0 0 0 0 80726 100 0 0
SEP
CPU yadrolab-wp11 1745512918 2025/04/24 19:41:58 1 100 24 19 48 1 2327 0 0 0 0 0 75832 100 0 0
SEP
CPU yadrolab-wp11 1745512919 2025/04/24 19:41:59 1 100 24 20 54 0 2323 0 0 0 0 0 74723 100 0 0
SEP
CPU yadrolab-wp11 1745512920 2025/04/24 19:42:00 1 100 24 33 56 12 2289 0 0 0 0 0 76631 100 0 0
SEP
CPU yadrolab-wp11 1745512921 2025/04/24 19:42:01 1 100 24 21 52 6 2318 0 0 0 0 0 77625 100 0 0
SEP
CPU yadrolab-wp11 1745512922 2025/04/24 19:42:02 1 100 24 73 286 35 1999 2 0 0 0 0 80437 100 0 0
SEP
CPU yadrolab-wp11 1745512923 2025/04/24 19:42:03 1 100 24 17 55 2 2316 0 0 0 0 0 76847 100 0 0
SEP
CPU yadrolab-wp11 1745512924 2025/04/24 19:42:04 1 100 24 19 50 0 2327 0 0 0 0 0 76454 100 0 0
SEP
CPU yadrolab-wp11 1745512925 2025/04/24 19:42:05 1 100 24 25 61 4 2298 0 0 0 0 0 69728 100 0 0
SEP
CPU yadrolab-wp11 1745512926 2025/04/24 19:42:06 1 100 24 33 32 91 2252 0 0 0 0 0 77710 100 0 0
SEP
CPU yadrolab-wp11 1745512927 2025/04/24 19:42:07 1 100 24 59 298 5 2029 1 0 0 0 0 80680 100 0 0
SEP
CPU yadrolab-wp11 1745512928 2025/04/24 19:42:08 1 100 24 18 57 7 2311 0 0 0 0 0 71874 100 0 0
SEP
CPU yadrolab-wp11 1745512929 2025/04/24 19:42:09 1 100 24 31 49 38 2281 1 0 1 0 0 77050 100 0 0
SEP
CPU yadrolab-wp11 1745512930 2025/04/24 19:42:10 1 100 24 21 44 2 2325 0 0 0 0 0 75327 100 0 0
SEP
CPU yadrolab-wp11 1745512931 2025/04/24 19:42:11 1 100 24 25 56 0 2306 0 0 0 0 0 76666 100 0 0
SEP
CPU yadrolab-wp11 1745512932 2025/04/24 19:42:12 1 100 24 58 146 4 2170 3 0 0 0 0 107800 100 0 0
SEP
CPU yadrolab-wp11 1745512933 2025/04/24 19:42:13 1 100 24 25 229 1 2149 0 0 0 0 0 75747 100 0 0
SEP
CPU yadrolab-wp11 1745512934 2025/04/24 19:42:14 1 100 24 20 51 5 2320 0 0 0 0 0 75760 100 0 0
SEP
CPU yadrolab-wp11 1745512935 2025/04/24 19:42:15 1 100 24 18 47 1 2330 0 0 0 0 0 76079 100 0 0
SEP
CPU yadrolab-wp11 1745512936 2025/04/24 19:42:16 1 100 24 28 56 1 2305 0 0 0 0 0 75785 100 0 0
SEP
CPU yadrolab-wp11 1745512937 2025/04/24 19:42:17 1 100 24 36 73 3 2276 1 0 0 0 0 67822 100 0 0
SEP
CPU yadrolab-wp11 1745512938 2025/04/24 19:42:18 1 100 24 40 276 2 2070 1 0 0 0 0 78002 100 0 0
SEP
CPU yadrolab-wp11 1745512939 2025/04/24 19:42:19 1 100 24 23 54 1 2316 0 0 0 0 0 76294 100 0 0
SEP
CPU yadrolab-wp11 1745512940 2025/04/24 19:42:20 1 100 24 18 49 1 2327 0 0 0 0 0 74563 100 0 0
SEP
CPU yadrolab-wp11 1745512941 2025/04/24 19:42:21 1 100 24 21 62 0 2304 0 0 0 0 0 74400 100 0 0
SEP
CPU yadrolab-wp11 1745512942 2025/04/24 19:42:22 1 100 24 20 50 1 2324 0 0 0 0 0 75610 100 0 0
SEP
CPU yadrolab-wp11 1745512943 2025/04/24 19:42:23 1 100 24 64 296 1 2037 2 0 0 0 0 77976 100 0 0
SEP
CPU yadrolab-wp11 1745512944 2025/04/24 19:42:24 1 100 24 18 46 1 2327 0 0 0 0 0 77749 100 0 0
SEP
CPU yadrolab-wp11 1745512945 2025/04/24 19:42:25 1 100 24 20 51 2 2324 0 0 0 0 0 75043 100 0 0
SEP
CPU yadrolab-wp11 1745512946 2025/04/24 19:42:26 1 100 24 33 53 1 2301 0 0 0 0 0 78556 100 0 0
SEP
CPU yadrolab-wp11 1745512947 2025/04/24 19:42:27 1 100 24 19 52 2 2324 0 0 0 0 0 75861 100 0 0
SEP
CPU yadrolab-wp11 1745512948 2025/04/24 19:42:28 1 100 24 70 308 2 1998 1 0 0 0 0 78043 100 0 0
SEP
CPU yadrolab-wp11 1745512949 2025/04/24 19:42:29 1 100 24 18 48 1 2331 0 0 0 0 0 76649 100 0 0
SEP
CPU yadrolab-wp11 1745512950 2025/04/24 19:42:30 1 100 24 20 50 6 2320 0 0 0 0 0 75872 100 0 0
SEP
CPU yadrolab-wp11 1745512951 2025/04/24 19:42:31 1 100 24 36 60 1 2298 1 0 0 0 0 75388 100 0 0
SEP
CPU yadrolab-wp11 1745512952 2025/04/24 19:42:32 1 100 24 18 46 11 2321 0 0 0 0 0 75582 100 0 0
SEP
CPU yadrolab-wp11 1745512953 2025/04/24 19:42:33 1 100 24 48 282 13 2035 1 0 0 0 0 80456 100 0 0
SEP
CPU yadrolab-wp11 1745512954 2025/04/24 19:42:34 1 100 24 23 54 1 2317 0 0 0 0 0 76454 100 0 0
SEP
CPU yadrolab-wp11 1745512955 2025/04/24 19:42:35 1 100 24 17 49 2 2325 0 0 0 0 0 72000 100 0 0
SEP
CPU yadrolab-wp11 1745512956 2025/04/24 19:42:36 1 100 24 21 49 1 2327 0 0 0 0 0 75750 100 0 0
SEP
CPU yadrolab-wp11 1745512957 2025/04/24 19:42:37 1 100 24 27 57 5 2296 0 0 0 0 0 75789 100 0 0
SEP
CPU yadrolab-wp11 1745512958 2025/04/24 19:42:38 1 100 24 52 284 5 2037 2 0 0 0 0 80438 100 0 0
SEP
CPU yadrolab-wp11 1745512959 2025/04/24 19:42:39 1 100 24 21 59 0 2311 0 0 0 0 0 76431 100 0 0
SEP
CPU yadrolab-wp11 1745512960 2025/04/24 19:42:40 1 100 24 18 47 1 2330 0 0 0 0 0 76489 100 0 0
SEP
CPU yadrolab-wp11 1745512961 2025/04/24 19:42:41 1 100 24 19 50 1 2327 0 0 0 0 0 78391 100 0 0
SEP
CPU yadrolab-wp11 1745512962 2025/04/24 19:42:42 1 100 24 19 55 1 2312 0 0 0 0 0 76164 100 0 0
SEP
CPU yadrolab-wp11 1745512963 2025/04/24 19:42:43 1 100 24 59 97 1 2225 2 0 0 0 0 75783 100 0 0
SEP
CPU yadrolab-wp11 1745512964 2025/04/24 19:42:44 1 100 24 19 266 1 2112 0 0 0 0 0 77530 100 0 0
SEP
CPU yadrolab-wp11 1745512965 2025/04/24 19:42:45 1 100 24 18 49 2 2322 0 0 0 0 0 75554 100 0 0
SEP
CPU yadrolab-wp11 1745512966 2025/04/24 19:42:46 1 100 24 21 50 1 2327 0 0 0 0 0 75262 100 0 0
SEP
CPU yadrolab-wp11 1745512967 2025/04/24 19:42:47 1 100 24 26 47 1 2316 0 0 0 0 0 75805 100 0 0
SEP
CPU yadrolab-wp11 1745512968 2025/04/24 19:42:48 1 100 24 22 47 4 2319 0 0 0 0 0 75641 100 0 0
SEP
CPU yadrolab-wp11 1745512969 2025/04/24 19:42:49 1 100 24 66 316 1 2016 2 0 0 0 0 78450 100 0 0
SEP
CPU yadrolab-wp11 1745512970 2025/04/24 19:42:50 1 100 24 23 48 2 2325 0 0 0 0 0 74937 100 0 0
SEP
CPU yadrolab-wp11 1745512971 2025/04/24 19:42:51 1 100 24 18 51 1 2323 0 0 0 0 0 73125 100 0 0
SEP
CPU yadrolab-wp11 1745512972 2025/04/24 19:42:52 1 100 24 36 50 2 2305 0 0 0 0 0 76456 100 0 0
SEP
CPU yadrolab-wp11 1745512973 2025/04/24 19:42:53 1 100 24 17 51 2 2326 0 0 0 0 0 76090 100 0 0
SEP
CPU yadrolab-wp11 1745512974 2025/04/24 19:42:54 1 100 24 71 308 4 2009 3 0 0 0 0 77793 100 0 0
SEP
CPU yadrolab-wp11 1745512975 2025/04/24 19:42:55 1 100 24 23 56 1 2320 0 0 0 0 0 75823 100 0 0
SEP
CPU yadrolab-wp11 1745512976 2025/04/24 19:42:56 1 100 24 22 43 1 2324 0 0 0 0 0 76067 100 0 0
SEP
CPU yadrolab-wp11 1745512977 2025/04/24 19:42:57 1 100 24 33 50 3 2299 0 0 0 0 0 74699 100 0 0
SEP
CPU yadrolab-wp11 1745512978 2025/04/24 19:42:58 1 100 24 15 48 2 2329 0 0 0 0 0 73240 100 0 0
SEP
CPU yadrolab-wp11 1745512979 2025/04/24 19:42:59 1 100 24 71 107 4 2198 5 0 0 0 0 63572 100 0 0
SEP
CPU yadrolab-wp11 1745512980 2025/04/24 19:43:00 1 100 24 22 261 3 2110 0 0 0 0 0 77714 100 0 0
SEP
CPU yadrolab-wp11 1745512981 2025/04/24 19:43:01 1 100 24 22 44 4 2323 0 0 0 0 0 74760 100 0 0
SEP
CPU yadrolab-wp11 1745512982 2025/04/24 19:43:02 1 100 24 21 50 2 2319 0 0 0 0 0 74062 100 0 0
SEP
CPU yadrolab-wp11 1745512983 2025/04/24 19:43:03 1 100 24 30 54 0 2305 0 0 0 0 0 75365 100 0 0
SEP
CPU yadrolab-wp11 1745512984 2025/04/24 19:43:04 1 100 24 28 60 2 2303 1 0 0 0 0 73978 100 0 0
SEP
CPU yadrolab-wp11 1745512985 2025/04/24 19:43:05 1 100 24 44 287 2 2064 1 0 0 0 0 77351 100 0 0
SEP
CPU yadrolab-wp11 1745512986 2025/04/24 19:43:06 1 100 24 21 47 1 2323 0 0 0 0 0 76521 100 0 0
SEP
CPU yadrolab-wp11 1745512987 2025/04/24 19:43:07 1 100 24 20 47 1 2327 0 0 0 0 0 75744 100 0 0
SEP
CPU yadrolab-wp11 1745512988 2025/04/24 19:43:08 1 100 24 23 60 1 2304 0 0 0 0 0 75922 100 0 0
SEP
CPU yadrolab-wp11 1745512989 2025/04/24 19:43:09 1 100 24 18 51 1 2325 0 0 0 0 0 74504 100 0 0
SEP
CPU yadrolab-wp11 1745512990 2025/04/24 19:43:10 1 100 24 68 312 3 2009 2 0 0 0 0 75499 100 0 0
SEP
CPU yadrolab-wp11 1745512991 2025/04/24 19:43:11 1 100 24 22 50 2 2321 0 0 0 0 0 74859 100 0 0
SEP
CPU yadrolab-wp11 1745512992 2025/04/24 19:43:12 1 100 24 19 51 1 2325 0 0 0 0 0 75374 100 0 0
SEP
CPU yadrolab-wp11 1745512993 2025/04/24 19:43:13 1 100 24 31 55 1 2306 0 0 0 0 0 75437 100 0 0
SEP
CPU yadrolab-wp11 1745512994 2025/04/24 19:43:14 1 100 24 16 47 1 2333 0 0 0 0 0 74977 100 0 0
SEP
CPU yadrolab-wp11 1745512995 2025/04/24 19:43:15 1 100 24 56 285 1 2033 2 0 0 0 0 78713 100 0 0
SEP
CPU yadrolab-wp11 1745512996 2025/04/24 19:43:16 1 100 24 18 49 1 2326 0 0 0 0 0 76191 100 0 0
SEP
CPU yadrolab-wp11 1745512997 2025/04/24 19:43:17 1 100 24 20 47 2 2329 0 0 0 0 0 75234 100 0 0
SEP
CPU yadrolab-wp11 1745512998 2025/04/24 19:43:18 1 100 24 31 61 1 2297 0 0 0 0 0 73978 100 0 0
SEP
CPU yadrolab-wp11 1745512999 2025/04/24 19:43:19 1 100 24 19 51 1 2326 0 0 0 0 0 74821 100 0 0
SEP
CPU yadrolab-wp11 1745513000 2025/04/24 19:43:20 1 100 24 73 315 3 1991 1 0 0 0 0 76938 100 0 0
SEP
CPU yadrolab-wp11 1745513001 2025/04/24 19:43:21 1 100 24 24 57 2 2317 0 0 0 0 0 76529 100 0 0
SEP
CPU yadrolab-wp11 1745513002 2025/04/24 19:43:22 1 100 24 16 49 0 2328 0 0 0 0 0 74883 100 0 0
SEP
CPU yadrolab-wp11 1745513003 2025/04/24 19:43:23 1 100 24 16 47 2 2328 0 0 0 0 0 75080 100 0 0
SEP
CPU yadrolab-wp11 1745513004 2025/04/24 19:43:24 1 100 24 27 58 1 2304 0 0 0 0 0 75545 100 0 0
SEP
CPU yadrolab-wp11 1745513005 2025/04/24 19:43:25 1 100 24 58 194 2 2146 2 0 0 0 0 107846 100 0 0
SEP
CPU yadrolab-wp11 1745513006 2025/04/24 19:43:26 1 100 24 21 159 1 2211 0 0 0 0 0 76810 100 0 0
SEP
CPU yadrolab-wp11 1745513007 2025/04/24 19:43:27 1 100 24 27 42 3 2323 0 0 0 0 0 76560 100 0 0
SEP
CPU yadrolab-wp11 1745513008 2025/04/24 19:43:28 1 100 24 18 49 2 2329 0 0 0 0 0 75678 100 0 0
SEP
CPU yadrolab-wp11 1745513009 2025/04/24 19:43:29 1 100 24 29 58 1 2303 0 0 0 0 0 74810 100 0 0
SEP
CPU yadrolab-wp11 1745513010 2025/04/24 19:43:30 1 100 24 53 84 15 2237 2 0 1 0 0 76089 100 0 0
SEP
CPU yadrolab-wp11 1745513011 2025/04/24 19:43:31 1 100 24 22 257 1 2113 0 0 0 0 0 77700 100 0 0
SEP
CPU yadrolab-wp11 1745513012 2025/04/24 19:43:32 1 100 24 17 47 1 2325 0 0 0 0 0 76623 100 0 0
SEP
CPU yadrolab-wp11 1745513013 2025/04/24 19:43:33 1 100 24 19 47 0 2329 0 0 0 0 0 77357 100 0 0
SEP
CPU yadrolab-wp11 1745513014 2025/04/24 19:43:34 1 100 24 29 56 2 2302 0 0 0 0 0 75073 100 0 0
SEP
CPU yadrolab-wp11 1745513015 2025/04/24 19:43:35 1 100 24 18 53 2 2320 0 0 0 0 0 75414 100 0 0
SEP
CPU yadrolab-wp11 1745513016 2025/04/24 19:43:36 1 100 24 75 300 2 2006 2 0 0 0 0 77581 100 0 0
SEP
CPU yadrolab-wp11 1745513017 2025/04/24 19:43:37 1 100 24 25 39 16 2311 0 0 0 0 0 76791 100 0 0
SEP
CPU yadrolab-wp11 1745513018 2025/04/24 19:43:38 1 100 24 16 45 2 2328 0 0 0 0 0 75564 100 0 0
SEP
CPU yadrolab-wp11 1745513019 2025/04/24 19:43:39 1 100 24 29 64 1 2297 0 0 0 0 0 75814 100 0 0
SEP
CPU yadrolab-wp11 1745513020 2025/04/24 19:43:40 1 100 24 18 51 4 2326 0 0 0 0 0 74687 100 0 0
SEP
CPU yadrolab-wp11 1745513021 2025/04/24 19:43:41 1 100 24 56 295 4 2025 2 0 1 0 0 77851 100 0 0
SEP
CPU yadrolab-wp11 1745513022 2025/04/24 19:43:42 1 100 24 27 39 78 2247 0 0 0 0 0 78567 100 0 0
SEP
CPU yadrolab-wp11 1745513023 2025/04/24 19:43:43 1 100 24 22 45 4 2325 0 0 0 0 0 74600 100 0 0
SEP
CPU yadrolab-wp11 1745513024 2025/04/24 19:43:44 1 100 24 40 44 40 2272 0 0 0 0 0 78042 100 0 0
SEP
CPU yadrolab-wp11 1745513025 2025/04/24 19:43:45 1 100 24 17 46 1 2331 0 0 0 0 0 75792 100 0 0
SEP
CPU yadrolab-wp11 1745513026 2025/04/24 19:43:46 1 100 24 73 303 3 2005 2 0 0 0 0 77943 100 0 0
SEP
CPU yadrolab-wp11 1745513027 2025/04/24 19:43:47 1 100 24 17 49 3 2325 0 0 0 0 0 76184 100 0 0
SEP
CPU yadrolab-wp11 1745513028 2025/04/24 19:43:48 1 100 24 21 46 1 2328 0 0 0 0 0 75330 100 0 0
SEP
CPU yadrolab-wp11 1745513029 2025/04/24 19:43:49 1 100 24 33 52 0 2304 0 0 0 0 0 75148 100 0 0
SEP
CPU yadrolab-wp11 1745513030 2025/04/24 19:43:50 1 100 24 17 52 0 2326 0 0 0 0 0 75046 100 0 0
SEP
CPU yadrolab-wp11 1745513031 2025/04/24 19:43:51 1 100 24 59 288 2 2034 2 0 0 0 0 80754 100 0 0
SEP
CPU yadrolab-wp11 1745513032 2025/04/24 19:43:52 1 100 24 21 50 0 2325 0 0 0 0 0 74920 100 0 0
SEP
CPU yadrolab-wp11 1745513033 2025/04/24 19:43:53 1 100 24 19 45 0 2324 0 0 0 0 0 75083 100 0 0
SEP
CPU yadrolab-wp11 1745513034 2025/04/24 19:43:54 1 100 24 37 51 0 2304 0 0 0 0 0 76242 100 0 0
SEP
CPU yadrolab-wp11 1745513035 2025/04/24 19:43:55 1 100 24 17 51 4 2328 0 0 0 0 0 75871 100 0 0
SEP
CPU yadrolab-wp11 1745513036 2025/04/24 19:43:56 1 100 24 64 282 2 2032 1 0 0 0 0 77515 100 0 0
SEP
CPU yadrolab-wp11 1745513037 2025/04/24 19:43:57 1 100 24 22 57 1 2314 0 0 0 0 0 77174 100 0 0
SEP
CPU yadrolab-wp11 1745513038 2025/04/24 19:43:58 1 100 24 20 48 0 2327 0 0 0 0 0 77822 100 0 0
SEP
CPU yadrolab-wp11 1745513039 2025/04/24 19:43:59 1 100 24 14 48 1 2329 0 0 0 0 0 75323 100 0 0
SEP
CPU yadrolab-wp11 1745513040 2025/04/24 19:44:00 1 100 24 28 51 3 2310 1 0 0 0 0 76817 100 0 0
SEP
CPU yadrolab-wp11 1745513041 2025/04/24 19:44:01 1 100 24 64 104 9 2216 1 0 0 0 0 75858 100 0 0
SEP
CPU yadrolab-wp11 1745513042 2025/04/24 19:44:02 1 100 24 30 258 1 2102 0 0 0 0 0 76829 100 0 0
SEP
CPU yadrolab-wp11 1745513043 2025/04/24 19:44:03 1 100 24 20 50 1 2326 0 0 0 0 0 75949 100 0 0
SEP
CPU yadrolab-wp11 1745513044 2025/04/24 19:44:04 1 100 24 16 53 2 2326 0 0 0 0 0 75805 100 0 0
SEP
CPU yadrolab-wp11 1745513045 2025/04/24 19:44:05 1 100 24 36 56 3 2300 0 0 0 0 0 72453 100 0 0
SEP
CPU yadrolab-wp11 1745513046 2025/04/24 19:44:06 1 100 24 19 49 0 2324 0 0 0 0 0 75475 100 0 0
SEP
CPU yadrolab-wp11 1745513047 2025/04/24 19:44:07 1 100 24 73 315 7 1991 2 0 0 0 0 81377 100 0 0
SEP
CPU yadrolab-wp11 1745513048 2025/04/24 19:44:08 1 100 24 16 46 6 2328 0 0 0 0 0 76070 100 0 0
SEP
CPU yadrolab-wp11 1745513049 2025/04/24 19:44:09 1 100 24 17 48 1 2324 0 0 0 0 0 76005 100 0 0
SEP
CPU yadrolab-wp11 1745513050 2025/04/24 19:44:10 1 100 24 34 49 1 2308 0 0 1 0 0 76831 100 0 0
SEP
CPU yadrolab-wp11 1745513051 2025/04/24 19:44:11 1 100 24 19 49 3 2325 0 0 0 0 0 74657 100 0 0
SEP
CPU yadrolab-wp11 1745513052 2025/04/24 19:44:12 1 100 24 67 296 3 2014 3 0 0 0 0 79120 100 0 0
SEP
CPU yadrolab-wp11 1745513053 2025/04/24 19:44:13 1 100 24 31 48 1 2326 0 0 0 0 0 76401 100 0 0
SEP
CPU yadrolab-wp11 1745513054 2025/04/24 19:44:14 1 100 24 17 46 1 2327 0 0 0 0 0 76093 100 0 0
SEP
CPU yadrolab-wp11 1745513055 2025/04/24 19:44:15 1 100 24 32 57 0 2299 0 0 0 0 0 76536 100 0 0
SEP
CPU yadrolab-wp11 1745513056 2025/04/24 19:44:16 1 100 24 20 49 0 2325 0 0 0 0 0 76475 100 0 0
SEP
CPU yadrolab-wp11 1745513057 2025/04/24 19:44:17 1 100 24 75 299 4 2010 2 0 0 0 0 78780 100 0 0
SEP
CPU yadrolab-wp11 1745513058 2025/04/24 19:44:18 1 100 24 21 58 1 2315 0 0 0 0 0 76988 100 0 0
SEP
CPU yadrolab-wp11 1745513059 2025/04/24 19:44:19 1 100 24 20 47 11 2315 0 0 0 0 0 75319 100 0 0
SEP
CPU yadrolab-wp11 1745513060 2025/04/24 19:44:20 1 100 24 23 48 0 2327 0 0 0 0 0 73519 100 0 0
SEP
CPU yadrolab-wp11 1745513061 2025/04/24 19:44:21 1 100 24 25 62 2 2302 0 0 0 0 0 77286 100 0 0
SEP
CPU yadrolab-wp11 1745513062 2025/04/24 19:44:22 1 100 24 58 112 6 2197 2 0 0 0 0 107829 100 0 0
SEP
CPU yadrolab-wp11 1745513063 2025/04/24 19:44:23 1 100 24 32 216 68 2080 0 0 0 0 0 78585 100 0 0
SEP
CPU yadrolab-wp11 1745513064 2025/04/24 19:44:24 1 100 24 17 42 3 2327 0 0 0 0 0 71998 100 0 0
SEP
CPU yadrolab-wp11 1745513065 2025/04/24 19:44:25 1 100 24 20 48 5 2322 0 0 0 0 0 76743 100 0 0
SEP
CPU yadrolab-wp11 1745513066 2025/04/24 19:44:26 1 100 24 34 45 40 2273 0 0 0 0 0 75224 100 0 0
SEP
CPU yadrolab-wp11 1745513067 2025/04/24 19:44:27 1 100 24 69 309 3 2010 2 0 0 0 0 77262 100 0 0
SEP
CPU yadrolab-wp11 1745513068 2025/04/24 19:44:28 1 100 24 16 56 0 2318 0 0 0 0 0 76332 100 0 0
SEP
CPU yadrolab-wp11 1745513069 2025/04/24 19:44:29 1 100 24 19 46 1 2329 0 0 0 0 0 77127 100 0 0
SEP
CPU yadrolab-wp11 1745513070 2025/04/24 19:44:30 1 100 24 18 49 2 2328 0 0 1 0 0 73546 100 0 0
SEP
CPU yadrolab-wp11 1745513071 2025/04/24 19:44:31 1 100 24 35 55 6 2301 0 0 0 0 0 76519 100 0 0
SEP
CPU yadrolab-wp11 1745513072 2025/04/24 19:44:32 1 100 24 82 197 4 2102 3 0 0 0 0 107856 100 0 0
SEP
CPU yadrolab-wp11 1745513073 2025/04/24 19:44:33 1 100 24 23 171 0 2194 0 0 0 0 0 77479 100 0 0
SEP
CPU yadrolab-wp11 1745513074 2025/04/24 19:44:34 1 100 24 18 44 2 2329 0 0 0 0 0 75613 100 0 0
SEP
CPU yadrolab-wp11 1745513075 2025/04/24 19:44:35 1 100 24 18 49 2 2329 0 0 0 0 0 76482 100 0 0
SEP
CPU yadrolab-wp11 1745513076 2025/04/24 19:44:36 1 100 24 26 55 4 2306 0 0 0 0 0 76163 100 0 0
SEP
CPU yadrolab-wp11 1745513077 2025/04/24 19:44:37 1 100 24 38 82 9 2267 1 0 0 0 0 55782 100 0 0
SEP
CPU yadrolab-wp11 1745513078 2025/04/24 19:44:38 1 100 24 67 302 3 2018 1 0 0 0 0 77181 100 0 0
SEP
CPU yadrolab-wp11 1745513079 2025/04/24 19:44:39 1 100 24 18 51 2 2322 0 0 0 0 0 74489 100 0 0
SEP
CPU yadrolab-wp11 1745513080 2025/04/24 19:44:40 1 100 24 19 49 2 2327 0 0 0 0 0 74634 100 0 0
SEP
CPU yadrolab-wp11 1745513081 2025/04/24 19:44:41 1 100 24 23 59 1 2306 0 0 0 0 0 74044 100 0 0
SEP
CPU yadrolab-wp11 1745513082 2025/04/24 19:44:42 1 100 24 15 54 1 2324 0 0 0 0 0 74341 100 0 0
SEP
CPU yadrolab-wp11 1745513083 2025/04/24 19:44:43 1 100 24 60 313 2 2007 2 0 0 0 0 77086 100 0 0
SEP
CPU yadrolab-wp11 1745513084 2025/04/24 19:44:44 1 100 24 18 52 2 2327 0 0 0 0 0 76078 100 0 0
SEP
CPU yadrolab-wp11 1745513085 2025/04/24 19:44:45 1 100 24 16 50 1 2326 0 0 0 0 0 75090 100 0 0
SEP
CPU yadrolab-wp11 1745513086 2025/04/24 19:44:46 1 100 24 30 57 0 2303 0 0 0 0 0 75092 100 0 0
SEP
CPU yadrolab-wp11 1745513087 2025/04/24 19:44:47 1 100 24 14 51 1 2329 0 0 0 0 0 74789 100 0 0
SEP
CPU yadrolab-wp11 1745513088 2025/04/24 19:44:48 1 100 24 60 292 3 2028 2 0 0 0 0 78597 100 0 0
SEP
CPU yadrolab-wp11 1745513089 2025/04/24 19:44:49 1 100 24 22 48 5 2320 0 0 0 0 0 76558 100 0 0
SEP
CPU yadrolab-wp11 1745513090 2025/04/24 19:44:50 1 100 24 16 41 6 2328 0 0 0 0 0 76888 100 0 0
SEP
CPU yadrolab-wp11 1745513091 2025/04/24 19:44:51 1 100 24 34 54 1 2300 0 0 0 0 0 75134 100 0 0
SEP
CPU yadrolab-wp11 1745513092 2025/04/24 19:44:52 1 100 24 20 45 0 2330 0 0 0 0 0 73393 100 0 0
SEP
CPU yadrolab-wp11 1745513093 2025/04/24 19:44:53 1 100 24 46 290 4 2044 2 0 0 0 0 78520 100 0 0
SEP
CPU yadrolab-wp11 1745513094 2025/04/24 19:44:54 1 100 24 17 64 1 2316 0 0 0 0 0 76774 100 0 0
SEP
CPU yadrolab-wp11 1745513095 2025/04/24 19:44:55 1 100 24 17 54 0 2325 0 0 0 0 0 75447 100 0 0
SEP
CPU yadrolab-wp11 1745513096 2025/04/24 19:44:56 1 100 24 14 56 0 2327 0 0 0 0 0 75661 100 0 0
SEP
CPU yadrolab-wp11 1745513097 2025/04/24 19:44:57 1 100 24 29 56 1 2306 0 0 0 0 0 76580 100 0 0
SEP
CPU yadrolab-wp11 1745513098 2025/04/24 19:44:58 1 100 24 47 101 3 2235 1 0 0 0 0 75859 100 0 0
SEP
CPU yadrolab-wp11 1745513099 2025/04/24 19:44:59 1 100 24 24 266 1 2108 0 0 0 0 0 74016 100 0 0
SEP
CPU yadrolab-wp11 1745513100 2025/04/24 19:45:00 1 100 24 18 48 3 2324 0 0 0 0 0 72729 100 0 0
SEP
CPU yadrolab-wp11 1745513101 2025/04/24 19:45:01 1 100 24 18 49 3 2325 1 0 0 0 0 76174 100 0 0
SEP
CPU yadrolab-wp11 1745513102 2025/04/24 19:45:02 1 100 24 24 58 2 2302 0 0 0 0 0 74704 100 0 0
SEP
CPU yadrolab-wp11 1745513103 2025/04/24 19:45:03 1 100 24 34 62 53 2233 1 0 0 0 0 61871 100 0 0
SEP
CPU yadrolab-wp11 1745513104 2025/04/24 19:45:04 1 100 24 54 284 2 2049 0 0 0 0 0 78060 100 0 0
SEP
CPU yadrolab-wp11 1745513105 2025/04/24 19:45:05 1 100 24 20 45 1 2327 0 0 0 0 0 75302 100 0 0
SEP
CPU yadrolab-wp11 1745513106 2025/04/24 19:45:06 1 100 24 19 43 1 2332 0 0 0 0 0 74462 100 0 0
SEP
CPU yadrolab-wp11 1745513107 2025/04/24 19:45:07 1 100 24 28 53 1 2305 0 0 0 0 0 75401 100 0 0
SEP
CPU yadrolab-wp11 1745513108 2025/04/24 19:45:08 1 100 24 17 51 0 2326 0 0 0 0 0 75981 100 0 0
SEP
CPU yadrolab-wp11 1745513109 2025/04/24 19:45:09 1 100 24 53 301 5 2032 2 0 0 0 0 77676 100 0 0
SEP
CPU yadrolab-wp11 1745513110 2025/04/24 19:45:10 1 100 24 17 51 0 2327 0 0 0 0 0 76169 100 0 0
SEP
CPU yadrolab-wp11 1745513111 2025/04/24 19:45:11 1 100 24 19 43 1 2331 0 0 1 0 0 74080 100 0 0
SEP
CPU yadrolab-wp11 1745513112 2025/04/24 19:45:12 1 100 24 33 55 1 2298 0 0 0 0 0 75686 100 0 0
SEP
CPU yadrolab-wp11 1745513113 2025/04/24 19:45:13 1 100 24 20 51 2 2321 0 0 0 0 0 75442 100 0 0
SEP
CPU yadrolab-wp11 1745513114 2025/04/24 19:45:14 1 100 24 62 298 3 2025 2 0 0 0 0 77909 100 0 0
SEP
CPU yadrolab-wp11 1745513115 2025/04/24 19:45:15 1 100 24 22 53 1 2323 0 0 0 0 0 76995 100 0 0
SEP
CPU yadrolab-wp11 1745513116 2025/04/24 19:45:16 1 100 24 15 53 1 2324 0 0 0 0 0 72679 100 0 0
SEP
CPU yadrolab-wp11 1745513117 2025/04/24 19:45:17 1 100 24 27 63 1 2297 0 0 0 0 0 76100 100 0 0
SEP
CPU yadrolab-wp11 1745513118 2025/04/24 19:45:18 1 100 24 18 49 1 2326 0 0 0 0 0 75765 100 0 0
SEP
CPU yadrolab-wp11 1745513119 2025/04/24 19:45:19 1 100 24 42 279 1 2056 2 0 0 0 0 77176 100 0 0
SEP
CPU yadrolab-wp11 1745513120 2025/04/24 19:45:20 1 100 24 20 60 1 2317 0 0 0 0 0 79228 100 0 0
SEP
CPU yadrolab-wp11 1745513121 2025/04/24 19:45:21 1 100 24 23 51 1 2322 0 0 0 0 0 75760 100 0 0
SEP
CPU yadrolab-wp11 1745513122 2025/04/24 19:45:22 1 100 24 19 48 1 2330 0 0 0 0 0 76452 100 0 0
SEP
CPU yadrolab-wp11 1745513123 2025/04/24 19:45:23 1 100 24 27 57 1 2309 0 0 0 0 0 75883 100 0 0
SEP
CPU yadrolab-wp11 1745513124 2025/04/24 19:45:24 1 100 24 48 76 4 2243 1 0 0 0 0 78909 100 0 0
SEP
CPU yadrolab-wp11 1745513125 2025/04/24 19:45:25 1 100 24 26 256 0 2115 0 0 0 0 0 77783 100 0 0
SEP
CPU yadrolab-wp11 1745513126 2025/04/24 19:45:26 1 100 24 18 56 1 2324 0 0 0 0 0 74443 100 0 0
SEP
CPU yadrolab-wp11 1745513127 2025/04/24 19:45:27 1 100 24 19 50 1 2327 0 0 0 0 0 75994 100 0 0
SEP
CPU yadrolab-wp11 1745513128 2025/04/24 19:45:28 1 100 24 29 52 1 2305 0 0 0 0 0 78006 100 0 0
SEP
CPU yadrolab-wp11 1745513129 2025/04/24 19:45:29 1 100 24 37 56 1 2286 1 0 0 0 0 57972 100 0 0
SEP
CPU yadrolab-wp11 1745513130 2025/04/24 19:45:30 1 100 24 80 318 4 2003 1 0 0 0 0 76328 100 0 0
SEP
CPU yadrolab-wp11 1745513131 2025/04/24 19:45:31 1 100 24 22 50 5 2317 0 0 0 0 0 75066 100 0 0
SEP
CPU yadrolab-wp11 1745513132 2025/04/24 19:45:32 1 100 24 17 45 3 2326 0 0 0 0 0 74460 100 0 0
SEP
CPU yadrolab-wp11 1745513133 2025/04/24 19:45:33 1 100 24 26 55 0 2305 0 0 0 0 0 75987 100 0 0
SEP
CPU yadrolab-wp11 1745513134 2025/04/24 19:45:34 1 100 24 20 50 3 2327 0 0 0 0 0 75897 100 0 0
SEP
CPU yadrolab-wp11 1745513135 2025/04/24 19:45:35 1 100 24 75 282 3 2030 3 0 0 0 0 77502 100 0 0
SEP
CPU yadrolab-wp11 1745513136 2025/04/24 19:45:36 1 100 24 21 48 0 2328 0 0 0 0 0 76201 100 0 0
SEP
CPU yadrolab-wp11 1745513137 2025/04/24 19:45:37 1 100 24 20 51 16 2308 0 0 0 0 0 75790 100 0 0
SEP
CPU yadrolab-wp11 1745513138 2025/04/24 19:45:38 1 100 24 27 61 1 2303 0 0 0 0 0 76315 100 0 0
SEP
CPU yadrolab-wp11 1745513139 2025/04/24 19:45:39 1 100 24 16 48 2 2329 0 0 0 0 0 75713 100 0 0
SEP
CPU yadrolab-wp11 1745513140 2025/04/24 19:45:40 1 100 24 65 302 4 2012 2 0 0 0 0 80573 100 0 0
SEP
CPU yadrolab-wp11 1745513141 2025/04/24 19:45:41 1 100 24 26 40 78 2250 0 0 0 0 0 78153 100 0 0
SEP
CPU yadrolab-wp11 1745513142 2025/04/24 19:45:42 1 100 24 19 41 2 2325 0 0 0 0 0 73227 100 0 0
SEP
CPU yadrolab-wp11 1745513143 2025/04/24 19:45:43 1 100 24 31 61 3 2299 0 0 0 0 0 74468 100 0 0
SEP
CPU yadrolab-wp11 1745513144 2025/04/24 19:45:44 1 100 24 35 40 44 2284 0 0 0 0 0 74613 100 0 0
SEP
CPU yadrolab-wp11 1745513145 2025/04/24 19:45:45 1 100 24 76 322 4 1985 1 0 0 0 0 77037 100 0 0
SEP
CPU yadrolab-wp11 1745513146 2025/04/24 19:45:46 1 100 24 23 50 0 2325 0 0 0 0 0 76299 100 0 0
SEP
CPU yadrolab-wp11 1745513147 2025/04/24 19:45:47 1 100 24 16 52 2 2326 1 0 0 0 0 75225 100 0 0
SEP
CPU yadrolab-wp11 1745513148 2025/04/24 19:45:48 1 100 24 32 56 0 2305 0 0 0 0 0 75758 100 0 0
SEP
CPU yadrolab-wp11 1745513149 2025/04/24 19:45:49 1 100 24 18 48 2 2327 0 0 0 0 0 75151 100 0 0
SEP
CPU yadrolab-wp11 1745513150 2025/04/24 19:45:50 1 100 24 68 298 3 2029 1 0 0 0 0 77855 100 0 0
SEP
CPU yadrolab-wp11 1745513151 2025/04/24 19:45:51 1 100 24 27 48 1 2318 0 0 0 0 0 77029 100 0 0
SEP
CPU yadrolab-wp11 1745513152 2025/04/24 19:45:52 1 100 24 15 53 0 2329 0 0 0 0 0 74766 100 0 0
SEP
CPU yadrolab-wp11 1745513153 2025/04/24 19:45:53 1 100 24 27 58 1 2301 0 0 0 0 0 77779 100 0 0
SEP
CPU yadrolab-wp11 1745513154 2025/04/24 19:45:54 1 100 24 16 45 1 2332 0 0 0 0 0 75609 100 0 0
SEP
CPU yadrolab-wp11 1745513155 2025/04/24 19:45:55 1 100 24 54 164 2 2169 2 0 1 0 0 107885 100 0 0
SEP
CPU yadrolab-wp11 1745513156 2025/04/24 19:45:56 1 100 24 22 179 0 2194 0 0 0 0 0 76271 100 0 0
SEP
CPU yadrolab-wp11 1745513157 2025/04/24 19:45:57 1 100 24 16 49 0 2329 0 0 0 0 0 74604 100 0 0
SEP
CPU yadrolab-wp11 1745513158 2025/04/24 19:45:58 1 100 24 15 42 1 2332 0 0 0 0 0 76408 100 0 0
SEP
CPU yadrolab-wp11 1745513159 2025/04/24 19:45:59 1 100 24 29 57 1 2304 0 0 0 0 0 76316 100 0 0
SEP
CPU yadrolab-wp11 1745513160 2025/04/24 19:46:00 1 100 24 53 87 9 2234 2 0 0 0 0 75757 100 0 0
SEP
CPU yadrolab-wp11 1745513161 2025/04/24 19:46:01 1 100 24 28 254 0 2108 0 0 0 0 0 76773 100 0 0
SEP
CPU yadrolab-wp11 1745513162 2025/04/24 19:46:02 1 100 24 14 51 1 2330 0 0 0 0 0 74485 100 0 0
SEP
CPU yadrolab-wp11 1745513163 2025/04/24 19:46:03 1 100 24 21 50 0 2324 0 0 0 0 0 76385 100 0 0
SEP
CPU yadrolab-wp11 1745513164 2025/04/24 19:46:04 1 100 24 35 50 4 2308 0 0 0 0 0 76697 100 0 0
SEP
CPU yadrolab-wp11 1745513165 2025/04/24 19:46:05 1 100 24 21 61 2 2309 0 0 0 0 0 76035 100 0 0
SEP
CPU yadrolab-wp11 1745513166 2025/04/24 19:46:06 1 100 24 45 279 0 2062 2 0 0 0 0 77700 100 0 0
SEP
CPU yadrolab-wp11 1745513167 2025/04/24 19:46:07 1 100 24 20 44 6 2321 0 0 0 0 0 76918 100 0 0
SEP
CPU yadrolab-wp11 1745513168 2025/04/24 19:46:08 1 100 24 19 51 6 2321 0 0 0 0 0 76809 100 0 0
SEP
CPU yadrolab-wp11 1745513169 2025/04/24 19:46:09 1 100 24 27 54 1 2307 0 0 0 0 0 76059 100 0 0
SEP
CPU yadrolab-wp11 1745513170 2025/04/24 19:46:10 1 100 24 19 45 1 2330 0 0 0 0 0 75278 100 0 0
SEP
CPU yadrolab-wp11 1745513171 2025/04/24 19:46:11 1 100 24 66 304 3 2010 2 0 0 0 0 76584 100 0 0
SEP
CPU yadrolab-wp11 1745513172 2025/04/24 19:46:12 1 100 24 18 53 1 2326 0 0 0 0 0 74538 100 0 0
SEP
CPU yadrolab-wp11 1745513173 2025/04/24 19:46:13 1 100 24 19 46 3 2327 0 0 0 0 0 75118 100 0 0
SEP
CPU yadrolab-wp11 1745513174 2025/04/24 19:46:14 1 100 24 26 56 1 2307 0 0 0 0 0 76356 100 0 0
SEP
CPU yadrolab-wp11 1745513175 2025/04/24 19:46:15 1 100 24 18 48 1 2328 0 0 0 0 0 74479 100 0 0
SEP
CPU yadrolab-wp11 1745513176 2025/04/24 19:46:16 1 100 24 49 292 1 2051 2 0 0 0 0 78593 100 0 0
SEP
CPU yadrolab-wp11 1745513177 2025/04/24 19:46:17 1 100 24 21 44 0 2328 0 0 0 0 0 75759 100 0 0
SEP
CPU yadrolab-wp11 1745513178 2025/04/24 19:46:18 1 100 24 18 48 1 2331 0 0 0 0 0 74842 100 0 0
SEP
CPU yadrolab-wp11 1745513179 2025/04/24 19:46:19 1 100 24 28 52 1 2309 0 0 0 0 0 72689 100 0 0
SEP
CPU yadrolab-wp11 1745513180 2025/04/24 19:46:20 1 100 24 24 50 20 2303 0 0 0 0 0 75289 100 0 0
SEP
CPU yadrolab-wp11 1745513181 2025/04/24 19:46:21 1 100 24 76 300 6 1992 1 0 0 0 0 76205 100 0 0
SEP
CPU yadrolab-wp11 1745513182 2025/04/24 19:46:22 1 100 24 21 63 1 2313 0 0 0 0 0 75927 100 0 0
SEP
CPU yadrolab-wp11 1745513183 2025/04/24 19:46:23 1 100 24 18 51 2 2323 0 0 0 0 0 76512 100 0 0
SEP
CPU yadrolab-wp11 1745513184 2025/04/24 19:46:24 1 100 24 28 34 76 2252 0 0 0 0 0 77314 100 0 0
SEP
CPU yadrolab-wp11 1745513185 2025/04/24 19:46:25 1 100 24 28 68 0 2295 0 0 0 0 0 74170 100 0 0
SEP
CPU yadrolab-wp11 1745513186 2025/04/24 19:46:26 1 100 24 70 99 4 2202 2 0 0 0 0 74461 100 0 0
SEP
CPU yadrolab-wp11 1745513187 2025/04/24 19:46:27 1 100 24 35 259 39 2068 0 0 0 0 0 78560 100 0 0
SEP
CPU yadrolab-wp11 1745513188 2025/04/24 19:46:28 1 100 24 18 44 0 2330 0 0 0 0 0 74639 100 0 0
SEP
CPU yadrolab-wp11 1745513189 2025/04/24 19:46:29 1 100 24 16 49 1 2329 0 0 0 0 0 76204 100 0 0
SEP
CPU yadrolab-wp11 1745513190 2025/04/24 19:46:30 1 100 24 29 53 3 2300 0 0 0 0 0 79629 100 0 0
SEP
CPU yadrolab-wp11 1745513191 2025/04/24 19:46:31 1 100 24 59 96 11 2225 2 0 0 0 0 76086 100 0 0
SEP
CPU yadrolab-wp11 1745513192 2025/04/24 19:46:32 1 100 24 30 264 1 2101 0 0 0 0 0 73952 100 0 0
SEP
CPU yadrolab-wp11 1745513193 2025/04/24 19:46:33 1 100 24 17 53 2 2326 0 0 1 0 0 74436 100 0 0
SEP
CPU yadrolab-wp11 1745513194 2025/04/24 19:46:34 1 100 24 18 49 1 2324 0 0 0 0 0 73963 100 0 0
SEP
CPU yadrolab-wp11 1745513195 2025/04/24 19:46:35 1 100 24 25 56 1 2306 0 0 0 0 0 75922 100 0 0
SEP
CPU yadrolab-wp11 1745513196 2025/04/24 19:46:36 1 100 24 21 46 2 2322 0 0 1 0 0 76161 100 0 0
SEP
CPU yadrolab-wp11 1745513197 2025/04/24 19:46:37 1 100 24 59 303 2 2023 2 0 0 0 0 78336 100 0 0
SEP
CPU yadrolab-wp11 1745513198 2025/04/24 19:46:38 1 100 24 17 45 1 2331 0 0 0 0 0 78552 100 0 0
SEP
CPU yadrolab-wp11 1745513199 2025/04/24 19:46:39 1 100 24 18 47 1 2329 0 0 0 0 0 76498 100 0 0
SEP
CPU yadrolab-wp11 1745513200 2025/04/24 19:46:40 1 100 24 35 52 2 2302 0 0 0 0 0 74850 100 0 0
SEP
CPU yadrolab-wp11 1745513201 2025/04/24 19:46:41 1 100 24 21 50 3 2325 0 0 0 0 0 74577 100 0 0
SEP
CPU yadrolab-wp11 1745513202 2025/04/24 19:46:42 1 100 24 56 303 3 2027 1 0 0 0 0 76202 100 0 0
SEP
CPU yadrolab-wp11 1745513203 2025/04/24 19:46:43 1 100 24 21 46 1 2329 1 0 0 0 0 76959 100 0 0
SEP
CPU yadrolab-wp11 1745513204 2025/04/24 19:46:44 1 100 24 21 46 1 2327 0 0 0 0 0 78366 100 0 0
SEP
CPU yadrolab-wp11 1745513205 2025/04/24 19:46:45 1 100 24 33 53 0 2304 0 0 0 0 0 74080 100 0 0
SEP
CPU yadrolab-wp11 1745513206 2025/04/24 19:46:46 1 100 24 13 48 1 2331 0 0 0 0 0 74772 100 0 0
SEP
CPU yadrolab-wp11 1745513207 2025/04/24 19:46:47 1 100 24 73 323 4 1984 1 0 0 0 0 78822 100 0 0
SEP
CPU yadrolab-wp11 1745513208 2025/04/24 19:46:48 1 100 24 21 47 0 2326 0 0 0 0 0 76547 100 0 0
SEP
CPU yadrolab-wp11 1745513209 2025/04/24 19:46:49 1 100 24 20 53 1 2326 0 0 0 0 0 74935 100 0 0
SEP
CPU yadrolab-wp11 1745513210 2025/04/24 19:46:50 1 100 24 25 61 8 2297 1 0 0 0 0 76006 100 0 0
SEP
CPU yadrolab-wp11 1745513211 2025/04/24 19:46:51 1 100 24 14 45 5 2327 0 0 0 0 0 76373 100 0 0
SEP
CPU yadrolab-wp11 1745513212 2025/04/24 19:46:52 1 100 24 65 303 4 2017 2 0 0 0 0 80533 100 0 0
SEP
CPU yadrolab-wp11 1745513213 2025/04/24 19:46:53 1 100 24 21 61 1 2314 0 0 0 0 0 76088 100 0 0
SEP
CPU yadrolab-wp11 1745513214 2025/04/24 19:46:54 1 100 24 23 47 1 2328 0 0 0 0 0 74758 100 0 0
SEP
CPU yadrolab-wp11 1745513215 2025/04/24 19:46:55 1 100 24 20 52 1 2324 0 0 0 0 0 76567 100 0 0
SEP
CPU yadrolab-wp11 1745513216 2025/04/24 19:46:56 1 100 24 26 58 1 2307 0 0 0 0 0 75346 100 0 0
SEP
CPU yadrolab-wp11 1745513217 2025/04/24 19:46:57 1 100 24 64 112 3 2219 3 0 0 0 0 107888 100 0 0
SEP
CPU yadrolab-wp11 1745513218 2025/04/24 19:46:58 1 100 24 19 236 0 2136 0 0 0 0 0 77852 100 0 0
SEP
CPU yadrolab-wp11 1745513219 2025/04/24 19:46:59 1 100 24 17 49 2 2323 0 0 0 0 0 76288 100 0 0
SEP
CPU yadrolab-wp11 1745513220 2025/04/24 19:47:00 1 100 24 24 49 6 2320 0 0 0 0 0 73850 100 0 0
SEP
CPU yadrolab-wp11 1745513221 2025/04/24 19:47:01 1 100 24 30 60 4 2295 0 0 1 0 0 74381 100 0 0
SEP
CPU yadrolab-wp11 1745513222 2025/04/24 19:47:02 1 100 24 44 52 32 2268 1 0 0 0 0 75736 100 0 0
SEP
CPU yadrolab-wp11 1745513223 2025/04/24 19:47:03 1 100 24 43 288 2 2065 4 0 0 0 0 78242 100 0 0
SEP
CPU yadrolab-wp11 1745513224 2025/04/24 19:47:04 1 100 24 18 49 2 2322 0 0 0 0 0 75329 100 0 0
SEP
CPU yadrolab-wp11 1745513225 2025/04/24 19:47:05 1 100 24 22 46 4 2324 0 0 0 0 0 76203 100 0 0
SEP
CPU yadrolab-wp11 1745513226 2025/04/24 19:47:06 1 100 24 25 41 86 2234 0 0 0 0 0 74792 100 0 0
SEP
CPU yadrolab-wp11 1745513227 2025/04/24 19:47:07 1 100 24 33 59 2 2294 0 0 0 0 0 74535 100 0 0
SEP
CPU yadrolab-wp11 1745513228 2025/04/24 19:47:08 1 100 24 58 295 3 2028 1 0 0 0 0 78624 100 0 0
SEP
CPU yadrolab-wp11 1745513229 2025/04/24 19:47:09 1 100 24 36 35 51 2274 1 0 0 0 0 79244 100 0 0
SEP
CPU yadrolab-wp11 1745513230 2025/04/24 19:47:10 1 100 24 27 49 24 2298 0 0 0 0 0 76537 100 0 0
SEP
CPU yadrolab-wp11 1745513231 2025/04/24 19:47:11 1 100 24 24 57 1 2311 0 0 0 0 0 75837 100 0 0
SEP
CPU yadrolab-wp11 1745513232 2025/04/24 19:47:12 1 100 24 22 65 3 2294 0 0 0 0 0 74233 100 0 0
SEP
CPU yadrolab-wp11 1745513233 2025/04/24 19:47:13 1 100 24 52 285 2 2052 1 0 0 0 0 77541 100 0 0
SEP
CPU yadrolab-wp11 1745513234 2025/04/24 19:47:14 1 100 24 23 48 2 2323 0 0 0 0 0 76324 100 0 0
SEP
CPU yadrolab-wp11 1745513235 2025/04/24 19:47:15 1 100 24 16 50 0 2331 0 0 0 0 0 76756 100 0 0
SEP
CPU yadrolab-wp11 1745513236 2025/04/24 19:47:16 1 100 24 39 48 2 2298 0 0 0 0 0 75031 100 0 0
SEP
CPU yadrolab-wp11 1745513237 2025/04/24 19:47:17 1 100 24 16 48 2 2331 1 0 0 0 0 75940 100 0 0
SEP
CPU yadrolab-wp11 1745513238 2025/04/24 19:47:18 1 100 24 54 283 2 2056 1 0 0 0 0 78240 100 0 0
SEP
CPU yadrolab-wp11 1745513239 2025/04/24 19:47:19 1 100 24 27 63 0 2306 0 0 0 0 0 76500 100 0 0
SEP
CPU yadrolab-wp11 1745513240 2025/04/24 19:47:20 1 100 24 21 46 3 2325 0 0 0 0 0 72197 100 0 0
SEP
CPU yadrolab-wp11 1745513241 2025/04/24 19:47:21 1 100 24 30 56 1 2305 0 0 0 0 0 74539 100 0 0
SEP
CPU yadrolab-wp11 1745513242 2025/04/24 19:47:22 1 100 24 14 51 0 2328 0 0 0 0 0 75822 100 0 0
SEP
CPU yadrolab-wp11 1745513243 2025/04/24 19:47:23 1 100 24 54 283 3 2042 2 0 0 0 0 78077 100 0 0
SEP
CPU yadrolab-wp11 1745513244 2025/04/24 19:47:24 1 100 24 21 53 1 2324 0 0 0 0 0 76455 100 0 0
SEP
CPU yadrolab-wp11 1745513245 2025/04/24 19:47:25 1 100 24 23 59 1 2319 0 0 0 0 0 76312 100 0 0
SEP
CPU yadrolab-wp11 1745513246 2025/04/24 19:47:26 1 100 24 32 55 1 2303 0 0 0 0 0 74943 100 0 0
SEP
CPU yadrolab-wp11 1745513247 2025/04/24 19:47:27 1 100 24 20 45 3 2325 0 0 0 0 0 76603 100 0 0
SEP
CPU yadrolab-wp11 1745513248 2025/04/24 19:47:28 1 100 24 58 289 4 2035 2 0 0 0 0 80149 100 0 0
SEP
CPU yadrolab-wp11 1745513249 2025/04/24 19:47:29 1 100 24 23 57 1 2315 0 0 0 0 0 76255 100 0 0
SEP
CPU yadrolab-wp11 1745513250 2025/04/24 19:47:30 1 100 24 19 47 6 2322 0 0 0 0 0 71482 100 0 0
SEP
CPU yadrolab-wp11 1745513251 2025/04/24 19:47:31 1 100 24 25 41 7 2316 0 0 0 0 0 75884 100 0 0
SEP
CPU yadrolab-wp11 1745513252 2025/04/24 19:47:32 1 100 24 33 56 10 2290 0 0 0 0 0 76561 100 0 0
SEP
CPU yadrolab-wp11 1745513253 2025/04/24 19:47:33 1 100 24 47 161 10 2165 2 0 0 0 0 107858 100 0 0
SEP
CPU yadrolab-wp11 1745513254 2025/04/24 19:47:34 1 100 24 19 187 1 2194 0 0 0 0 0 77469 100 0 0
SEP
CPU yadrolab-wp11 1745513255 2025/04/24 19:47:35 1 100 24 20 48 0 2326 0 0 0 0 0 77778 100 0 0
SEP
CPU yadrolab-wp11 1745513256 2025/04/24 19:47:36 1 100 24 19 47 1 2328 0 0 0 0 0 74088 100 0 0
SEP
CPU yadrolab-wp11 1745513257 2025/04/24 19:47:37 1 100 24 26 56 2 2304 0 0 0 0 0 76408 100 0 0
SEP
CPU yadrolab-wp11 1745513258 2025/04/24 19:47:38 1 100 24 48 87 3 2236 1 0 0 0 0 74462 100 0 0
SEP
CPU yadrolab-wp11 1745513259 2025/04/24 19:47:39 1 100 24 28 258 0 2115 1 0 0 0 0 76031 100 0 0
SEP
CPU yadrolab-wp11 1745513260 2025/04/24 19:47:40 1 100 24 17 48 2 2330 0 0 0 0 0 77035 100 0 0
SEP
CPU yadrolab-wp11 1745513261 2025/04/24 19:47:41 1 100 24 19 45 0 2330 0 0 0 0 0 76227 100 0 0
SEP
CPU yadrolab-wp11 1745513262 2025/04/24 19:47:42 1 100 24 29 49 0 2311 0 0 0 0 0 76861 100 0 0
SEP
CPU yadrolab-wp11 1745513263 2025/04/24 19:47:43 1 100 24 24 64 2 2296 1 0 0 0 0 64810 100 0 0
SEP
CPU yadrolab-wp11 1745513264 2025/04/24 19:47:44 1 100 24 48 292 2 2053 0 0 0 0 0 77422 100 0 0
SEP
CPU yadrolab-wp11 1745513265 2025/04/24 19:47:45 1 100 24 18 50 0 2328 0 0 0 0 0 75084 100 0 0
SEP
CPU yadrolab-wp11 1745513266 2025/04/24 19:47:46 1 100 24 19 48 0 2326 0 0 0 0 0 75837 100 0 0
SEP
CPU yadrolab-wp11 1745513267 2025/04/24 19:47:47 1 100 24 41 44 1 2305 0 0 0 0 0 75931 100 0 0
SEP
CPU yadrolab-wp11 1745513268 2025/04/24 19:47:48 1 100 24 17 48 1 2330 0 0 0 0 0 76088 100 0 0
SEP
CPU yadrolab-wp11 1745513269 2025/04/24 19:47:49 1 100 24 61 302 2 2044 2 0 0 0 0 77142 100 0 0
SEP
CPU yadrolab-wp11 1745513270 2025/04/24 19:47:50 1 100 24 19 48 1 2324 0 0 0 0 0 76182 100 0 0
SEP
CPU yadrolab-wp11 1745513271 2025/04/24 19:47:51 1 100 24 19 43 1 2331 0 0 0 0 0 76402 100 0 0
SEP
CPU yadrolab-wp11 1745513272 2025/04/24 19:47:52 1 100 24 31 55 1 2302 0 0 0 0 0 78602 100 0 0
SEP
CPU yadrolab-wp11 1745513273 2025/04/24 19:47:53 1 100 24 16 43 1 2333 0 0 0 0 0 72025 100 0 0
SEP
CPU yadrolab-wp11 1745513274 2025/04/24 19:47:54 1 100 24 56 299 2 2019 2 0 0 0 0 79389 100 0 0
SEP
CPU yadrolab-wp11 1745513275 2025/04/24 19:47:55 1 100 24 22 54 0 2321 0 0 0 0 0 76995 100 0 0
SEP
CPU yadrolab-wp11 1745513276 2025/04/24 19:47:56 1 100 24 14 47 4 2331 0 0 0 0 0 76024 100 0 0
SEP
CPU yadrolab-wp11 1745513277 2025/04/24 19:47:57 1 100 24 40 54 15 2281 0 0 0 0 0 75477 100 0 0
SEP
CPU yadrolab-wp11 1745513278 2025/04/24 19:47:58 1 100 24 23 48 2 2324 0 0 0 0 0 74729 100 0 0
SEP
CPU yadrolab-wp11 1745513279 2025/04/24 19:47:59 1 100 24 51 306 6 2029 2 0 1 0 0 77644 100 0 0
SEP
CPU yadrolab-wp11 1745513280 2025/04/24 19:48:00 1 100 24 20 56 5 2315 0 0 0 0 0 76173 100 0 0
SEP
CPU yadrolab-wp11 1745513281 2025/04/24 19:48:01 1 100 24 31 36 87 2245 0 0 0 0 0 75363 100 0 0
SEP
CPU yadrolab-wp11 1745513282 2025/04/24 19:48:02 1 100 24 23 50 2 2322 0 0 0 0 0 76793 100 0 0
SEP
CPU yadrolab-wp11 1745513283 2025/04/24 19:48:03 1 100 24 29 56 5 2298 0 0 0 0 0 75964 100 0 0
SEP
CPU yadrolab-wp11 1745513284 2025/04/24 19:48:04 1 100 24 50 253 41 2036 2 0 0 0 0 80454 100 0 0
SEP
CPU yadrolab-wp11 1745513285 2025/04/24 19:48:05 1 100 24 23 52 0 2320 0 0 0 0 0 74950 100 0 0
SEP
CPU yadrolab-wp11 1745513286 2025/04/24 19:48:06 1 100 24 18 46 2 2328 0 0 0 0 0 76734 100 0 0
SEP
CPU yadrolab-wp11 1745513287 2025/04/24 19:48:07 1 100 24 19 48 2 2327 0 0 0 0 0 78549 100 0 0
SEP
CPU yadrolab-wp11 1745513288 2025/04/24 19:48:08 1 100 24 23 60 4 2306 0 0 0 0 0 74942 100 0 0
SEP
CPU yadrolab-wp11 1745513289 2025/04/24 19:48:09 1 100 24 57 294 5 2011 2 0 0 0 0 76708 100 0 0
SEP
CPU yadrolab-wp11 1745513290 2025/04/24 19:48:10 1 100 24 23 58 0 2316 0 0 0 0 0 76265 100 0 0
SEP
CPU yadrolab-wp11 1745513291 2025/04/24 19:48:11 1 100 24 27 45 2 2320 0 0 0 0 0 75722 100 0 0
SEP
CPU yadrolab-wp11 1745513292 2025/04/24 19:48:12 1 100 24 13 47 0 2334 0 0 0 0 0 74358 100 0 0
SEP
CPU yadrolab-wp11 1745513293 2025/04/24 19:48:13 1 100 24 37 55 1 2297 0 0 0 0 0 74302 100 0 0
SEP
CPU yadrolab-wp11 1745513294 2025/04/24 19:48:14 1 100 24 44 77 1 2256 4 0 0 0 0 75735 100 0 0
SEP
CPU yadrolab-wp11 1745513295 2025/04/24 19:48:15 1 100 24 22 259 0 2112 0 0 0 0 0 77261 100 0 0
SEP
CPU yadrolab-wp11 1745513296 2025/04/24 19:48:16 1 100 24 21 46 1 2330 0 0 0 0 0 76204 100 0 0
SEP
CPU yadrolab-wp11 1745513297 2025/04/24 19:48:17 1 100 24 18 51 1 2326 0 0 0 0 0 77036 100 0 0
SEP
CPU yadrolab-wp11 1745513298 2025/04/24 19:48:18 1 100 24 25 52 1 2313 0 0 0 0 0 73657 100 0 0
SEP
CPU yadrolab-wp11 1745513299 2025/04/24 19:48:19 1 100 24 23 60 3 2305 0 0 0 0 0 74924 100 0 0
SEP
CPU yadrolab-wp11 1745513300 2025/04/24 19:48:20 1 100 24 43 288 2 2052 1 0 0 0 0 77425 100 0 0
SEP
CPU yadrolab-wp11 1745513301 2025/04/24 19:48:21 1 100 24 18 52 2 2320 0 0 0 0 0 76754 100 0 0
SEP
CPU yadrolab-wp11 1745513302 2025/04/24 19:48:22 1 100 24 19 49 0 2324 0 0 0 0 0 76783 100 0 0
SEP
CPU yadrolab-wp11 1745513303 2025/04/24 19:48:23 1 100 24 29 55 1 2305 0 0 0 0 0 74047 100 0 0
SEP
CPU yadrolab-wp11 1745513304 2025/04/24 19:48:24 1 100 24 19 44 1 2332 0 0 0 0 0 75602 100 0 0
SEP
CPU yadrolab-wp11 1745513305 2025/04/24 19:48:25 1 100 24 60 298 1 2023 2 0 0 0 0 77952 100 0 0
SEP
CPU yadrolab-wp11 1745513306 2025/04/24 19:48:26 1 100 24 18 44 1 2329 0 0 0 0 0 76079 100 0 0
SEP
CPU yadrolab-wp11 1745513307 2025/04/24 19:48:27 1 100 24 20 46 5 2326 0 0 0 0 0 75802 100 0 0
SEP
CPU yadrolab-wp11 1745513308 2025/04/24 19:48:28 1 100 24 21 52 5 2306 0 0 0 0 0 76399 100 0 0
SEP
CPU yadrolab-wp11 1745513309 2025/04/24 19:48:29 1 100 24 18 50 2 2326 0 0 0 0 0 76124 100 0 0
SEP
CPU yadrolab-wp11 1745513310 2025/04/24 19:48:30 1 100 24 57 291 3 2040 2 0 0 0 0 78671 100 0 0
SEP
CPU yadrolab-wp11 1745513311 2025/04/24 19:48:31 1 100 24 26 47 6 2319 0 0 0 0 0 74081 100 0 0
SEP
CPU yadrolab-wp11 1745513312 2025/04/24 19:48:32 1 100 24 19 52 1 2327 0 0 0 0 0 75954 100 0 0
SEP
CPU yadrolab-wp11 1745513313 2025/04/24 19:48:33 1 100 24 28 59 2 2302 0 0 0 0 0 76880 100 0 0
SEP
CPU yadrolab-wp11 1745513314 2025/04/24 19:48:34 1 100 24 20 51 1 2329 0 0 0 0 0 70212 100 0 0
SEP
CPU yadrolab-wp11 1745513315 2025/04/24 19:48:35 1 100 24 57 296 1 2041 2 0 0 0 0 78221 100 0 0
SEP
CPU yadrolab-wp11 1745513316 2025/04/24 19:48:36 1 100 24 19 53 1 2319 0 0 0 0 0 75509 100 0 0
SEP
CPU yadrolab-wp11 1745513317 2025/04/24 19:48:37 1 100 24 19 48 3 2320 0 0 0 0 0 75441 100 0 0
SEP
CPU yadrolab-wp11 1745513318 2025/04/24 19:48:38 1 100 24 27 53 0 2305 0 0 0 0 0 77913 100 0 0
SEP
CPU yadrolab-wp11 1745513319 2025/04/24 19:48:39 1 100 24 18 45 1 2331 0 0 0 0 0 76809 100 0 0
SEP
CPU yadrolab-wp11 1745513320 2025/04/24 19:48:40 1 100 24 67 293 5 2022 2 0 0 0 0 80570 100 0 0
SEP
CPU yadrolab-wp11 1745513321 2025/04/24 19:48:41 1 100 24 17 65 1 2318 0 0 0 0 0 76786 100 0 0
SEP
CPU yadrolab-wp11 1745513322 2025/04/24 19:48:42 1 100 24 21 57 6 2315 0 0 0 0 0 76304 100 0 0
SEP
CPU yadrolab-wp11 1745513323 2025/04/24 19:48:43 1 100 24 18 51 1 2325 0 0 0 0 0 72391 100 0 0
SEP
CPU yadrolab-wp11 1745513324 2025/04/24 19:48:44 1 100 24 28 54 3 2301 0 0 0 0 0 75943 100 0 0
SEP
CPU yadrolab-wp11 1745513325 2025/04/24 19:48:45 1 100 24 57 243 4 2083 1 0 0 0 0 107913 100 0 0
SEP
CPU yadrolab-wp11 1745513326 2025/04/24 19:48:46 1 100 24 22 107 2 2265 0 0 0 0 0 76553 100 0 0
SEP
CPU yadrolab-wp11 1745513327 2025/04/24 19:48:47 1 100 24 18 53 1 2326 0 0 0 0 0 74395 100 0 0
SEP
CPU yadrolab-wp11 1745513328 2025/04/24 19:48:48 1 100 24 22 47 2 2324 0 0 0 0 0 74400 100 0 0
SEP
CPU yadrolab-wp11 1745513329 2025/04/24 19:48:49 1 100 24 33 50 1 2304 0 0 0 0 0 72025 100 0 0
SEP
CPU yadrolab-wp11 1745513330 2025/04/24 19:48:50 1 100 24 75 125 4 2184 2 0 0 0 0 75530 100 0 0
SEP
CPU yadrolab-wp11 1745513331 2025/04/24 19:48:51 1 100 24 22 257 2 2112 0 0 0 0 0 77205 100 0 0
SEP
CPU yadrolab-wp11 1745513332 2025/04/24 19:48:52 1 100 24 21 45 1 2326 0 0 0 0 0 75868 100 0 0
SEP
CPU yadrolab-wp11 1745513333 2025/04/24 19:48:53 1 100 24 17 47 1 2330 0 0 0 0 0 76264 100 0 0
SEP
CPU yadrolab-wp11 1745513334 2025/04/24 19:48:54 1 100 24 28 58 0 2307 0 0 0 0 0 75904 100 0 0
SEP
CPU yadrolab-wp11 1745513335 2025/04/24 19:48:55 1 100 24 29 75 3 2298 0 0 0 0 0 75697 100 0 0
SEP
CPU yadrolab-wp11 1745513336 2025/04/24 19:48:56 1 100 24 45 285 0 2059 2 0 0 0 0 77772 100 0 0
SEP
CPU yadrolab-wp11 1745513337 2025/04/24 19:48:57 1 100 24 18 45 1 2330 0 0 0 0 0 71976 100 0 0
SEP
CPU yadrolab-wp11 1745513338 2025/04/24 19:48:58 1 100 24 22 47 3 2326 0 0 0 0 0 76616 100 0 0
SEP
CPU yadrolab-wp11 1745513339 2025/04/24 19:48:59 1 100 24 30 57 1 2308 0 0 0 0 0 74915 100 0 0
SEP
CPU yadrolab-wp11 1745513340 2025/04/24 19:49:00 1 100 24 20 44 7 2324 0 0 1 0 0 76627 100 0 0
SEP
CPU yadrolab-wp11 1745513341 2025/04/24 19:49:01 1 100 24 59 296 10 2019 2 0 0 0 0 77507 100 0 0
SEP
CPU yadrolab-wp11 1745513342 2025/04/24 19:49:02 1 100 24 17 47 1 2329 0 0 0 0 0 76028 100 0 0
SEP
CPU yadrolab-wp11 1745513343 2025/04/24 19:49:03 1 100 24 14 51 0 2327 0 0 0 0 0 74521 100 0 0
SEP
CPU yadrolab-wp11 1745513344 2025/04/24 19:49:04 1 100 24 36 46 3 2305 0 0 0 0 0 74183 100 0 0
SEP
CPU yadrolab-wp11 1745513345 2025/04/24 19:49:05 1 100 24 16 50 2 2329 0 0 0 0 0 76585 100 0 0
SEP
CPU yadrolab-wp11 1745513346 2025/04/24 19:49:06 1 100 24 62 300 2 2021 2 0 0 0 0 79081 100 0 0
SEP
CPU yadrolab-wp11 1745513347 2025/04/24 19:49:07 1 100 24 16 53 1 2325 0 0 0 0 0 78198 100 0 0
SEP
CPU yadrolab-wp11 1745513348 2025/04/24 19:49:08 1 100 24 20 47 1 2327 0 0 0 0 0 77874 100 0 0
SEP
CPU yadrolab-wp11 1745513349 2025/04/24 19:49:09 1 100 24 28 54 1 2305 0 0 0 0 0 77212 100 0 0
SEP
CPU yadrolab-wp11 1745513350 2025/04/24 19:49:10 1 100 24 18 46 3 2331 0 0 0 0 0 75303 100 0 0
SEP
CPU yadrolab-wp11 1745513351 2025/04/24 19:49:11 1 100 24 63 298 3 2028 1 0 0 0 0 77950 100 0 0
SEP
CPU yadrolab-wp11 1745513352 2025/04/24 19:49:12 1 100 24 23 51 1 2320 0 0 0 0 0 74400 100 0 0
SEP
CPU yadrolab-wp11 1745513353 2025/04/24 19:49:13 1 100 24 17 48 1 2326 0 0 0 0 0 74942 100 0 0
SEP
CPU yadrolab-wp11 1745513354 2025/04/24 19:49:14 1 100 24 29 58 1 2306 0 0 0 0 0 75201 100 0 0
SEP
CPU yadrolab-wp11 1745513355 2025/04/24 19:49:15 1 100 24 16 49 0 2329 0 0 0 0 0 74693 100 0 0
SEP
CPU yadrolab-wp11 1745513356 2025/04/24 19:49:16 1 100 24 32 50 0 2301 1 0 0 0 0 75310 100 0 0
SEP
CPU yadrolab-wp11 1745513357 2025/04/24 19:49:17 1 100 24 16 5 1 2375 0 0 0 0 0 77082 100 0 0
SEP
CPU yadrolab-wp11 1745513358 2025/04/24 19:49:18 1 100 24 17 6 5 2369 0 0 0 0 0 76513 100 0 0
SEP
CPU yadrolab-wp11 1745513359 2025/04/24 19:49:19 1 100 24 13 5 2 2377 0 0 0 0 0 77477 100 0 0
SEP
CPU yadrolab-wp11 1745513360 2025/04/24 19:49:20 1 100 24 13 6 1 2375 0 0 0 0 0 76765 100 0 0
SEP
CPU yadrolab-wp11 1745513361 2025/04/24 19:49:21 1 100 24 15 6 1 2374 0 0 0 0 0 76280 100 0 0
SEP
CPU yadrolab-wp11 1745513362 2025/04/24 19:49:22 1 100 24 12 7 46 2331 0 0 0 0 0 77643 100 0 0
SEP
CPU yadrolab-wp11 1745513363 2025/04/24 19:49:23 1 100 24 14 7 2 2375 0 0 0 0 0 77038 100 0 0
SEP
CPU yadrolab-wp11 1745513364 2025/04/24 19:49:24 1 100 24 15 4 1 2375 0 0 1 0 0 76764 100 0 0
SEP
CPU yadrolab-wp11 1745513365 2025/04/24 19:49:25 1 100 24 15 10 1 2371 0 0 0 0 0 76994 100 0 0
SEP
