               total        used        free      shared  buff/cache   available
Mem:           14514        4158         972         153        9383        9864
Swap:           2147           3        2144
Total:         16662        4162        3116

               total        used        free      shared  buff/cache   available
Mem:           14514        4162         969         153        9383        9861
Swap:           2147           3        2144
Total:         16662        4165        3113

               total        used        free      shared  buff/cache   available
Mem:           14514        4163         967         153        9383        9859
Swap:           2147           3        2144
Total:         16662        4166        3111

               total        used        free      shared  buff/cache   available
Mem:           14514        4162         968         153        9383        9860
Swap:           2147           3        2144
Total:         16662        4166        3112

               total        used        free      shared  buff/cache   available
Mem:           14514        4162         968         153        9383        9861
Swap:           2147           3        2144
Total:         16662        4165        3112

               total        used        free      shared  buff/cache   available
Mem:           14514        4162         970         150        9381        9863
Swap:           2147           3        2144
Total:         16662        4165        3114

               total        used        free      shared  buff/cache   available
Mem:           14514        4200         932         150        9381        9825
Swap:           2147           3        2144
Total:         16662        4203        3076

               total        used        free      shared  buff/cache   available
Mem:           14514        4198         934         150        9381        9827
Swap:           2147           3        2144
Total:         16662        4201        3078

               total        used        free      shared  buff/cache   available
Mem:           14514        4198         934         150        9381        9827
Swap:           2147           3        2144
Total:         16662        4201        3078

               total        used        free      shared  buff/cache   available
Mem:           14514        4198         934         150        9381        9827
Swap:           2147           3        2144
Total:         16662        4201        3078

               total        used        free      shared  buff/cache   available
Mem:           14514        4198         934         150        9381        9827
Swap:           2147           3        2144
Total:         16662        4201        3078

               total        used        free      shared  buff/cache   available
Mem:           14514        4359         772         150        9382        9666
Swap:           2147           3        2144
Total:         16662        4362        2916

               total        used        free      shared  buff/cache   available
Mem:           14514        4370         758         150        9385        9655
Swap:           2147           3        2144
Total:         16662        4374        2902

               total        used        free      shared  buff/cache   available
Mem:           14514        4369         759         150        9385        9656
Swap:           2147           3        2144
Total:         16662        4373        2903

               total        used        free      shared  buff/cache   available
Mem:           14514        4340         788         150        9385        9685
Swap:           2147           3        2144
Total:         16662        4343        2932

               total        used        free      shared  buff/cache   available
Mem:           14514        4299         829         150        9385        9726
Swap:           2147           3        2144
Total:         16662        4302        2973

               total        used        free      shared  buff/cache   available
Mem:           14514        4277         851         150        9385        9748
Swap:           2147           3        2144
Total:         16662        4280        2995

               total        used        free      shared  buff/cache   available
Mem:           14514        4380         748         153        9385        9643
Swap:           2147           3        2144
Total:         16662        4383        2892

               total        used        free      shared  buff/cache   available
Mem:           14514        4339         787         153        9388        9684
Swap:           2147           3        2144
Total:         16662        4342        2931

               total        used        free      shared  buff/cache   available
Mem:           14514        4339         786         153        9388        9683
Swap:           2147           3        2144
Total:         16662        4343        2930

               total        used        free      shared  buff/cache   available
Mem:           14514        4328         798         153        9388        9695
Swap:           2147           3        2144
Total:         16662        4331        2942

               total        used        free      shared  buff/cache   available
Mem:           14514        4265         861         153        9388        9758
Swap:           2147           3        2144
Total:         16662        4268        3005

               total        used        free      shared  buff/cache   available
Mem:           14514        4253         875         150        9386        9772
Swap:           2147           3        2144
Total:         16662        4256        3019

               total        used        free      shared  buff/cache   available
Mem:           14514        4303         828         150        9382        9722
Swap:           2147           3        2144
Total:         16662        4306        2972

               total        used        free      shared  buff/cache   available
Mem:           14514        4313         811         154        9389        9708
Swap:           2147           3        2144
Total:         16662        4316        2955

               total        used        free      shared  buff/cache   available
Mem:           14514        4330         795         154        9389        9692
Swap:           2147           3        2144
Total:         16662        4333        2939

               total        used        free      shared  buff/cache   available
Mem:           14514        4307         817         154        9389        9714
Swap:           2147           3        2144
Total:         16662        4311        2961

               total        used        free      shared  buff/cache   available
Mem:           14514        4242         885         151        9386        9783
Swap:           2147           3        2144
Total:         16662        4245        3029

               total        used        free      shared  buff/cache   available
Mem:           14514        4225         902         151        9386        9800
Swap:           2147           3        2144
Total:         16662        4228        3046

               total        used        free      shared  buff/cache   available
Mem:           14514        4235         897         150        9382        9790
Swap:           2147           3        2144
Total:         16662        4238        3041

               total        used        free      shared  buff/cache   available
Mem:           14514        4363         767         151        9384        9662
Swap:           2147           3        2144
Total:         16662        4366        2911

               total        used        free      shared  buff/cache   available
Mem:           14514        4314         813         151        9386        9711
Swap:           2147           3        2144
Total:         16662        4317        2957

               total        used        free      shared  buff/cache   available
Mem:           14514        4317         810         151        9386        9708
Swap:           2147           3        2144
Total:         16662        4320        2954

               total        used        free      shared  buff/cache   available
Mem:           14514        4296         831         151        9386        9729
Swap:           2147           3        2144
Total:         16662        4299        2976

               total        used        free      shared  buff/cache   available
Mem:           14514        4249         878         151        9386        9775
Swap:           2147           3        2144
Total:         16662        4253        3022

               total        used        free      shared  buff/cache   available
Mem:           14514        4208         920         150        9385        9816
Swap:           2147           3        2144
Total:         16662        4212        3064

               total        used        free      shared  buff/cache   available
Mem:           14514        4353         777         151        9383        9672
Swap:           2147           3        2144
Total:         16662        4356        2921

               total        used        free      shared  buff/cache   available
Mem:           14514        4351         776         151        9386        9674
Swap:           2147           3        2144
Total:         16662        4354        2920

               total        used        free      shared  buff/cache   available
Mem:           14514        4335         792         151        9386        9690
Swap:           2147           3        2144
Total:         16662        4338        2937

               total        used        free      shared  buff/cache   available
Mem:           14514        4321         806         151        9386        9704
Swap:           2147           3        2144
Total:         16662        4325        2950

               total        used        free      shared  buff/cache   available
Mem:           14514        4259         868         151        9386        9765
Swap:           2147           3        2144
Total:         16662        4263        3012

               total        used        free      shared  buff/cache   available
Mem:           14514        4234         893         151        9386        9791
Swap:           2147           3        2144
Total:         16662        4237        3037

               total        used        free      shared  buff/cache   available
Mem:           14514        4328         801         151        9384        9696
Swap:           2147           3        2144
Total:         16662        4332        2945

               total        used        free      shared  buff/cache   available
Mem:           14514        4373         753         151        9387        9652
Swap:           2147           3        2144
Total:         16662        4377        2898

               total        used        free      shared  buff/cache   available
Mem:           14514        4350         777         151        9387        9675
Swap:           2147           3        2144
Total:         16662        4353        2921

               total        used        free      shared  buff/cache   available
Mem:           14514        4333         794         151        9387        9692
Swap:           2147           3        2144
Total:         16662        4336        2938

               total        used        free      shared  buff/cache   available
Mem:           14514        4283         843         151        9387        9741
Swap:           2147           3        2144
Total:         16662        4287        2987

               total        used        free      shared  buff/cache   available
Mem:           14514        4261         866         151        9387        9764
Swap:           2147           3        2144
Total:         16662        4264        3010

               total        used        free      shared  buff/cache   available
Mem:           14514        4277         853         151        9383        9748
Swap:           2147           3        2144
Total:         16662        4280        2997

               total        used        free      shared  buff/cache   available
Mem:           14514        4314         813         151        9387        9711
Swap:           2147           3        2144
Total:         16662        4317        2957

               total        used        free      shared  buff/cache   available
Mem:           14514        4305         822         151        9387        9720
Swap:           2147           3        2144
Total:         16662        4308        2966

               total        used        free      shared  buff/cache   available
Mem:           14514        4327         799         151        9387        9697
Swap:           2147           3        2144
Total:         16662        4331        2943

               total        used        free      shared  buff/cache   available
Mem:           14514        4281         845         151        9387        9743
Swap:           2147           3        2144
Total:         16662        4285        2989

               total        used        free      shared  buff/cache   available
Mem:           14514        4265         862         151        9387        9760
Swap:           2147           3        2144
Total:         16662        4268        3006

               total        used        free      shared  buff/cache   available
Mem:           14514        4296         831         154        9386        9725
Swap:           2147           3        2144
Total:         16662        4299        2975

               total        used        free      shared  buff/cache   available
Mem:           14514        4367         758         154        9388        9654
Swap:           2147           3        2144
Total:         16662        4371        2902

               total        used        free      shared  buff/cache   available
Mem:           14514        4365         758         154        9390        9657
Swap:           2147           3        2144
Total:         16662        4368        2902

               total        used        free      shared  buff/cache   available
Mem:           14514        4358         769         151        9387        9667
Swap:           2147           3        2144
Total:         16662        4361        2913

               total        used        free      shared  buff/cache   available
Mem:           14514        4304         822         151        9387        9721
Swap:           2147           3        2144
Total:         16662        4307        2966

               total        used        free      shared  buff/cache   available
Mem:           14514        4273         853         151        9387        9752
Swap:           2147           3        2144
Total:         16662        4276        2997

               total        used        free      shared  buff/cache   available
Mem:           14514        4277         853         151        9383        9748
Swap:           2147           3        2144
Total:         16662        4281        2997

               total        used        free      shared  buff/cache   available
Mem:           14514        4351         777         151        9384        9673
Swap:           2147           3        2144
Total:         16662        4355        2921

               total        used        free      shared  buff/cache   available
Mem:           14514        4352         775         151        9387        9673
Swap:           2147           3        2144
Total:         16662        4355        2919

               total        used        free      shared  buff/cache   available
Mem:           14514        4346         780         151        9387        9678
Swap:           2147           3        2144
Total:         16662        4350        2924

               total        used        free      shared  buff/cache   available
Mem:           14514        4337         789         151        9387        9687
Swap:           2147           3        2144
Total:         16662        4341        2933

               total        used        free      shared  buff/cache   available
Mem:           14514        4282         844         151        9387        9743
Swap:           2147           3        2144
Total:         16662        4285        2988

               total        used        free      shared  buff/cache   available
Mem:           14514        4275         851         151        9387        9750
Swap:           2147           3        2144
Total:         16662        4278        2996

               total        used        free      shared  buff/cache   available
Mem:           14514        4392         736         151        9384        9632
Swap:           2147           3        2144
Total:         16662        4396        2881

               total        used        free      shared  buff/cache   available
Mem:           14514        4349         777         151        9387        9675
Swap:           2147           3        2144
Total:         16662        4353        2921

               total        used        free      shared  buff/cache   available
Mem:           14514        4366         760         151        9387        9659
Swap:           2147           3        2144
Total:         16662        4369        2904

               total        used        free      shared  buff/cache   available
Mem:           14514        4361         765         151        9387        9664
Swap:           2147           3        2144
Total:         16662        4364        2909

               total        used        free      shared  buff/cache   available
Mem:           14514        4322         804         151        9387        9702
Swap:           2147           3        2144
Total:         16662        4326        2948

               total        used        free      shared  buff/cache   available
Mem:           14514        4300         826         151        9387        9725
Swap:           2147           3        2144
Total:         16662        4303        2970

               total        used        free      shared  buff/cache   available
Mem:           14514        4371         758         151        9384        9654
Swap:           2147           3        2144
Total:         16662        4374        2902

               total        used        free      shared  buff/cache   available
Mem:           14514        4331         794         151        9387        9693
Swap:           2147           3        2144
Total:         16662        4335        2938

               total        used        free      shared  buff/cache   available
Mem:           14514        4327         799         151        9387        9698
Swap:           2147           3        2144
Total:         16662        4330        2943

               total        used        free      shared  buff/cache   available
Mem:           14514        4327         799         151        9387        9698
Swap:           2147           3        2144
Total:         16662        4330        2943

               total        used        free      shared  buff/cache   available
Mem:           14514        4294         832         151        9387        9731
Swap:           2147           3        2144
Total:         16662        4297        2976

               total        used        free      shared  buff/cache   available
Mem:           14514        4275         850         151        9387        9749
Swap:           2147           3        2144
Total:         16662        4279        2994

               total        used        free      shared  buff/cache   available
Mem:           14514        4339         790         151        9384        9685
Swap:           2147           3        2144
Total:         16662        4343        2934

               total        used        free      shared  buff/cache   available
Mem:           14514        4313         813         151        9388        9712
Swap:           2147           3        2144
Total:         16662        4316        2957

               total        used        free      shared  buff/cache   available
Mem:           14514        4322         804         151        9388        9703
Swap:           2147           3        2144
Total:         16662        4325        2948

               total        used        free      shared  buff/cache   available
Mem:           14514        4326         799         151        9388        9698
Swap:           2147           3        2144
Total:         16662        4330        2943

               total        used        free      shared  buff/cache   available
Mem:           14514        4264         862         151        9388        9761
Swap:           2147           3        2144
Total:         16662        4267        3006

               total        used        free      shared  buff/cache   available
Mem:           14514        4264         859         154        9391        9758
Swap:           2147           3        2144
Total:         16662        4267        3003

               total        used        free      shared  buff/cache   available
Mem:           14514        4297         829         154        9387        9725
Swap:           2147           3        2144
Total:         16662        4300        2973

               total        used        free      shared  buff/cache   available
Mem:           14514        4360         763         154        9390        9662
Swap:           2147           3        2144
Total:         16662        4363        2907

               total        used        free      shared  buff/cache   available
Mem:           14514        4359         766         151        9388        9666
Swap:           2147           3        2144
Total:         16662        4362        2910

               total        used        free      shared  buff/cache   available
Mem:           14514        4356         769         151        9388        9668
Swap:           2147           3        2144
Total:         16662        4360        2913

               total        used        free      shared  buff/cache   available
Mem:           14514        4319         806         151        9388        9706
Swap:           2147           3        2144
Total:         16662        4322        2950

               total        used        free      shared  buff/cache   available
Mem:           14514        4286         839         151        9388        9738
Swap:           2147           3        2144
Total:         16662        4290        2983

               total        used        free      shared  buff/cache   available
Mem:           14514        4259         870         151        9384        9765
Swap:           2147           3        2144
Total:         16662        4263        3014

               total        used        free      shared  buff/cache   available
Mem:           14514        4357         771         151        9385        9668
Swap:           2147           3        2144
Total:         16662        4360        2915

               total        used        free      shared  buff/cache   available
Mem:           14514        4329         796         151        9388        9695
Swap:           2147           3        2144
Total:         16662        4333        2940

               total        used        free      shared  buff/cache   available
Mem:           14514        4335         790         151        9388        9689
Swap:           2147           3        2144
Total:         16662        4338        2934

               total        used        free      shared  buff/cache   available
Mem:           14514        4337         788         151        9388        9687
Swap:           2147           3        2144
Total:         16662        4341        2932

               total        used        free      shared  buff/cache   available
Mem:           14514        4275         851         151        9388        9750
Swap:           2147           3        2144
Total:         16662        4278        2995

               total        used        free      shared  buff/cache   available
Mem:           14514        4214         911         151        9388        9810
Swap:           2147           3        2144
Total:         16662        4218        3055

               total        used        free      shared  buff/cache   available
Mem:           14514        4332         795         151        9385        9692
Swap:           2147           3        2144
Total:         16662        4336        2939

               total        used        free      shared  buff/cache   available
Mem:           14514        4373         752         151        9388        9652
Swap:           2147           3        2144
Total:         16662        4376        2896

               total        used        free      shared  buff/cache   available
Mem:           14514        4376         749         151        9388        9648
Swap:           2147           3        2144
Total:         16662        4380        2893

               total        used        free      shared  buff/cache   available
Mem:           14514        4373         752         151        9388        9652
Swap:           2147           3        2144
Total:         16662        4376        2896

               total        used        free      shared  buff/cache   available
Mem:           14514        4304         821         151        9388        9720
Swap:           2147           3        2144
Total:         16662        4308        2965

               total        used        free      shared  buff/cache   available
Mem:           14514        4291         834         151        9388        9734
Swap:           2147           3        2144
Total:         16662        4294        2978

               total        used        free      shared  buff/cache   available
Mem:           14514        4343         785         151        9386        9682
Swap:           2147           3        2144
Total:         16662        4346        2929

               total        used        free      shared  buff/cache   available
Mem:           14514        4373         752         151        9388        9652
Swap:           2147           3        2144
Total:         16662        4376        2896

               total        used        free      shared  buff/cache   available
Mem:           14514        4360         765         151        9388        9664
Swap:           2147           3        2144
Total:         16662        4364        2909

               total        used        free      shared  buff/cache   available
Mem:           14514        4337         788         151        9388        9688
Swap:           2147           3        2144
Total:         16662        4340        2932

               total        used        free      shared  buff/cache   available
Mem:           14514        4269         856         151        9388        9755
Swap:           2147           3        2144
Total:         16662        4273        3000

               total        used        free      shared  buff/cache   available
Mem:           14514        4244         880         151        9389        9780
Swap:           2147           3        2144
Total:         16662        4248        3024

               total        used        free      shared  buff/cache   available
Mem:           14514        4297         831         151        9385        9728
Swap:           2147           3        2144
Total:         16662        4300        2975

               total        used        free      shared  buff/cache   available
Mem:           14514        4358         766         151        9388        9666
Swap:           2147           3        2144
Total:         16662        4362        2910

               total        used        free      shared  buff/cache   available
Mem:           14514        4358         767         151        9388        9667
Swap:           2147           3        2144
Total:         16662        4361        2911

               total        used        free      shared  buff/cache   available
Mem:           14514        4343         782         151        9389        9682
Swap:           2147           3        2144
Total:         16662        4346        2926

               total        used        free      shared  buff/cache   available
Mem:           14514        4318         801         156        9394        9701
Swap:           2147           3        2144
Total:         16662        4321        2945

               total        used        free      shared  buff/cache   available
Mem:           14514        4294         825         156        9394        9725
Swap:           2147           3        2144
Total:         16662        4297        2969

               total        used        free      shared  buff/cache   available
Mem:           14514        4329         787         163        9397        9684
Swap:           2147           3        2144
Total:         16662        4332        2931

               total        used        free      shared  buff/cache   available
Mem:           14514        4380         736         159        9398        9636
Swap:           2147           3        2144
Total:         16662        4384        2880

               total        used        free      shared  buff/cache   available
Mem:           14514        4379         736         159        9398        9636
Swap:           2147           3        2144
Total:         16662        4383        2880

               total        used        free      shared  buff/cache   available
Mem:           14514        4378         738         159        9398        9638
Swap:           2147           3        2144
Total:         16662        4381        2882

               total        used        free      shared  buff/cache   available
Mem:           14514        4330         785         159        9398        9686
Swap:           2147           3        2144
Total:         16662        4334        2929

               total        used        free      shared  buff/cache   available
Mem:           14514        4304         812         159        9398        9712
Swap:           2147           3        2144
Total:         16662        4307        2956

               total        used        free      shared  buff/cache   available
Mem:           14514        4313         807         159        9394        9703
Swap:           2147           3        2144
Total:         16662        4316        2951

               total        used        free      shared  buff/cache   available
Mem:           14514        4400         718         159        9395        9616
Swap:           2147           3        2144
Total:         16662        4403        2862

               total        used        free      shared  buff/cache   available
Mem:           14514        4336         780         159        9398        9680
Swap:           2147           3        2144
Total:         16662        4339        2924

               total        used        free      shared  buff/cache   available
Mem:           14514        4330         786         159        9398        9686
Swap:           2147           3        2144
Total:         16662        4333        2930

               total        used        free      shared  buff/cache   available
Mem:           14514        4364         751         160        9398        9651
Swap:           2147           3        2144
Total:         16662        4368        2895

               total        used        free      shared  buff/cache   available
Mem:           14514        4335         781         160        9398        9681
Swap:           2147           3        2144
Total:         16662        4338        2925

               total        used        free      shared  buff/cache   available
Mem:           14514        4311         809         159        9394        9705
Swap:           2147           3        2144
Total:         16662        4314        2953

               total        used        free      shared  buff/cache   available
Mem:           14514        4408         710         160        9395        9608
Swap:           2147           3        2144
Total:         16662        4411        2854

               total        used        free      shared  buff/cache   available
Mem:           14514        4400         715         160        9398        9615
Swap:           2147           3        2144
Total:         16662        4404        2859

               total        used        free      shared  buff/cache   available
Mem:           14514        4411         704         160        9398        9604
Swap:           2147           3        2144
Total:         16662        4415        2848

               total        used        free      shared  buff/cache   available
Mem:           14514        4404         711         160        9398        9611
Swap:           2147           3        2144
Total:         16662        4408        2855

               total        used        free      shared  buff/cache   available
Mem:           14514        4364         751         160        9398        9651
Swap:           2147           3        2144
Total:         16662        4368        2895

               total        used        free      shared  buff/cache   available
Mem:           14514        4310         805         159        9398        9706
Swap:           2147           3        2144
Total:         16662        4313        2949

               total        used        free      shared  buff/cache   available
Mem:           14514        4431         687         160        9395        9584
Swap:           2147           3        2144
Total:         16662        4435        2831

               total        used        free      shared  buff/cache   available
Mem:           14514        4416         700         160        9398        9600
Swap:           2147           3        2144
Total:         16662        4419        2844

               total        used        free      shared  buff/cache   available
Mem:           14514        4413         702         160        9398        9602
Swap:           2147           3        2144
Total:         16662        4417        2846

               total        used        free      shared  buff/cache   available
Mem:           14514        4398         717         160        9398        9618
Swap:           2147           3        2144
Total:         16662        4401        2861

               total        used        free      shared  buff/cache   available
Mem:           14514        4339         776         160        9398        9677
Swap:           2147           3        2144
Total:         16662        4343        2920

               total        used        free      shared  buff/cache   available
Mem:           14514        4331         785         160        9398        9685
Swap:           2147           3        2144
Total:         16662        4334        2929

               total        used        free      shared  buff/cache   available
Mem:           14514        4390         728         160        9395        9626
Swap:           2147           3        2144
Total:         16662        4393        2872

               total        used        free      shared  buff/cache   available
Mem:           14514        4404         711         160        9398        9612
Swap:           2147           3        2144
Total:         16662        4408        2855

               total        used        free      shared  buff/cache   available
Mem:           14514        4399         716         160        9398        9617
Swap:           2147           3        2144
Total:         16662        4402        2860

               total        used        free      shared  buff/cache   available
Mem:           14514        4393         719         163        9401        9620
Swap:           2147           3        2144
Total:         16662        4396        2863

               total        used        free      shared  buff/cache   available
Mem:           14514        4360         752         163        9402        9652
Swap:           2147           3        2144
Total:         16662        4363        2896

               total        used        free      shared  buff/cache   available
Mem:           14514        4322         790         163        9402        9690
Swap:           2147           3        2144
Total:         16662        4325        2934

               total        used        free      shared  buff/cache   available
Mem:           14514        4341         777         160        9395        9675
Swap:           2147           3        2144
Total:         16662        4345        2921

               total        used        free      shared  buff/cache   available
Mem:           14514        4385         730         160        9399        9631
Swap:           2147           3        2144
Total:         16662        4388        2874

               total        used        free      shared  buff/cache   available
Mem:           14514        4389         725         160        9399        9626
Swap:           2147           3        2144
Total:         16662        4393        2869

               total        used        free      shared  buff/cache   available
Mem:           14514        4389         726         160        9399        9627
Swap:           2147           3        2144
Total:         16662        4392        2870

               total        used        free      shared  buff/cache   available
Mem:           14514        4333         782         160        9399        9683
Swap:           2147           3        2144
Total:         16662        4336        2926

               total        used        free      shared  buff/cache   available
Mem:           14514        4320         795         160        9399        9696
Swap:           2147           3        2144
Total:         16662        4323        2939

               total        used        free      shared  buff/cache   available
Mem:           14514        4314         804         160        9395        9702
Swap:           2147           3        2144
Total:         16662        4318        2948

               total        used        free      shared  buff/cache   available
Mem:           14514        4419         698         160        9396        9596
Swap:           2147           3        2144
Total:         16662        4423        2842

               total        used        free      shared  buff/cache   available
Mem:           14514        4380         735         160        9399        9636
Swap:           2147           3        2144
Total:         16662        4383        2879

               total        used        free      shared  buff/cache   available
Mem:           14514        4364         750         160        9399        9651
Swap:           2147           3        2144
Total:         16662        4368        2894

               total        used        free      shared  buff/cache   available
Mem:           14514        4348         766         160        9399        9668
Swap:           2147           3        2144
Total:         16662        4351        2910

               total        used        free      shared  buff/cache   available
Mem:           14514        4294         821         160        9399        9722
Swap:           2147           3        2144
Total:         16662        4297        2965

               total        used        free      shared  buff/cache   available
Mem:           14514        4256         859         160        9399        9760
Swap:           2147           3        2144
Total:         16662        4259        3003

               total        used        free      shared  buff/cache   available
Mem:           14514        4391         726         160        9396        9624
Swap:           2147           3        2144
Total:         16662        4395        2870

               total        used        free      shared  buff/cache   available
Mem:           14514        4327         787         160        9399        9689
Swap:           2147           3        2144
Total:         16662        4330        2931

               total        used        free      shared  buff/cache   available
Mem:           14514        4338         776         160        9399        9678
Swap:           2147           3        2144
Total:         16662        4341        2920

               total        used        free      shared  buff/cache   available
Mem:           14514        4328         786         160        9399        9687
Swap:           2147           3        2144
Total:         16662        4332        2930

               total        used        free      shared  buff/cache   available
Mem:           14514        4301         813         160        9399        9714
Swap:           2147           3        2144
Total:         16662        4305        2957

               total        used        free      shared  buff/cache   available
Mem:           14514        4287         827         160        9399        9729
Swap:           2147           3        2144
Total:         16662        4290        2971

               total        used        free      shared  buff/cache   available
Mem:           14514        4354         764         159        9395        9663
Swap:           2147           3        2144
Total:         16662        4357        2908

               total        used        free      shared  buff/cache   available
Mem:           14514        4345         770         159        9398        9672
Swap:           2147           3        2144
Total:         16662        4349        2914

               total        used        free      shared  buff/cache   available
Mem:           14514        4340         775         159        9398        9677
Swap:           2147           3        2144
Total:         16662        4343        2919

               total        used        free      shared  buff/cache   available
Mem:           14514        4351         764         159        9398        9665
Swap:           2147           3        2144
Total:         16662        4355        2908

               total        used        free      shared  buff/cache   available
Mem:           14514        4288         827         159        9398        9728
Swap:           2147           3        2144
Total:         16662        4292        2971

               total        used        free      shared  buff/cache   available
Mem:           14514        4297         818         159        9398        9720
Swap:           2147           3        2144
Total:         16662        4300        2962

               total        used        free      shared  buff/cache   available
Mem:           14514        4399         638         159        9477        9618
Swap:           2147           3        2144
Total:         16662        4402        2782

               total        used        free      shared  buff/cache   available
Mem:           14514        4435         563         159        9515        9581
Swap:           2147           3        2144
Total:         16662        4439        2707

               total        used        free      shared  buff/cache   available
Mem:           14514        4410         584         162        9519        9603
Swap:           2147           3        2144
Total:         16662        4414        2728

               total        used        free      shared  buff/cache   available
Mem:           14514        4397         597         162        9519        9616
Swap:           2147           3        2144
Total:         16662        4401        2741

               total        used        free      shared  buff/cache   available
Mem:           14514        4364         633         159        9516        9652
Swap:           2147           3        2144
Total:         16662        4367        2777

               total        used        free      shared  buff/cache   available
Mem:           14514        4328         673         156        9513        9691
Swap:           2147           3        2144
Total:         16662        4331        2817

               total        used        free      shared  buff/cache   available
Mem:           14514        4321         684         156        9509        9699
Swap:           2147           3        2144
Total:         16662        4324        2828

               total        used        free      shared  buff/cache   available
Mem:           14514        4442         560         156        9511        9577
Swap:           2147           3        2144
Total:         16662        4445        2704

               total        used        free      shared  buff/cache   available
Mem:           14514        4400         600         156        9513        9619
Swap:           2147           3        2144
Total:         16662        4403        2744

               total        used        free      shared  buff/cache   available
Mem:           14514        4385         615         156        9513        9634
Swap:           2147           3        2144
Total:         16662        4389        2759

               total        used        free      shared  buff/cache   available
Mem:           14514        4323         677         156        9513        9696
Swap:           2147           3        2144
Total:         16662        4326        2821

               total        used        free      shared  buff/cache   available
Mem:           14514        4313         687         156        9513        9706
Swap:           2147           3        2144
Total:         16662        4317        2831

               total        used        free      shared  buff/cache   available
Mem:           14514        4251         752         156        9510        9768
Swap:           2147           3        2144
Total:         16662        4255        2896

               total        used        free      shared  buff/cache   available
Mem:           14514        4400         602         156        9511        9619
Swap:           2147           3        2144
Total:         16662        4403        2746

               total        used        free      shared  buff/cache   available
Mem:           14514        4405         594         156        9514        9614
Swap:           2147           3        2144
Total:         16662        4409        2738

               total        used        free      shared  buff/cache   available
Mem:           14514        4387         613         156        9514        9632
Swap:           2147           3        2144
Total:         16662        4390        2757

               total        used        free      shared  buff/cache   available
Mem:           14514        4392         607         156        9514        9627
Swap:           2147           3        2144
Total:         16662        4396        2751

               total        used        free      shared  buff/cache   available
Mem:           14514        4328         671         156        9514        9691
Swap:           2147           3        2144
Total:         16662        4332        2815

               total        used        free      shared  buff/cache   available
Mem:           14514        4274         725         156        9514        9745
Swap:           2147           3        2144
Total:         16662        4278        2869

               total        used        free      shared  buff/cache   available
Mem:           14514        4399         603         156        9511        9620
Swap:           2147           3        2144
Total:         16662        4403        2747

               total        used        free      shared  buff/cache   available
Mem:           14514        4361         638         156        9514        9658
Swap:           2147           3        2144
Total:         16662        4365        2782

               total        used        free      shared  buff/cache   available
Mem:           14514        4359         640         156        9514        9660
Swap:           2147           3        2144
Total:         16662        4362        2785

               total        used        free      shared  buff/cache   available
Mem:           14514        4355         644         156        9514        9664
Swap:           2147           3        2144
Total:         16662        4359        2788

               total        used        free      shared  buff/cache   available
Mem:           14514        4306         693         156        9514        9713
Swap:           2147           3        2144
Total:         16662        4309        2837

               total        used        free      shared  buff/cache   available
Mem:           14514        4265         741         150        9508        9761
Swap:           2147           3        2144
Total:         16662        4268        2885

               total        used        free      shared  buff/cache   available
Mem:           14514        4343         665         150        9505        9682
Swap:           2147           3        2144
Total:         16662        4346        2809

               total        used        free      shared  buff/cache   available
Mem:           14514        4364         641         150        9508        9661
Swap:           2147           3        2144
Total:         16662        4367        2785

               total        used        free      shared  buff/cache   available
Mem:           14514        4354         652         150        9508        9672
Swap:           2147           3        2144
Total:         16662        4357        2796

               total        used        free      shared  buff/cache   available
Mem:           14514        4356         649         150        9508        9669
Swap:           2147           3        2144
Total:         16662        4360        2793

               total        used        free      shared  buff/cache   available
Mem:           14514        4312         693         150        9508        9713
Swap:           2147           3        2144
Total:         16662        4316        2837

               total        used        free      shared  buff/cache   available
Mem:           14514        4305         700         150        9508        9720
Swap:           2147           3        2144
Total:         16662        4309        2844

               total        used        free      shared  buff/cache   available
Mem:           14514        4328         681         150        9505        9698
Swap:           2147           3        2144
Total:         16662        4331        2825

               total        used        free      shared  buff/cache   available
Mem:           14514        4358         643         153        9511        9664
Swap:           2147           3        2144
Total:         16662        4362        2787

               total        used        free      shared  buff/cache   available
Mem:           14514        4363         639         153        9511        9659
Swap:           2147           3        2144
Total:         16662        4366        2783

               total        used        free      shared  buff/cache   available
Mem:           14514        4347         655         153        9511        9675
Swap:           2147           3        2144
Total:         16662        4350        2799

               total        used        free      shared  buff/cache   available
Mem:           14514        4303         702         150        9508        9722
Swap:           2147           3        2144
Total:         16662        4306        2846

               total        used        free      shared  buff/cache   available
Mem:           14514        4289         716         150        9508        9736
Swap:           2147           3        2144
Total:         16662        4292        2860

               total        used        free      shared  buff/cache   available
Mem:           14514        4300         709         150        9504        9725
Swap:           2147           3        2144
Total:         16662        4304        2853

               total        used        free      shared  buff/cache   available
Mem:           14514        4399         609         150        9505        9627
Swap:           2147           3        2144
Total:         16662        4402        2753

               total        used        free      shared  buff/cache   available
Mem:           14514        4360         645         150        9508        9665
Swap:           2147           3        2144
Total:         16662        4364        2789

               total        used        free      shared  buff/cache   available
Mem:           14514        4362         643         150        9508        9663
Swap:           2147           3        2144
Total:         16662        4366        2787

               total        used        free      shared  buff/cache   available
Mem:           14514        4357         648         150        9508        9669
Swap:           2147           3        2144
Total:         16662        4360        2792

               total        used        free      shared  buff/cache   available
Mem:           14514        4312         693         150        9508        9713
Swap:           2147           3        2144
Total:         16662        4316        2837

               total        used        free      shared  buff/cache   available
Mem:           14514        4253         752         150        9508        9773
Swap:           2147           3        2144
Total:         16662        4256        2896

               total        used        free      shared  buff/cache   available
Mem:           14514        4367         640         150        9506        9658
Swap:           2147           3        2144
Total:         16662        4371        2784

               total        used        free      shared  buff/cache   available
Mem:           14514        4314         691         150        9509        9711
Swap:           2147           3        2144
Total:         16662        4317        2835

               total        used        free      shared  buff/cache   available
Mem:           14514        4323         682         150        9509        9702
Swap:           2147           3        2144
Total:         16662        4326        2826

               total        used        free      shared  buff/cache   available
Mem:           14514        4331         674         150        9509        9694
Swap:           2147           3        2144
Total:         16662        4334        2818

               total        used        free      shared  buff/cache   available
Mem:           14514        4286         719         150        9509        9739
Swap:           2147           3        2144
Total:         16662        4289        2863

               total        used        free      shared  buff/cache   available
Mem:           14514        4255         750         150        9509        9771
Swap:           2147           3        2144
Total:         16662        4258        2894

               total        used        free      shared  buff/cache   available
Mem:           14514        4308         700         150        9506        9717
Swap:           2147           3        2144
Total:         16662        4311        2844

               total        used        free      shared  buff/cache   available
Mem:           14514        4306         698         150        9509        9719
Swap:           2147           3        2144
Total:         16662        4310        2842

               total        used        free      shared  buff/cache   available
Mem:           14514        4310         695         150        9509        9716
Swap:           2147           3        2144
Total:         16662        4313        2839

               total        used        free      shared  buff/cache   available
Mem:           14514        4297         708         150        9509        9728
Swap:           2147           3        2144
Total:         16662        4300        2852

               total        used        free      shared  buff/cache   available
Mem:           14514        4236         768         150        9509        9789
Swap:           2147           3        2144
Total:         16662        4240        2913

               total        used        free      shared  buff/cache   available
Mem:           14514        4234         770         150        9509        9791
Swap:           2147           3        2144
Total:         16662        4238        2914

               total        used        free      shared  buff/cache   available
Mem:           14514        4295         712         150        9506        9730
Swap:           2147           3        2144
Total:         16662        4299        2856

               total        used        free      shared  buff/cache   available
Mem:           14514        4301         704         150        9509        9725
Swap:           2147           3        2144
Total:         16662        4304        2848

               total        used        free      shared  buff/cache   available
Mem:           14514        4292         713         150        9509        9734
Swap:           2147           3        2144
Total:         16662        4295        2857

               total        used        free      shared  buff/cache   available
Mem:           14514        4287         717         150        9509        9738
Swap:           2147           3        2144
Total:         16662        4291        2861

               total        used        free      shared  buff/cache   available
Mem:           14514        4252         753         150        9509        9773
Swap:           2147           3        2144
Total:         16662        4255        2897

               total        used        free      shared  buff/cache   available
Mem:           14514        4245         759         150        9509        9780
Swap:           2147           3        2144
Total:         16662        4249        2903

               total        used        free      shared  buff/cache   available
Mem:           14514        4288         717         153        9508        9735
Swap:           2147           3        2144
Total:         16662        4291        2862

               total        used        free      shared  buff/cache   available
Mem:           14514        4369         634         153        9510        9653
Swap:           2147           3        2144
Total:         16662        4373        2778

               total        used        free      shared  buff/cache   available
Mem:           14514        4283         718         153        9512        9739
Swap:           2147           3        2144
Total:         16662        4287        2862

               total        used        free      shared  buff/cache   available
Mem:           14514        4288         716         150        9509        9737
Swap:           2147           3        2144
Total:         16662        4291        2860

               total        used        free      shared  buff/cache   available
Mem:           14514        4249         756         150        9509        9777
Swap:           2147           3        2144
Total:         16662        4252        2900

               total        used        free      shared  buff/cache   available
Mem:           14514        4233         771         150        9509        9792
Swap:           2147           3        2144
Total:         16662        4237        2915

               total        used        free      shared  buff/cache   available
Mem:           14514        4182         826         150        9505        9843
Swap:           2147           3        2144
Total:         16662        4185        2970

               total        used        free      shared  buff/cache   available
Mem:           14514        4337         670         150        9506        9689
Swap:           2147           3        2144
Total:         16662        4340        2814

               total        used        free      shared  buff/cache   available
Mem:           14514        4278         726         150        9509        9747
Swap:           2147           3        2144
Total:         16662        4281        2870

               total        used        free      shared  buff/cache   available
Mem:           14514        4285         719         150        9509        9741
Swap:           2147           3        2144
Total:         16662        4288        2864

               total        used        free      shared  buff/cache   available
Mem:           14514        4275         729         150        9509        9750
Swap:           2147           3        2144
Total:         16662        4279        2873

               total        used        free      shared  buff/cache   available
Mem:           14514        4218         786         150        9509        9808
Swap:           2147           3        2144
Total:         16662        4221        2930

               total        used        free      shared  buff/cache   available
Mem:           14514        4252         752         150        9509        9773
Swap:           2147           3        2144
Total:         16662        4255        2896

               total        used        free      shared  buff/cache   available
Mem:           14514        4383         624         150        9507        9642
Swap:           2147           3        2144
Total:         16662        4386        2768

               total        used        free      shared  buff/cache   available
Mem:           14514        4361         642         150        9509        9664
Swap:           2147           3        2144
Total:         16662        4365        2786

               total        used        free      shared  buff/cache   available
Mem:           14514        4354         649         150        9509        9671
Swap:           2147           3        2144
Total:         16662        4358        2793

               total        used        free      shared  buff/cache   available
Mem:           14514        4355         649         150        9509        9670
Swap:           2147           3        2144
Total:         16662        4358        2793

               total        used        free      shared  buff/cache   available
Mem:           14514        4340         664         150        9510        9686
Swap:           2147           3        2144
Total:         16662        4343        2808

               total        used        free      shared  buff/cache   available
Mem:           14514        4317         686         150        9510        9708
Swap:           2147           3        2144
Total:         16662        4321        2830

               total        used        free      shared  buff/cache   available
Mem:           14514        4352         655         150        9507        9673
Swap:           2147           3        2144
Total:         16662        4355        2799

               total        used        free      shared  buff/cache   available
Mem:           14514        4392         612         150        9510        9634
Swap:           2147           3        2144
Total:         16662        4395        2756

               total        used        free      shared  buff/cache   available
Mem:           14514        4387         617         150        9510        9638
Swap:           2147           3        2144
Total:         16662        4390        2761

               total        used        free      shared  buff/cache   available
Mem:           14514        4368         635         150        9510        9657
Swap:           2147           3        2144
Total:         16662        4372        2779

               total        used        free      shared  buff/cache   available
Mem:           14514        4324         680         150        9510        9702
Swap:           2147           3        2144
Total:         16662        4327        2824

               total        used        free      shared  buff/cache   available
Mem:           14514        4313         691         150        9510        9712
Swap:           2147           3        2144
Total:         16662        4316        2835

               total        used        free      shared  buff/cache   available
Mem:           14514        4336         672         150        9506        9689
Swap:           2147           3        2144
Total:         16662        4339        2816

               total        used        free      shared  buff/cache   available
Mem:           14514        4422         582         150        9509        9603
Swap:           2147           3        2144
Total:         16662        4426        2726

               total        used        free      shared  buff/cache   available
Mem:           14514        4377         627         150        9510        9649
Swap:           2147           3        2144
Total:         16662        4380        2771

               total        used        free      shared  buff/cache   available
Mem:           14514        4363         640         150        9510        9662
Swap:           2147           3        2144
Total:         16662        4367        2784

               total        used        free      shared  buff/cache   available
Mem:           14514        4309         695         150        9510        9717
Swap:           2147           3        2144
Total:         16662        4312        2839

               total        used        free      shared  buff/cache   available
Mem:           14514        4300         701         153        9513        9722
Swap:           2147           3        2144
Total:         16662        4303        2845

               total        used        free      shared  buff/cache   available
Mem:           14514        4306         698         153        9509        9716
Swap:           2147           3        2144
Total:         16662        4309        2842

               total        used        free      shared  buff/cache   available
Mem:           14514        4388         614         153        9510        9634
Swap:           2147           3        2144
Total:         16662        4392        2758

               total        used        free      shared  buff/cache   available
Mem:           14514        4352         651         150        9510        9673
Swap:           2147           3        2144
Total:         16662        4356        2795

               total        used        free      shared  buff/cache   available
Mem:           14514        4347         656         150        9510        9678
Swap:           2147           3        2144
Total:         16662        4351        2800

               total        used        free      shared  buff/cache   available
Mem:           14514        4347         656         150        9510        9678
Swap:           2147           3        2144
Total:         16662        4351        2800

               total        used        free      shared  buff/cache   available
Mem:           14514        4280         723         150        9510        9745
Swap:           2147           3        2144
Total:         16662        4284        2867

               total        used        free      shared  buff/cache   available
Mem:           14514        4218         785         150        9510        9807
Swap:           2147           3        2144
Total:         16662        4221        2929

               total        used        free      shared  buff/cache   available
Mem:           14514        4371         635         150        9507        9654
Swap:           2147           3        2144
Total:         16662        4375        2779

               total        used        free      shared  buff/cache   available
Mem:           14514        4331         672         150        9510        9694
Swap:           2147           3        2144
Total:         16662        4334        2816

               total        used        free      shared  buff/cache   available
Mem:           14514        4357         636         160        9520        9658
Swap:           2147           3        2144
Total:         16662        4361        2780

               total        used        free      shared  buff/cache   available
Mem:           14514        4344         651         159        9519        9672
Swap:           2147           3        2144
Total:         16662        4348        2795

               total        used        free      shared  buff/cache   available
Mem:           14514        4293         702         159        9518        9723
Swap:           2147           3        2144
Total:         16662        4297        2846

               total        used        free      shared  buff/cache   available
Mem:           14514        4280         717         155        9515        9739
Swap:           2147           3        2144
Total:         16662        4284        2862

               total        used        free      shared  buff/cache   available
Mem:           14514        4336         670         150        9508        9690
Swap:           2147           3        2144
Total:         16662        4339        2814

               total        used        free      shared  buff/cache   available
Mem:           14514        4313         690         150        9510        9713
Swap:           2147           3        2144
Total:         16662        4316        2834

               total        used        free      shared  buff/cache   available
Mem:           14514        4318         685         150        9510        9707
Swap:           2147           3        2144
Total:         16662        4321        2829

               total        used        free      shared  buff/cache   available
Mem:           14514        4328         670         156        9516        9692
Swap:           2147           3        2144
Total:         16662        4331        2814

               total        used        free      shared  buff/cache   available
Mem:           14514        4280         718         155        9516        9740
Swap:           2147           3        2144
Total:         16662        4283        2862

               total        used        free      shared  buff/cache   available
Mem:           14514        4261         736         156        9516        9759
Swap:           2147           3        2144
Total:         16662        4264        2881

               total        used        free      shared  buff/cache   available
Mem:           14514        4319         685         152        9510        9704
Swap:           2147           3        2144
Total:         16662        4322        2829

               total        used        free      shared  buff/cache   available
Mem:           14514        4310         691         152        9513        9713
Swap:           2147           3        2144
Total:         16662        4313        2835

               total        used        free      shared  buff/cache   available
Mem:           14514        4300         701         152        9513        9723
Swap:           2147           3        2144
Total:         16662        4303        2845

               total        used        free      shared  buff/cache   available
Mem:           14514        4292         708         153        9513        9731
Swap:           2147           3        2144
Total:         16662        4295        2852

               total        used        free      shared  buff/cache   available
Mem:           14514        4240         760         153        9513        9782
Swap:           2147           3        2144
Total:         16662        4244        2904

               total        used        free      shared  buff/cache   available
Mem:           14514        4245         756         153        9513        9778
Swap:           2147           3        2144
Total:         16662        4248        2900

               total        used        free      shared  buff/cache   available
Mem:           14514        4287         716         153        9510        9735
Swap:           2147           3        2144
Total:         16662        4291        2860

               total        used        free      shared  buff/cache   available
Mem:           14514        4295         705         153        9513        9727
Swap:           2147           3        2144
Total:         16662        4299        2849

               total        used        free      shared  buff/cache   available
Mem:           14514        4302         698         153        9513        9721
Swap:           2147           3        2144
Total:         16662        4306        2842

               total        used        free      shared  buff/cache   available
Mem:           14514        4302         698         153        9513        9720
Swap:           2147           3        2144
Total:         16662        4306        2842

               total        used        free      shared  buff/cache   available
Mem:           14514        4258         739         156        9516        9762
Swap:           2147           3        2144
Total:         16662        4261        2883

               total        used        free      shared  buff/cache   available
Mem:           14514        4251         746         156        9516        9769
Swap:           2147           3        2144
Total:         16662        4254        2890

               total        used        free      shared  buff/cache   available
Mem:           14514        4254         747         156        9512        9765
Swap:           2147           3        2144
Total:         16662        4258        2891

               total        used        free      shared  buff/cache   available
Mem:           14514        4343         659         153        9511        9680
Swap:           2147           3        2144
Total:         16662        4346        2803

               total        used        free      shared  buff/cache   available
Mem:           14514        4292         708         153        9513        9731
Swap:           2147           3        2144
Total:         16662        4295        2852

               total        used        free      shared  buff/cache   available
Mem:           14514        4266         734         153        9513        9757
Swap:           2147           3        2144
Total:         16662        4269        2878

               total        used        free      shared  buff/cache   available
Mem:           14514        4244         755         153        9513        9778
Swap:           2147           3        2144
Total:         16662        4248        2900

               total        used        free      shared  buff/cache   available
Mem:           14514        4243         757         153        9513        9780
Swap:           2147           3        2144
Total:         16662        4246        2901

               total        used        free      shared  buff/cache   available
Mem:           14514        4179         824         153        9510        9843
Swap:           2147           3        2144
Total:         16662        4183        2968

               total        used        free      shared  buff/cache   available
Mem:           14514        4281         721         153        9511        9741
Swap:           2147           3        2144
Total:         16662        4285        2865

               total        used        free      shared  buff/cache   available
Mem:           14514        4300         699         153        9514        9723
Swap:           2147           3        2144
Total:         16662        4304        2843

               total        used        free      shared  buff/cache   available
Mem:           14514        4307         692         153        9514        9716
Swap:           2147           3        2144
Total:         16662        4311        2836

               total        used        free      shared  buff/cache   available
Mem:           14514        4324         675         153        9514        9699
Swap:           2147           3        2144
Total:         16662        4328        2819

               total        used        free      shared  buff/cache   available
Mem:           14514        4313         686         153        9514        9709
Swap:           2147           3        2144
Total:         16662        4317        2830

               total        used        free      shared  buff/cache   available
Mem:           14514        4252         747         153        9514        9771
Swap:           2147           3        2144
Total:         16662        4255        2891

               total        used        free      shared  buff/cache   available
Mem:           14514        4366         637         153        9511        9657
Swap:           2147           3        2144
Total:         16662        4369        2781

               total        used        free      shared  buff/cache   available
Mem:           14514        4337         662         153        9514        9686
Swap:           2147           3        2144
Total:         16662        4340        2806

               total        used        free      shared  buff/cache   available
Mem:           14514        4345         655         153        9514        9678
Swap:           2147           3        2144
Total:         16662        4348        2799

               total        used        free      shared  buff/cache   available
Mem:           14514        4312         687         153        9514        9710
Swap:           2147           3        2144
Total:         16662        4316        2831

               total        used        free      shared  buff/cache   available
Mem:           14514        4288         711         153        9514        9735
Swap:           2147           3        2144
Total:         16662        4291        2855

               total        used        free      shared  buff/cache   available
Mem:           14514        4272         727         153        9514        9751
Swap:           2147           3        2144
Total:         16662        4275        2871

               total        used        free      shared  buff/cache   available
Mem:           14514        4365         637         153        9511        9658
Swap:           2147           3        2144
Total:         16662        4368        2781

               total        used        free      shared  buff/cache   available
Mem:           14514        4363         636         153        9514        9659
Swap:           2147           3        2144
Total:         16662        4367        2780

               total        used        free      shared  buff/cache   available
Mem:           14514        4372         627         153        9514        9651
Swap:           2147           3        2144
Total:         16662        4375        2771

               total        used        free      shared  buff/cache   available
Mem:           14514        4325         674         153        9514        9698
Swap:           2147           3        2144
Total:         16662        4328        2818

               total        used        free      shared  buff/cache   available
Mem:           14514        4300         699         153        9514        9722
Swap:           2147           3        2144
Total:         16662        4303        2843

               total        used        free      shared  buff/cache   available
Mem:           14514        4288         711         153        9514        9734
Swap:           2147           3        2144
Total:         16662        4291        2855

               total        used        free      shared  buff/cache   available
Mem:           14514        4326         676         153        9511        9696
Swap:           2147           3        2144
Total:         16662        4330        2820

               total        used        free      shared  buff/cache   available
Mem:           14514        4351         648         153        9514        9672
Swap:           2147           3        2144
Total:         16662        4354        2792

               total        used        free      shared  buff/cache   available
Mem:           14514        4359         640         153        9514        9663
Swap:           2147           3        2144
Total:         16662        4362        2784

               total        used        free      shared  buff/cache   available
Mem:           14514        4320         675         156        9518        9699
Swap:           2147           3        2144
Total:         16662        4324        2819

               total        used        free      shared  buff/cache   available
Mem:           14514        4292         703         156        9518        9727
Swap:           2147           3        2144
Total:         16662        4296        2847

               total        used        free      shared  buff/cache   available
Mem:           14514        4276         719         156        9518        9743
Swap:           2147           3        2144
Total:         16662        4280        2863

               total        used        free      shared  buff/cache   available
Mem:           14514        4309         694         153        9511        9714
Swap:           2147           3        2144
Total:         16662        4312        2838

               total        used        free      shared  buff/cache   available
Mem:           14514        4379         622         153        9512        9643
Swap:           2147           3        2144
Total:         16662        4383        2766

               total        used        free      shared  buff/cache   available
Mem:           14514        4328         670         153        9515        9694
Swap:           2147           3        2144
Total:         16662        4332        2814

               total        used        free      shared  buff/cache   available
Mem:           14514        4321         677         153        9515        9701
Swap:           2147           3        2144
Total:         16662        4325        2821

               total        used        free      shared  buff/cache   available
Mem:           14514        4303         695         153        9515        9719
Swap:           2147           3        2144
Total:         16662        4307        2839

               total        used        free      shared  buff/cache   available
Mem:           14514        4292         707         153        9515        9731
Swap:           2147           3        2144
Total:         16662        4295        2851

               total        used        free      shared  buff/cache   available
Mem:           14514        4230         772         153        9511        9792
Swap:           2147           3        2144
Total:         16662        4233        2917

               total        used        free      shared  buff/cache   available
Mem:           14514        4332         668         153        9513        9690
Swap:           2147           3        2144
Total:         16662        4336        2812

               total        used        free      shared  buff/cache   available
Mem:           14514        4327         671         153        9515        9696
Swap:           2147           3        2144
Total:         16662        4330        2816

               total        used        free      shared  buff/cache   available
Mem:           14514        4326         672         153        9515        9696
Swap:           2147           3        2144
Total:         16662        4329        2816

               total        used        free      shared  buff/cache   available
Mem:           14514        4269         729         153        9515        9753
Swap:           2147           3        2144
Total:         16662        4273        2873

               total        used        free      shared  buff/cache   available
Mem:           14514        4236         762         153        9515        9786
Swap:           2147           3        2144
Total:         16662        4240        2906

               total        used        free      shared  buff/cache   available
Mem:           14514        4213         785         153        9515        9809
Swap:           2147           3        2144
Total:         16662        4217        2929

               total        used        free      shared  buff/cache   available
Mem:           14514        4323         678         153        9512        9700
Swap:           2147           3        2144
Total:         16662        4326        2822

               total        used        free      shared  buff/cache   available
Mem:           14514        4281         717         153        9515        9741
Swap:           2147           3        2144
Total:         16662        4285        2861

               total        used        free      shared  buff/cache   available
Mem:           14514        4285         713         153        9515        9737
Swap:           2147           3        2144
Total:         16662        4288        2857

               total        used        free      shared  buff/cache   available
Mem:           14514        4260         738         153        9515        9762
Swap:           2147           3        2144
Total:         16662        4263        2882

               total        used        free      shared  buff/cache   available
Mem:           14514        4260         738         153        9515        9762
Swap:           2147           3        2144
Total:         16662        4263        2882

               total        used        free      shared  buff/cache   available
Mem:           14514        4245         753         153        9515        9777
Swap:           2147           3        2144
Total:         16662        4249        2897

               total        used        free      shared  buff/cache   available
Mem:           14514        4321         681         153        9512        9702
Swap:           2147           3        2144
Total:         16662        4324        2825

               total        used        free      shared  buff/cache   available
Mem:           14514        4352         646         153        9515        9671
Swap:           2147           3        2144
Total:         16662        4355        2790

               total        used        free      shared  buff/cache   available
Mem:           14514        4345         653         153        9515        9677
Swap:           2147           3        2144
Total:         16662        4348        2797

               total        used        free      shared  buff/cache   available
Mem:           14514        4319         678         153        9515        9703
Swap:           2147           3        2144
Total:         16662        4323        2823

               total        used        free      shared  buff/cache   available
Mem:           14514        4296         702         153        9515        9726
Swap:           2147           3        2144
Total:         16662        4300        2846

               total        used        free      shared  buff/cache   available
Mem:           14514        4279         718         153        9515        9743
Swap:           2147           3        2144
Total:         16662        4283        2862

               total        used        free      shared  buff/cache   available
Mem:           14514        4306         695         153        9512        9716
Swap:           2147           3        2144
Total:         16662        4310        2839

               total        used        free      shared  buff/cache   available
Mem:           14514        4340         658         153        9515        9682
Swap:           2147           3        2144
Total:         16662        4343        2802

               total        used        free      shared  buff/cache   available
Mem:           14514        4340         655         156        9519        9679
Swap:           2147           3        2144
Total:         16662        4343        2799

               total        used        free      shared  buff/cache   available
Mem:           14514        4279         716         156        9519        9740
Swap:           2147           3        2144
Total:         16662        4282        2860

               total        used        free      shared  buff/cache   available
Mem:           14514        4263         732         156        9519        9756
Swap:           2147           3        2144
Total:         16662        4266        2876

               total        used        free      shared  buff/cache   available
Mem:           14514        4252         746         153        9515        9770
Swap:           2147           3        2144
Total:         16662        4256        2890

               total        used        free      shared  buff/cache   available
Mem:           14514        4250         752         153        9512        9772
Swap:           2147           3        2144
Total:         16662        4253        2896

               total        used        free      shared  buff/cache   available
Mem:           14514        4358         642         153        9513        9664
Swap:           2147           3        2144
Total:         16662        4362        2786

               total        used        free      shared  buff/cache   available
Mem:           14514        4340         658         153        9515        9682
Swap:           2147           3        2144
Total:         16662        4343        2802

               total        used        free      shared  buff/cache   available
Mem:           14514        4341         657         153        9515        9682
Swap:           2147           3        2144
Total:         16662        4344        2801

               total        used        free      shared  buff/cache   available
Mem:           14514        4265         733         153        9515        9757
Swap:           2147           3        2144
Total:         16662        4268        2877

               total        used        free      shared  buff/cache   available
Mem:           14514        4262         735         153        9515        9760
Swap:           2147           3        2144
Total:         16662        4266        2880

               total        used        free      shared  buff/cache   available
Mem:           14514        4226         772         153        9515        9796
Swap:           2147           3        2144
Total:         16662        4229        2916

               total        used        free      shared  buff/cache   available
Mem:           14514        4348         653         153        9513        9675
Swap:           2147           3        2144
Total:         16662        4351        2797

               total        used        free      shared  buff/cache   available
Mem:           14514        4351         647         153        9516        9672
Swap:           2147           3        2144
Total:         16662        4354        2791

               total        used        free      shared  buff/cache   available
Mem:           14514        4348         650         153        9516        9674
Swap:           2147           3        2144
Total:         16662        4351        2794

               total        used        free      shared  buff/cache   available
Mem:           14514        4302         695         153        9516        9720
Swap:           2147           3        2144
Total:         16662        4306        2839

               total        used        free      shared  buff/cache   available
Mem:           14514        4302         695         153        9516        9720
Swap:           2147           3        2144
Total:         16662        4306        2839

               total        used        free      shared  buff/cache   available
Mem:           14514        4291         706         154        9516        9731
Swap:           2147           3        2144
Total:         16662        4295        2850

               total        used        free      shared  buff/cache   available
Mem:           14514        4365         634         154        9514        9656
Swap:           2147           3        2144
Total:         16662        4369        2779

               total        used        free      shared  buff/cache   available
Mem:           14514        4377         620         154        9516        9645
Swap:           2147           3        2144
Total:         16662        4380        2764

               total        used        free      shared  buff/cache   available
Mem:           14514        4366         631         154        9516        9656
Swap:           2147           3        2144
Total:         16662        4369        2775

               total        used        free      shared  buff/cache   available
Mem:           14514        4312         685         154        9516        9710
Swap:           2147           3        2144
Total:         16662        4315        2829

               total        used        free      shared  buff/cache   available
Mem:           14514        4297         700         154        9516        9724
Swap:           2147           3        2144
Total:         16662        4301        2844

               total        used        free      shared  buff/cache   available
Mem:           14514        4272         724         154        9516        9749
Swap:           2147           3        2144
Total:         16662        4276        2869

               total        used        free      shared  buff/cache   available
Mem:           14514        4339         661         154        9513        9682
Swap:           2147           3        2144
Total:         16662        4343        2805

               total        used        free      shared  buff/cache   available
Mem:           14514        4369         628         154        9517        9653
Swap:           2147           3        2144
Total:         16662        4372        2772

               total        used        free      shared  buff/cache   available
Mem:           14514        4361         636         154        9517        9661
Swap:           2147           3        2144
Total:         16662        4364        2780

               total        used        free      shared  buff/cache   available
Mem:           14514        4342         654         154        9517        9679
Swap:           2147           3        2144
Total:         16662        4346        2798

               total        used        free      shared  buff/cache   available
Mem:           14514        4319         678         154        9517        9703
Swap:           2147           3        2144
Total:         16662        4322        2822

               total        used        free      shared  buff/cache   available
Mem:           14514        4296         700         154        9517        9725
Swap:           2147           3        2144
Total:         16662        4300        2844

               total        used        free      shared  buff/cache   available
Mem:           14514        4321         680         154        9513        9701
Swap:           2147           3        2144
Total:         16662        4324        2824

               total        used        free      shared  buff/cache   available
Mem:           14514        4381         614         157        9518        9638
Swap:           2147           3        2144
Total:         16662        4384        2758

               total        used        free      shared  buff/cache   available
Mem:           14514        4334         659         157        9520        9685
Swap:           2147           3        2144
Total:         16662        4337        2804

               total        used        free      shared  buff/cache   available
Mem:           14514        4325         668         157        9520        9693
Swap:           2147           3        2144
Total:         16662        4328        2812

               total        used        free      shared  buff/cache   available
Mem:           14514        4287         710         154        9517        9735
Swap:           2147           3        2144
Total:         16662        4290        2854

               total        used        free      shared  buff/cache   available
Mem:           14514        4264         732         154        9517        9758
Swap:           2147           3        2144
Total:         16662        4267        2876

               total        used        free      shared  buff/cache   available
Mem:           14514        4219         781         154        9513        9802
Swap:           2147           3        2144
Total:         16662        4223        2925

               total        used        free      shared  buff/cache   available
Mem:           14514        4327         671         154        9515        9694
Swap:           2147           3        2144
Total:         16662        4331        2815

               total        used        free      shared  buff/cache   available
Mem:           14514        4331         665         154        9517        9691
Swap:           2147           3        2144
Total:         16662        4334        2809

               total        used        free      shared  buff/cache   available
Mem:           14514        4333         663         154        9517        9688
Swap:           2147           3        2144
Total:         16662        4337        2807

               total        used        free      shared  buff/cache   available
Mem:           14514        4280         716         154        9517        9741
Swap:           2147           3        2144
Total:         16662        4284        2860

               total        used        free      shared  buff/cache   available
Mem:           14514        4260         736         154        9517        9762
Swap:           2147           3        2144
Total:         16662        4263        2880

               total        used        free      shared  buff/cache   available
Mem:           14514        4218         782         154        9513        9804
Swap:           2147           3        2144
Total:         16662        4221        2926

               total        used        free      shared  buff/cache   available
Mem:           14514        4359         639         154        9514        9662
Swap:           2147           3        2144
Total:         16662        4363        2784

               total        used        free      shared  buff/cache   available
Mem:           14514        4294         702         154        9517        9728
Swap:           2147           3        2144
Total:         16662        4297        2846

               total        used        free      shared  buff/cache   available
Mem:           14514        4301         695         154        9517        9721
Swap:           2147           3        2144
Total:         16662        4304        2839

               total        used        free      shared  buff/cache   available
Mem:           14514        4286         710         154        9517        9735
Swap:           2147           3        2144
Total:         16662        4290        2854

               total        used        free      shared  buff/cache   available
Mem:           14514        4252         744         154        9517        9769
Swap:           2147           3        2144
Total:         16662        4256        2888

               total        used        free      shared  buff/cache   available
Mem:           14514        4209         786         154        9517        9812
Swap:           2147           3        2144
Total:         16662        4213        2930

               total        used        free      shared  buff/cache   available
Mem:           14514        4343         656         154        9515        9679
Swap:           2147           3        2144
Total:         16662        4346        2800

               total        used        free      shared  buff/cache   available
Mem:           14514        4333         663         154        9518        9689
Swap:           2147           3        2144
Total:         16662        4336        2807

               total        used        free      shared  buff/cache   available
Mem:           14514        4322         674         154        9518        9700
Swap:           2147           3        2144
Total:         16662        4325        2818

               total        used        free      shared  buff/cache   available
Mem:           14514        4288         708         154        9518        9734
Swap:           2147           3        2144
Total:         16662        4291        2852

               total        used        free      shared  buff/cache   available
Mem:           14514        4264         731         154        9518        9757
Swap:           2147           3        2144
Total:         16662        4268        2875

               total        used        free      shared  buff/cache   available
Mem:           14514        4252         744         154        9518        9770
Swap:           2147           3        2144
Total:         16662        4255        2888

               total        used        free      shared  buff/cache   available
Mem:           14514        4333         666         154        9515        9689
Swap:           2147           3        2144
Total:         16662        4336        2810

               total        used        free      shared  buff/cache   available
Mem:           14514        4300         696         154        9518        9722
Swap:           2147           3        2144
Total:         16662        4303        2840

               total        used        free      shared  buff/cache   available
Mem:           14514        4300         695         154        9518        9722
Swap:           2147           3        2144
Total:         16662        4303        2840

               total        used        free      shared  buff/cache   available
Mem:           14514        4256         740         154        9518        9766
Swap:           2147           3        2144
Total:         16662        4259        2884

               total        used        free      shared  buff/cache   available
Mem:           14514        4232         763         154        9518        9789
Swap:           2147           3        2144
Total:         16662        4236        2907

               total        used        free      shared  buff/cache   available
Mem:           14514        4244         752         154        9518        9778
Swap:           2147           3        2144
Total:         16662        4247        2896

               total        used        free      shared  buff/cache   available
Mem:           14514        4318         674         159        9521        9698
Swap:           2147           3        2144
Total:         16662        4322        2818

               total        used        free      shared  buff/cache   available
Mem:           14514        4385         604         159        9524        9631
Swap:           2147           3        2144
Total:         16662        4389        2748

               total        used        free      shared  buff/cache   available
Mem:           14514        4373         610         166        9530        9637
Swap:           2147           3        2144
Total:         16662        4376        2754

               total        used        free      shared  buff/cache   available
Mem:           14514        4329         658         162        9527        9684
Swap:           2147           3        2144
Total:         16662        4332        2802

               total        used        free      shared  buff/cache   available
Mem:           14514        4307         679         162        9527        9705
Swap:           2147           3        2144
Total:         16662        4311        2823

               total        used        free      shared  buff/cache   available
Mem:           14514        4302         684         162        9527        9711
Swap:           2147           3        2144
Total:         16662        4305        2828

               total        used        free      shared  buff/cache   available
Mem:           14514        4328         662         162        9523        9684
Swap:           2147           3        2144
Total:         16662        4332        2806

               total        used        free      shared  buff/cache   available
Mem:           14514        4445         544         162        9525        9568
Swap:           2147           3        2144
Total:         16662        4448        2688

               total        used        free      shared  buff/cache   available
Mem:           14514        4365         622         162        9527        9648
Swap:           2147           3        2144
Total:         16662        4368        2766

               total        used        free      shared  buff/cache   available
Mem:           14514        4317         669         162        9527        9696
Swap:           2147           3        2144
Total:         16662        4320        2814

               total        used        free      shared  buff/cache   available
Mem:           14514        4293         693         162        9527        9719
Swap:           2147           3        2144
Total:         16662        4297        2837

               total        used        free      shared  buff/cache   available
Mem:           14514        4267         719         162        9527        9746
Swap:           2147           3        2144
Total:         16662        4270        2863

               total        used        free      shared  buff/cache   available
Mem:           14514        4286         702         163        9524        9725
Swap:           2147           3        2144
Total:         16662        4290        2846

               total        used        free      shared  buff/cache   available
Mem:           14514        4408         579         164        9526        9604
Swap:           2147           3        2144
Total:         16662        4411        2723

               total        used        free      shared  buff/cache   available
Mem:           14514        4436         549         164        9528        9576
Swap:           2147           3        2144
Total:         16662        4439        2693

               total        used        free      shared  buff/cache   available
Mem:           14514        4435         550         164        9528        9576
Swap:           2147           3        2144
Total:         16662        4439        2694

               total        used        free      shared  buff/cache   available
Mem:           14514        4376         609         164        9528        9636
Swap:           2147           3        2144
Total:         16662        4379        2753

               total        used        free      shared  buff/cache   available
Mem:           14514        4368         617         164        9528        9643
Swap:           2147           3        2144
Total:         16662        4372        2761

               total        used        free      shared  buff/cache   available
Mem:           14514        4329         656         163        9528        9683
Swap:           2147           3        2144
Total:         16662        4332        2800

               total        used        free      shared  buff/cache   available
Mem:           14514        4436         552         164        9526        9576
Swap:           2147           3        2144
Total:         16662        4439        2696

               total        used        free      shared  buff/cache   available
Mem:           14514        4398         587         164        9528        9614
Swap:           2147           3        2144
Total:         16662        4401        2731

               total        used        free      shared  buff/cache   available
Mem:           14514        4393         592         164        9528        9619
Swap:           2147           3        2144
Total:         16662        4396        2736

               total        used        free      shared  buff/cache   available
Mem:           14514        4344         641         164        9528        9668
Swap:           2147           3        2144
Total:         16662        4347        2785

               total        used        free      shared  buff/cache   available
Mem:           14514        4340         644         164        9528        9671
Swap:           2147           3        2144
Total:         16662        4344        2788

               total        used        free      shared  buff/cache   available
Mem:           14514        4346         639         164        9528        9666
Swap:           2147           3        2144
Total:         16662        4349        2783

               total        used        free      shared  buff/cache   available
Mem:           14514        4405         582         164        9526        9606
Swap:           2147           3        2144
Total:         16662        4409        2726

               total        used        free      shared  buff/cache   available
Mem:           14514        4418         566         164        9529        9594
Swap:           2147           3        2144
Total:         16662        4422        2711

               total        used        free      shared  buff/cache   available
Mem:           14514        4429         556         164        9529        9583
Swap:           2147           3        2144
Total:         16662        4432        2700

               total        used        free      shared  buff/cache   available
Mem:           14514        4384         601         164        9529        9628
Swap:           2147           3        2144
Total:         16662        4387        2745

               total        used        free      shared  buff/cache   available
Mem:           14514        4387         597         164        9529        9624
Swap:           2147           3        2144
Total:         16662        4391        2741

               total        used        free      shared  buff/cache   available
Mem:           14514        4376         606         167        9532        9633
Swap:           2147           3        2144
Total:         16662        4379        2750

               total        used        free      shared  buff/cache   available
Mem:           14514        4390         594         167        9529        9618
Swap:           2147           3        2144
Total:         16662        4394        2738

               total        used        free      shared  buff/cache   available
Mem:           14514        4429         553         167        9532        9580
Swap:           2147           3        2144
Total:         16662        4432        2697

               total        used        free      shared  buff/cache   available
Mem:           14514        4416         570         162        9527        9597
Swap:           2147           3        2144
Total:         16662        4419        2714

               total        used        free      shared  buff/cache   available
Mem:           14514        4355         631         162        9527        9658
Swap:           2147           3        2144
Total:         16662        4358        2775

               total        used        free      shared  buff/cache   available
Mem:           14514        4343         643         162        9527        9670
Swap:           2147           3        2144
Total:         16662        4347        2787

               total        used        free      shared  buff/cache   available
Mem:           14514        4316         670         162        9527        9697
Swap:           2147           3        2144
Total:         16662        4319        2814

               total        used        free      shared  buff/cache   available
Mem:           14514        4327         663         162        9524        9686
Swap:           2147           3        2144
Total:         16662        4330        2807

               total        used        free      shared  buff/cache   available
Mem:           14514        4436         552         162        9525        9577
Swap:           2147           3        2144
Total:         16662        4439        2696

               total        used        free      shared  buff/cache   available
Mem:           14514        4376         610         162        9528        9637
Swap:           2147           3        2144
Total:         16662        4379        2754

               total        used        free      shared  buff/cache   available
Mem:           14514        4360         625         162        9528        9653
Swap:           2147           3        2144
Total:         16662        4364        2769

               total        used        free      shared  buff/cache   available
Mem:           14514        4337         649         162        9528        9676
Swap:           2147           3        2144
Total:         16662        4340        2793

               total        used        free      shared  buff/cache   available
Mem:           14514        4324         661         162        9528        9689
Swap:           2147           3        2144
Total:         16662        4327        2805

               total        used        free      shared  buff/cache   available
Mem:           14514        4259         726         162        9528        9754
Swap:           2147           3        2144
Total:         16662        4263        2870

               total        used        free      shared  buff/cache   available
Mem:           14514        4367         622         162        9525        9646
Swap:           2147           3        2144
Total:         16662        4370        2766

               total        used        free      shared  buff/cache   available
Mem:           14514        4345         640         162        9528        9668
Swap:           2147           3        2144
Total:         16662        4349        2784

               total        used        free      shared  buff/cache   available
Mem:           14514        4343         642         162        9528        9670
Swap:           2147           3        2144
Total:         16662        4347        2786

               total        used        free      shared  buff/cache   available
Mem:           14514        4307         678         162        9528        9706
Swap:           2147           3        2144
Total:         16662        4311        2822

               total        used        free      shared  buff/cache   available
Mem:           14514        4279         706         162        9528        9734
Swap:           2147           3        2144
Total:         16662        4282        2851

               total        used        free      shared  buff/cache   available
Mem:           14514        4252         733         162        9528        9761
Swap:           2147           3        2144
Total:         16662        4255        2877

               total        used        free      shared  buff/cache   available
Mem:           14514        4348         640         162        9525        9665
Swap:           2147           3        2144
Total:         16662        4351        2784

               total        used        free      shared  buff/cache   available
Mem:           14514        4356         629         162        9528        9657
Swap:           2147           3        2144
Total:         16662        4360        2773

               total        used        free      shared  buff/cache   available
Mem:           14514        4352         633         162        9528        9661
Swap:           2147           3        2144
Total:         16662        4355        2777

               total        used        free      shared  buff/cache   available
Mem:           14514        4303         682         162        9528        9710
Swap:           2147           3        2144
Total:         16662        4306        2827

               total        used        free      shared  buff/cache   available
Mem:           14514        4284         701         162        9528        9729
Swap:           2147           3        2144
Total:         16662        4288        2845

               total        used        free      shared  buff/cache   available
Mem:           14514        4285         701         162        9528        9728
Swap:           2147           3        2144
Total:         16662        4288        2845

               total        used        free      shared  buff/cache   available
Mem:           14514        4341         647         162        9525        9672
Swap:           2147           3        2144
Total:         16662        4345        2791

               total        used        free      shared  buff/cache   available
Mem:           14514        4362         623         162        9528        9651
Swap:           2147           3        2144
Total:         16662        4365        2767

               total        used        free      shared  buff/cache   available
Mem:           14514        4357         628         162        9528        9656
Swap:           2147           3        2144
Total:         16662        4360        2772

               total        used        free      shared  buff/cache   available
Mem:           14514        4329         656         162        9528        9684
Swap:           2147           3        2144
Total:         16662        4332        2800

               total        used        free      shared  buff/cache   available
Mem:           14514        4295         687         166        9532        9715
Swap:           2147           3        2144
Total:         16662        4298        2831

               total        used        free      shared  buff/cache   available
Mem:           14514        4277         705         166        9532        9733
Swap:           2147           3        2144
Total:         16662        4280        2849

               total        used        free      shared  buff/cache   available
Mem:           14514        4263         731         157        9519        9755
Swap:           2147           3        2144
Total:         16662        4267        2875

               total        used        free      shared  buff/cache   available
Mem:           14514        4359         636         154        9518        9662
Swap:           2147           3        2144
Total:         16662        4363        2780

               total        used        free      shared  buff/cache   available
Mem:           14514        4307         687         154        9520        9715
Swap:           2147           3        2144
Total:         16662        4310        2831

               total        used        free      shared  buff/cache   available
Mem:           14514        4291         703         154        9520        9731
Swap:           2147           3        2144
Total:         16662        4294        2847

               total        used        free      shared  buff/cache   available
Mem:           14514        4258         736         154        9520        9764
Swap:           2147           3        2144
Total:         16662        4261        2880

               total        used        free      shared  buff/cache   available
Mem:           14514        4228         763         156        9522        9791
Swap:           2147           3        2144
Total:         16662        4232        2907

               total        used        free      shared  buff/cache   available
Mem:           14514        4246         749         156        9518        9773
Swap:           2147           3        2144
Total:         16662        4250        2893

               total        used        free      shared  buff/cache   available
Mem:           14514        4325         669         156        9519        9695
Swap:           2147           3        2144
Total:         16662        4328        2813

               total        used        free      shared  buff/cache   available
Mem:           14514        4292         699         156        9522        9727
Swap:           2147           3        2144
Total:         16662        4295        2843

               total        used        free      shared  buff/cache   available
Mem:           14514        4301         690         156        9522        9718
Swap:           2147           3        2144
Total:         16662        4305        2834

               total        used        free      shared  buff/cache   available
Mem:           14514        4287         704         156        9522        9732
Swap:           2147           3        2144
Total:         16662        4291        2848

               total        used        free      shared  buff/cache   available
Mem:           14514        4269         722         156        9522        9751
Swap:           2147           3        2144
Total:         16662        4272        2866

               total        used        free      shared  buff/cache   available
Mem:           14514        4229         766         156        9518        9790
Swap:           2147           3        2144
Total:         16662        4233        2910

               total        used        free      shared  buff/cache   available
Mem:           14514        4387         607         156        9519        9633
Swap:           2147           3        2144
Total:         16662        4390        2751

               total        used        free      shared  buff/cache   available
Mem:           14514        4348         643         156        9522        9672
Swap:           2147           3        2144
Total:         16662        4351        2787

               total        used        free      shared  buff/cache   available
Mem:           14514        4343         648         156        9522        9677
Swap:           2147           3        2144
Total:         16662        4346        2792

               total        used        free      shared  buff/cache   available
Mem:           14514        4313         678         156        9522        9707
Swap:           2147           3        2144
Total:         16662        4316        2822

               total        used        free      shared  buff/cache   available
Mem:           14514        4286         705         156        9522        9734
Swap:           2147           3        2144
Total:         16662        4289        2849

               total        used        free      shared  buff/cache   available
Mem:           14514        4273         718         156        9522        9746
Swap:           2147           3        2144
Total:         16662        4277        2862

               total        used        free      shared  buff/cache   available
Mem:           14514        4375         619         156        9519        9644
Swap:           2147           3        2144
Total:         16662        4378        2763

               total        used        free      shared  buff/cache   available
Mem:           14514        4375         616         156        9522        9645
Swap:           2147           3        2144
Total:         16662        4378        2760

               total        used        free      shared  buff/cache   available
Mem:           14514        4429         433         156        9652        9590
Swap:           2147           3        2144
Total:         16662        4432        2577

               total        used        free      shared  buff/cache   available
Mem:           14514        4361         630         156        9523        9659
Swap:           2147           3        2144
Total:         16662        4364        2774

               total        used        free      shared  buff/cache   available
Mem:           14514        4338         653         156        9523        9682
Swap:           2147           3        2144
Total:         16662        4341        2797

               total        used        free      shared  buff/cache   available
Mem:           14514        4319         672         156        9523        9700
Swap:           2147           3        2144
Total:         16662        4322        2816

               total        used        free      shared  buff/cache   available
Mem:           14514        4371         622         156        9520        9648
Swap:           2147           3        2144
Total:         16662        4375        2766

               total        used        free      shared  buff/cache   available
Mem:           14514        4378         612         156        9523        9641
Swap:           2147           3        2144
Total:         16662        4382        2756

               total        used        free      shared  buff/cache   available
Mem:           14514        4362         628         156        9523        9657
Swap:           2147           3        2144
Total:         16662        4366        2772

               total        used        free      shared  buff/cache   available
Mem:           14514        4323         664         159        9526        9693
Swap:           2147           3        2144
Total:         16662        4326        2808

               total        used        free      shared  buff/cache   available
Mem:           14514        4309         678         159        9526        9707
Swap:           2147           3        2144
Total:         16662        4313        2822

               total        used        free      shared  buff/cache   available
Mem:           14514        4275         713         158        9525        9742
Swap:           2147           3        2144
Total:         16662        4279        2857

               total        used        free      shared  buff/cache   available
Mem:           14514        4291         704         155        9519        9730
Swap:           2147           3        2144
Total:         16662        4294        2848

               total        used        free      shared  buff/cache   available
Mem:           14514        4314         677         155        9522        9706
Swap:           2147           3        2144
Total:         16662        4318        2821

               total        used        free      shared  buff/cache   available
Mem:           14514        4304         687         155        9522        9717
Swap:           2147           3        2144
Total:         16662        4307        2831

               total        used        free      shared  buff/cache   available
Mem:           14514        4275         716         155        9522        9746
Swap:           2147           3        2144
Total:         16662        4278        2860

               total        used        free      shared  buff/cache   available
Mem:           14514        4256         736         155        9522        9765
Swap:           2147           3        2144
Total:         16662        4259        2880

               total        used        free      shared  buff/cache   available
Mem:           14514        4239         752         155        9522        9781
Swap:           2147           3        2144
Total:         16662        4243        2896

               total        used        free      shared  buff/cache   available
Mem:           14514        4262         733         155        9518        9758
Swap:           2147           3        2144
Total:         16662        4266        2877

               total        used        free      shared  buff/cache   available
Mem:           14514        4338         656         155        9520        9683
Swap:           2147           3        2144
Total:         16662        4341        2800

               total        used        free      shared  buff/cache   available
Mem:           14514        4325         666         155        9522        9696
Swap:           2147           3        2144
Total:         16662        4328        2810

               total        used        free      shared  buff/cache   available
Mem:           14514        4316         675         155        9522        9704
Swap:           2147           3        2144
Total:         16662        4320        2819

               total        used        free      shared  buff/cache   available
Mem:           14514        4263         728         155        9522        9757
Swap:           2147           3        2144
Total:         16662        4267        2872

               total        used        free      shared  buff/cache   available
Mem:           14514        4265         727         155        9522        9756
Swap:           2147           3        2144
Total:         16662        4268        2871

               total        used        free      shared  buff/cache   available
Mem:           14514        4210         782         155        9521        9810
Swap:           2147           3        2144
Total:         16662        4214        2926

               total        used        free      shared  buff/cache   available
Mem:           14514        4346         649         155        9519        9675
Swap:           2147           3        2144
Total:         16662        4349        2793

               total        used        free      shared  buff/cache   available
Mem:           14514        4289         702         155        9522        9731
Swap:           2147           3        2144
Total:         16662        4293        2846

               total        used        free      shared  buff/cache   available
Mem:           14514        4288         703         155        9522        9732
Swap:           2147           3        2144
Total:         16662        4292        2847

               total        used        free      shared  buff/cache   available
Mem:           14514        4252         740         155        9522        9769
Swap:           2147           3        2144
Total:         16662        4255        2884

               total        used        free      shared  buff/cache   available
Mem:           14514        4229         762         155        9522        9791
Swap:           2147           3        2144
Total:         16662        4233        2906

               total        used        free      shared  buff/cache   available
Mem:           14514        4216         775         155        9522        9804
Swap:           2147           3        2144
Total:         16662        4219        2919

               total        used        free      shared  buff/cache   available
Mem:           14514        4298         696         155        9519        9723
Swap:           2147           3        2144
Total:         16662        4301        2841

               total        used        free      shared  buff/cache   available
Mem:           14514        4259         732         155        9522        9761
Swap:           2147           3        2144
Total:         16662        4263        2876

               total        used        free      shared  buff/cache   available
Mem:           14514        4269         722         155        9522        9751
Swap:           2147           3        2144
Total:         16662        4273        2866

               total        used        free      shared  buff/cache   available
Mem:           14514        4242         749         155        9522        9778
Swap:           2147           3        2144
Total:         16662        4246        2893

               total        used        free      shared  buff/cache   available
Mem:           14514        4213         778         155        9522        9807
Swap:           2147           3        2144
Total:         16662        4217        2922

               total        used        free      shared  buff/cache   available
Mem:           14514        4205         786         155        9522        9815
Swap:           2147           3        2144
Total:         16662        4209        2930

               total        used        free      shared  buff/cache   available
Mem:           14514        4258         736         155        9519        9763
Swap:           2147           3        2144
Total:         16662        4261        2880

               total        used        free      shared  buff/cache   available
Mem:           14514        4270         721         155        9522        9750
Swap:           2147           3        2144
Total:         16662        4274        2865

               total        used        free      shared  buff/cache   available
Mem:           14514        4274         713         158        9525        9743
Swap:           2147           3        2144
Total:         16662        4278        2858

               total        used        free      shared  buff/cache   available
Mem:           14514        4255         733         158        9525        9763
Swap:           2147           3        2144
Total:         16662        4258        2877

               total        used        free      shared  buff/cache   available
Mem:           14514        4239         749         158        9525        9778
Swap:           2147           3        2144
Total:         16662        4242        2893

               total        used        free      shared  buff/cache   available
Mem:           14514        4235         752         159        9526        9781
Swap:           2147           3        2144
Total:         16662        4238        2896

               total        used        free      shared  buff/cache   available
Mem:           14514        4239         751         159        9523        9777
Swap:           2147           3        2144
Total:         16662        4242        2895

               total        used        free      shared  buff/cache   available
Mem:           14514        4312         677         159        9524        9705
Swap:           2147           3        2144
Total:         16662        4315        2821

               total        used        free      shared  buff/cache   available
Mem:           14514        4288         698         159        9527        9728
Swap:           2147           3        2144
Total:         16662        4292        2842

               total        used        free      shared  buff/cache   available
Mem:           14514        4288         698         159        9527        9728
Swap:           2147           3        2144
Total:         16662        4291        2842

               total        used        free      shared  buff/cache   available
Mem:           14514        4257         729         159        9527        9759
Swap:           2147           3        2144
Total:         16662        4261        2873

               total        used        free      shared  buff/cache   available
Mem:           14514        4242         745         159        9527        9775
Swap:           2147           3        2144
Total:         16662        4245        2889

               total        used        free      shared  buff/cache   available
Mem:           14514        4196         791         159        9526        9820
Swap:           2147           3        2144
Total:         16662        4200        2935

               total        used        free      shared  buff/cache   available
Mem:           14514        4355         634         159        9524        9661
Swap:           2147           3        2144
Total:         16662        4358        2778

               total        used        free      shared  buff/cache   available
Mem:           14514        4351         635         159        9527        9666
Swap:           2147           3        2144
Total:         16662        4354        2780

               total        used        free      shared  buff/cache   available
Mem:           14514        4349         637         159        9527        9667
Swap:           2147           3        2144
Total:         16662        4353        2781

               total        used        free      shared  buff/cache   available
Mem:           14514        4294         692         159        9527        9722
Swap:           2147           3        2144
Total:         16662        4298        2836

               total        used        free      shared  buff/cache   available
Mem:           14514        4280         706         159        9527        9737
Swap:           2147           3        2144
Total:         16662        4283        2851

               total        used        free      shared  buff/cache   available
Mem:           14514        4272         714         159        9527        9745
Swap:           2147           3        2144
Total:         16662        4275        2859

               total        used        free      shared  buff/cache   available
Mem:           14514        4357         632         159        9524        9659
Swap:           2147           3        2144
Total:         16662        4361        2776

               total        used        free      shared  buff/cache   available
Mem:           14514        4378         607         159        9527        9638
Swap:           2147           3        2144
Total:         16662        4382        2752

               total        used        free      shared  buff/cache   available
Mem:           14514        4374         612         159        9527        9643
Swap:           2147           3        2144
Total:         16662        4377        2757

               total        used        free      shared  buff/cache   available
Mem:           14514        4308         678         159        9527        9709
Swap:           2147           3        2144
Total:         16662        4311        2823

               total        used        free      shared  buff/cache   available
Mem:           14514        4301         685         159        9527        9715
Swap:           2147           3        2144
Total:         16662        4305        2829

               total        used        free      shared  buff/cache   available
Mem:           14514        4289         697         159        9527        9727
Swap:           2147           3        2144
Total:         16662        4293        2841

               total        used        free      shared  buff/cache   available
Mem:           14514        4334         655         159        9524        9682
Swap:           2147           3        2144
Total:         16662        4338        2799

               total        used        free      shared  buff/cache   available
Mem:           14514        4363         623         159        9527        9653
Swap:           2147           3        2144
Total:         16662        4366        2767

               total        used        free      shared  buff/cache   available
Mem:           14514        4359         627         159        9527        9658
Swap:           2147           3        2144
Total:         16662        4362        2771

               total        used        free      shared  buff/cache   available
Mem:           14514        4322         664         159        9527        9695
Swap:           2147           3        2144
Total:         16662        4325        2808

               total        used        free      shared  buff/cache   available
Mem:           14514        4287         699         159        9527        9729
Swap:           2147           3        2144
Total:         16662        4291        2843

               total        used        free      shared  buff/cache   available
Mem:           14514        4281         705         159        9527        9735
Swap:           2147           3        2144
Total:         16662        4284        2849

               total        used        free      shared  buff/cache   available
Mem:           14514        4329         661         159        9524        9688
Swap:           2147           3        2144
Total:         16662        4332        2805

               total        used        free      shared  buff/cache   available
Mem:           14514        4396         589         162        9528        9617
Swap:           2147           3        2144
Total:         16662        4399        2734

               total        used        free      shared  buff/cache   available
Mem:           14514        4356         627         162        9531        9657
Swap:           2147           3        2144
Total:         16662        4359        2771

               total        used        free      shared  buff/cache   available
Mem:           14514        4328         654         162        9531        9685
Swap:           2147           3        2144
Total:         16662        4332        2798

               total        used        free      shared  buff/cache   available
Mem:           14514        4301         685         159        9528        9715
Swap:           2147           3        2144
Total:         16662        4304        2829

               total        used        free      shared  buff/cache   available
Mem:           14514        4286         700         159        9528        9730
Swap:           2147           3        2144
Total:         16662        4289        2844

               total        used        free      shared  buff/cache   available
Mem:           14514        4222         764         159        9527        9794
Swap:           2147           3        2144
Total:         16662        4226        2908

               total        used        free      shared  buff/cache   available
Mem:           14514        4393         595         159        9525        9623
Swap:           2147           3        2144
Total:         16662        4397        2739

               total        used        free      shared  buff/cache   available
Mem:           14514        4359         626         159        9528        9657
Swap:           2147           3        2144
Total:         16662        4363        2770

               total        used        free      shared  buff/cache   available
Mem:           14514        4356         630         159        9528        9661
Swap:           2147           3        2144
Total:         16662        4359        2774

               total        used        free      shared  buff/cache   available
Mem:           14514        4312         674         159        9528        9705
Swap:           2147           3        2144
Total:         16662        4315        2818

               total        used        free      shared  buff/cache   available
Mem:           14514        4299         686         159        9528        9717
Swap:           2147           3        2144
Total:         16662        4303        2830

               total        used        free      shared  buff/cache   available
Mem:           14514        4279         706         159        9528        9737
Swap:           2147           3        2144
Total:         16662        4283        2850

               total        used        free      shared  buff/cache   available
Mem:           14514        4329         659         159        9525        9687
Swap:           2147           3        2144
Total:         16662        4332        2803

               total        used        free      shared  buff/cache   available
Mem:           14514        4321         665         159        9528        9696
Swap:           2147           3        2144
Total:         16662        4324        2809

               total        used        free      shared  buff/cache   available
Mem:           14514        4313         672         159        9528        9703
Swap:           2147           3        2144
Total:         16662        4316        2816

               total        used        free      shared  buff/cache   available
Mem:           14514        4273         712         159        9528        9743
Swap:           2147           3        2144
Total:         16662        4277        2856

               total        used        free      shared  buff/cache   available
Mem:           14514        4271         714         159        9528        9745
Swap:           2147           3        2144
Total:         16662        4275        2858

               total        used        free      shared  buff/cache   available
Mem:           14514        4242         743         159        9528        9774
Swap:           2147           3        2144
Total:         16662        4246        2887

               total        used        free      shared  buff/cache   available
Mem:           14514        4286         704         159        9524        9731
Swap:           2147           3        2144
Total:         16662        4289        2848

               total        used        free      shared  buff/cache   available
Mem:           14514        4301         684         159        9528        9715
Swap:           2147           3        2144
Total:         16662        4304        2828

               total        used        free      shared  buff/cache   available
Mem:           14514        4317         668         159        9528        9699
Swap:           2147           3        2144
Total:         16662        4321        2812

               total        used        free      shared  buff/cache   available
Mem:           14514        4267         718         159        9528        9749
Swap:           2147           3        2144
Total:         16662        4270        2862

               total        used        free      shared  buff/cache   available
Mem:           14514        4247         738         159        9528        9769
Swap:           2147           3        2144
Total:         16662        4251        2882

               total        used        free      shared  buff/cache   available
Mem:           14514        4225         760         159        9528        9791
Swap:           2147           3        2144
Total:         16662        4228        2904

               total        used        free      shared  buff/cache   available
Mem:           14514        4182         808         159        9524        9835
Swap:           2147           3        2144
Total:         16662        4185        2952

               total        used        free      shared  buff/cache   available
Mem:           14514        4352         627         167        9534        9656
Swap:           2147           3        2144
Total:         16662        4355        2771

               total        used        free      shared  buff/cache   available
Mem:           14514        4334         643         167        9537        9674
Swap:           2147           3        2144
Total:         16662        4337        2787

               total        used        free      shared  buff/cache   available
Mem:           14514        4338         638         167        9537        9670
Swap:           2147           3        2144
Total:         16662        4342        2782

               total        used        free      shared  buff/cache   available
Mem:           14514        4293         684         167        9537        9715
Swap:           2147           3        2144
Total:         16662        4296        2828

               total        used        free      shared  buff/cache   available
Mem:           14514        4268         709         167        9537        9740
Swap:           2147           3        2144
Total:         16662        4271        2853

               total        used        free      shared  buff/cache   available
Mem:           14514        4269         704         171        9540        9735
Swap:           2147           3        2144
Total:         16662        4273        2848

               total        used        free      shared  buff/cache   available
Mem:           14514        4327         649         171        9537        9677
Swap:           2147           3        2144
Total:         16662        4331        2793

               total        used        free      shared  buff/cache   available
Mem:           14514        4277         696         171        9540        9728
Swap:           2147           3        2144
Total:         16662        4280        2840

               total        used        free      shared  buff/cache   available
Mem:           14514        4289         687         167        9537        9719
Swap:           2147           3        2144
Total:         16662        4292        2831

               total        used        free      shared  buff/cache   available
Mem:           14514        4265         711         167        9537        9743
Swap:           2147           3        2144
Total:         16662        4268        2855

               total        used        free      shared  buff/cache   available
Mem:           14514        4258         718         167        9537        9750
Swap:           2147           3        2144
Total:         16662        4262        2862

               total        used        free      shared  buff/cache   available
Mem:           14514        4250         726         167        9537        9758
Swap:           2147           3        2144
Total:         16662        4254        2870

               total        used        free      shared  buff/cache   available
Mem:           14514        4283         697         167        9534        9725
Swap:           2147           3        2144
Total:         16662        4286        2841

               total        used        free      shared  buff/cache   available
Mem:           14514        4323         653         167        9537        9684
Swap:           2147           3        2144
Total:         16662        4327        2797

               total        used        free      shared  buff/cache   available
Mem:           14514        4319         657         167        9537        9688
Swap:           2147           3        2144
Total:         16662        4323        2801

               total        used        free      shared  buff/cache   available
Mem:           14514        4279         697         168        9537        9729
Swap:           2147           3        2144
Total:         16662        4283        2841

               total        used        free      shared  buff/cache   available
Mem:           14514        4245         731         168        9537        9763
Swap:           2147           3        2144
Total:         16662        4248        2875

               total        used        free      shared  buff/cache   available
Mem:           14514        4285         691         168        9537        9722
Swap:           2147           3        2144
Total:         16662        4289        2835

               total        used        free      shared  buff/cache   available
Mem:           14514        4321         659         167        9533        9687
Swap:           2147           3        2144
Total:         16662        4325        2803

               total        used        free      shared  buff/cache   available
Mem:           14514        4374         604         168        9535        9633
Swap:           2147           3        2144
Total:         16662        4378        2748

               total        used        free      shared  buff/cache   available
Mem:           14514        4341         634         168        9538        9666
Swap:           2147           3        2144
Total:         16662        4345        2778

               total        used        free      shared  buff/cache   available
Mem:           14514        4335         640         168        9538        9672
Swap:           2147           3        2144
Total:         16662        4339        2784

               total        used        free      shared  buff/cache   available
Mem:           14514        4293         683         168        9538        9715
Swap:           2147           3        2144
Total:         16662        4296        2827

               total        used        free      shared  buff/cache   available
Mem:           14514        4280         696         168        9538        9728
Swap:           2147           3        2144
Total:         16662        4283        2840

               total        used        free      shared  buff/cache   available
Mem:           14514        4223         756         167        9534        9784
Swap:           2147           3        2144
Total:         16662        4227        2900

               total        used        free      shared  buff/cache   available
Mem:           14514        4353         625         168        9535        9655
Swap:           2147           3        2144
Total:         16662        4357        2769

               total        used        free      shared  buff/cache   available
Mem:           14514        4360         615         168        9538        9648
Swap:           2147           3        2144
Total:         16662        4364        2759

               total        used        free      shared  buff/cache   available
Mem:           14514        4352         624         168        9538        9656
Swap:           2147           3        2144
Total:         16662        4355        2768

               total        used        free      shared  buff/cache   available
Mem:           14514        4303         672         168        9538        9704
Swap:           2147           3        2144
Total:         16662        4307        2816

               total        used        free      shared  buff/cache   available
Mem:           14514        4292         684         168        9538        9716
Swap:           2147           3        2144
Total:         16662        4295        2828

               total        used        free      shared  buff/cache   available
Mem:           14514        4288         687         168        9538        9719
Swap:           2147           3        2144
Total:         16662        4292        2831

               total        used        free      shared  buff/cache   available
Mem:           14514        4373         605         168        9535        9634
Swap:           2147           3        2144
Total:         16662        4377        2749

               total        used        free      shared  buff/cache   available
Mem:           14514        4357         618         168        9538        9650
Swap:           2147           3        2144
Total:         16662        4361        2762

               total        used        free      shared  buff/cache   available
Mem:           14514        4360         616         168        9538        9648
Swap:           2147           3        2144
Total:         16662        4363        2760

               total        used        free      shared  buff/cache   available
Mem:           14514        4304         671         168        9538        9703
Swap:           2147           3        2144
Total:         16662        4308        2815

               total        used        free      shared  buff/cache   available
Mem:           14514        4291         681         171        9541        9713
Swap:           2147           3        2144
Total:         16662        4295        2825

               total        used        free      shared  buff/cache   available
Mem:           14514        4288         684         171        9541        9716
Swap:           2147           3        2144
Total:         16662        4292        2828

               total        used        free      shared  buff/cache   available
Mem:           14514        4309         666         171        9538        9696
Swap:           2147           3        2144
Total:         16662        4312        2810

               total        used        free      shared  buff/cache   available
Mem:           14514        4344         631         168        9538        9663
Swap:           2147           3        2144
Total:         16662        4348        2775

               total        used        free      shared  buff/cache   available
Mem:           14514        4354         621         168        9538        9654
Swap:           2147           3        2144
Total:         16662        4358        2765

               total        used        free      shared  buff/cache   available
Mem:           14514        4294         681         168        9538        9714
Swap:           2147           3        2144
Total:         16662        4297        2825

               total        used        free      shared  buff/cache   available
Mem:           14514        4272         702         168        9538        9735
Swap:           2147           3        2144
Total:         16662        4276        2847

               total        used        free      shared  buff/cache   available
Mem:           14514        4262         713         168        9538        9746
Swap:           2147           3        2144
Total:         16662        4265        2857

               total        used        free      shared  buff/cache   available
Mem:           14514        4273         705         167        9534        9734
Swap:           2147           3        2144
Total:         16662        4277        2850

               total        used        free      shared  buff/cache   available
Mem:           14514        4358         620         168        9536        9650
Swap:           2147           3        2144
Total:         16662        4361        2764

               total        used        free      shared  buff/cache   available
Mem:           14514        4350         624         168        9538        9657
Swap:           2147           3        2144
Total:         16662        4354        2769

               total        used        free      shared  buff/cache   available
Mem:           14514        4331         644         168        9538        9676
Swap:           2147           3        2144
Total:         16662        4335        2788

               total        used        free      shared  buff/cache   available
Mem:           14514        4274         701         168        9538        9734
Swap:           2147           3        2144
Total:         16662        4278        2845

               total        used        free      shared  buff/cache   available
Mem:           14514        4246         729         168        9538        9762
Swap:           2147           3        2144
Total:         16662        4249        2873

               total        used        free      shared  buff/cache   available
Mem:           14514        4200         775         168        9538        9808
Swap:           2147           3        2144
Total:         16662        4204        2919

               total        used        free      shared  buff/cache   available
Mem:           14514        4330         647         168        9536        9677
Swap:           2147           3        2144
Total:         16662        4334        2791

               total        used        free      shared  buff/cache   available
Mem:           14514        4330         645         168        9538        9678
Swap:           2147           3        2144
Total:         16662        4333        2789

               total        used        free      shared  buff/cache   available
Mem:           14514        4322         652         168        9538        9685
Swap:           2147           3        2144
Total:         16662        4326        2796

               total        used        free      shared  buff/cache   available
Mem:           14514        4278         697         168        9538        9730
Swap:           2147           3        2144
Total:         16662        4281        2841

               total        used        free      shared  buff/cache   available
Mem:           14514        4258         717         168        9538        9750
Swap:           2147           3        2144
Total:         16662        4261        2861

               total        used        free      shared  buff/cache   available
Mem:           14514        4252         723         168        9538        9756
Swap:           2147           3        2144
Total:         16662        4255        2867

               total        used        free      shared  buff/cache   available
Mem:           14514        4282         696         168        9535        9726
Swap:           2147           3        2144
Total:         16662        4285        2840

               total        used        free      shared  buff/cache   available
Mem:           14514        4318         657         168        9539        9690
Swap:           2147           3        2144
Total:         16662        4321        2801

               total        used        free      shared  buff/cache   available
Mem:           14514        4328         646         168        9539        9680
Swap:           2147           3        2144
Total:         16662        4332        2790

               total        used        free      shared  buff/cache   available
Mem:           14514        4274         701         168        9539        9734
Swap:           2147           3        2144
Total:         16662        4277        2845

               total        used        free      shared  buff/cache   available
Mem:           14514        4253         722         168        9539        9755
Swap:           2147           3        2144
Total:         16662        4256        2866

               total        used        free      shared  buff/cache   available
Mem:           14514        4236         738         168        9539        9771
Swap:           2147           3        2144
Total:         16662        4240        2882

               total        used        free      shared  buff/cache   available
Mem:           14514        4265         713         168        9535        9743
Swap:           2147           3        2144
Total:         16662        4269        2857

               total        used        free      shared  buff/cache   available
Mem:           14514        4369         608         168        9536        9639
Swap:           2147           3        2144
Total:         16662        4372        2752

               total        used        free      shared  buff/cache   available
Mem:           14514        4344         630         168        9539        9663
Swap:           2147           3        2144
Total:         16662        4348        2774

               total        used        free      shared  buff/cache   available
Mem:           14514        4330         641         171        9542        9674
Swap:           2147           3        2144
Total:         16662        4333        2785

               total        used        free      shared  buff/cache   available
Mem:           14514        4292         679         171        9542        9712
Swap:           2147           3        2144
Total:         16662        4296        2823

               total        used        free      shared  buff/cache   available
Mem:           14514        4262         710         171        9542        9743
Swap:           2147           3        2144
Total:         16662        4265        2854

               total        used        free      shared  buff/cache   available
Mem:           14514        4239         735         168        9539        9768
Swap:           2147           3        2144
Total:         16662        4243        2879

               total        used        free      shared  buff/cache   available
Mem:           14514        4356         621         168        9536        9652
Swap:           2147           3        2144
Total:         16662        4359        2765

               total        used        free      shared  buff/cache   available
Mem:           14514        4319         656         168        9539        9689
Swap:           2147           3        2144
Total:         16662        4322        2800

               total        used        free      shared  buff/cache   available
Mem:           14514        4311         664         168        9539        9697
Swap:           2147           3        2144
Total:         16662        4314        2808

               total        used        free      shared  buff/cache   available
Mem:           14514        4274         701         168        9539        9734
Swap:           2147           3        2144
Total:         16662        4277        2845

               total        used        free      shared  buff/cache   available
Mem:           14514        4267         707         168        9539        9740
Swap:           2147           3        2144
Total:         16662        4271        2851

               total        used        free      shared  buff/cache   available
Mem:           14514        4254         720         168        9539        9754
Swap:           2147           3        2144
Total:         16662        4257        2865

               total        used        free      shared  buff/cache   available
Mem:           14514        4315         662         168        9536        9693
Swap:           2147           3        2144
Total:         16662        4318        2807

               total        used        free      shared  buff/cache   available
Mem:           14514        4320         654         168        9539        9688
Swap:           2147           3        2144
Total:         16662        4323        2798

               total        used        free      shared  buff/cache   available
Mem:           14514        4365         609         168        9539        9642
Swap:           2147           3        2144
Total:         16662        4369        2753

               total        used        free      shared  buff/cache   available
Mem:           14514        4312         662         168        9539        9695
Swap:           2147           3        2144
Total:         16662        4316        2806

               total        used        free      shared  buff/cache   available
Mem:           14514        4305         669         168        9539        9703
Swap:           2147           3        2144
Total:         16662        4308        2813

               total        used        free      shared  buff/cache   available
Mem:           14514        4274         700         168        9539        9733
Swap:           2147           3        2144
Total:         16662        4278        2844

               total        used        free      shared  buff/cache   available
Mem:           14514        4335         642         168        9536        9672
Swap:           2147           3        2144
Total:         16662        4339        2786

               total        used        free      shared  buff/cache   available
Mem:           14514        4379         594         168        9539        9628
Swap:           2147           3        2144
Total:         16662        4383        2738

               total        used        free      shared  buff/cache   available
Mem:           14514        4370         604         168        9539        9637
Swap:           2147           3        2144
Total:         16662        4374        2748

               total        used        free      shared  buff/cache   available
Mem:           14514        4327         647         168        9539        9680
Swap:           2147           3        2144
Total:         16662        4331        2791

               total        used        free      shared  buff/cache   available
Mem:           14514        4308         666         168        9539        9699
Swap:           2147           3        2144
Total:         16662        4312        2810

               total        used        free      shared  buff/cache   available
Mem:           14514        4299         675         168        9539        9709
Swap:           2147           3        2144
Total:         16662        4302        2819

               total        used        free      shared  buff/cache   available
Mem:           14514        4304         674         168        9535        9704
Swap:           2147           3        2144
Total:         16662        4307        2818

               total        used        free      shared  buff/cache   available
Mem:           14514        4404         572         168        9537        9603
Swap:           2147           3        2144
Total:         16662        4408        2716

               total        used        free      shared  buff/cache   available
Mem:           14514        4368         605         168        9539        9639
Swap:           2147           3        2144
Total:         16662        4372        2750

               total        used        free      shared  buff/cache   available
Mem:           14514        4364         609         168        9539        9643
Swap:           2147           3        2144
Total:         16662        4368        2753

               total        used        free      shared  buff/cache   available
Mem:           14514        4321         652         168        9539        9686
Swap:           2147           3        2144
Total:         16662        4325        2797

               total        used        free      shared  buff/cache   available
Mem:           14514        4308         666         168        9539        9700
Swap:           2147           3        2144
Total:         16662        4311        2810

               total        used        free      shared  buff/cache   available
Mem:           14514        4276         698         168        9539        9731
Swap:           2147           3        2144
Total:         16662        4280        2842

               total        used        free      shared  buff/cache   available
Mem:           14514        4395         582         168        9537        9613
Swap:           2147           3        2144
Total:         16662        4398        2726

               total        used        free      shared  buff/cache   available
Mem:           14514        4384         586         171        9543        9620
Swap:           2147           3        2144
Total:         16662        4388        2730

               total        used        free      shared  buff/cache   available
Mem:           14514        4378         592         171        9543        9626
Swap:           2147           3        2144
Total:         16662        4382        2736

               total        used        free      shared  buff/cache   available
Mem:           14514        4326         644         171        9543        9678
Swap:           2147           3        2144
Total:         16662        4330        2788

               total        used        free      shared  buff/cache   available
Mem:           14514        4290         683         168        9540        9717
Swap:           2147           3        2144
Total:         16662        4293        2828

               total        used        free      shared  buff/cache   available
Mem:           14514        4279         695         168        9540        9729
Swap:           2147           3        2144
Total:         16662        4282        2839

               total        used        free      shared  buff/cache   available
Mem:           14514        4395         581         168        9537        9613
Swap:           2147           3        2144
Total:         16662        4398        2725

               total        used        free      shared  buff/cache   available
Mem:           14514        4367         606         168        9540        9641
Swap:           2147           3        2144
Total:         16662        4370        2751

               total        used        free      shared  buff/cache   available
Mem:           14514        4361         612         168        9540        9646
Swap:           2147           3        2144
Total:         16662        4365        2756

               total        used        free      shared  buff/cache   available
Mem:           14514        4314         660         168        9540        9694
Swap:           2147           3        2144
Total:         16662        4317        2804

               total        used        free      shared  buff/cache   available
Mem:           14514        4290         683         168        9540        9717
Swap:           2147           3        2144
Total:         16662        4294        2827

               total        used        free      shared  buff/cache   available
Mem:           14514        4286         687         168        9540        9722
Swap:           2147           3        2144
Total:         16662        4289        2831

               total        used        free      shared  buff/cache   available
Mem:           14514        4334         642         168        9537        9673
Swap:           2147           3        2144
Total:         16662        4338        2786

               total        used        free      shared  buff/cache   available
Mem:           14514        4361         612         168        9540        9647
Swap:           2147           3        2144
Total:         16662        4364        2756

               total        used        free      shared  buff/cache   available
Mem:           14514        4353         620         168        9540        9655
Swap:           2147           3        2144
Total:         16662        4356        2764

               total        used        free      shared  buff/cache   available
Mem:           14514        4323         650         168        9540        9685
Swap:           2147           3        2144
Total:         16662        4326        2794

               total        used        free      shared  buff/cache   available
Mem:           14514        4276         697         168        9540        9731
Swap:           2147           3        2144
Total:         16662        4279        2841

               total        used        free      shared  buff/cache   available
Mem:           14514        4250         723         168        9540        9758
Swap:           2147           3        2144
Total:         16662        4253        2867

               total        used        free      shared  buff/cache   available
Mem:           14514        4283         694         168        9536        9724
Swap:           2147           3        2144
Total:         16662        4286        2838

               total        used        free      shared  buff/cache   available
Mem:           14514        4351         622         168        9540        9657
Swap:           2147           3        2144
Total:         16662        4354        2766

               total        used        free      shared  buff/cache   available
Mem:           14514        4349         624         168        9540        9658
Swap:           2147           3        2144
Total:         16662        4353        2768

               total        used        free      shared  buff/cache   available
Mem:           14514        4346         627         168        9540        9662
Swap:           2147           3        2144
Total:         16662        4349        2771

               total        used        free      shared  buff/cache   available
Mem:           14514        4279         693         168        9540        9728
Swap:           2147           3        2144
Total:         16662        4283        2838

               total        used        free      shared  buff/cache   available
Mem:           14514        4261         712         168        9540        9746
Swap:           2147           3        2144
Total:         16662        4265        2856

               total        used        free      shared  buff/cache   available
Mem:           14514        4221         756         168        9536        9787
Swap:           2147           3        2144
Total:         16662        4224        2900

               total        used        free      shared  buff/cache   available
Mem:           14514        4287         689         168        9538        9721
Swap:           2147           3        2144
Total:         16662        4290        2833

               total        used        free      shared  buff/cache   available
Mem:           14514        4324         649         168        9540        9684
Swap:           2147           3        2144
Total:         16662        4327        2793

               total        used        free      shared  buff/cache   available
Mem:           14514        4328         645         168        9540        9680
Swap:           2147           3        2144
Total:         16662        4331        2789

               total        used        free      shared  buff/cache   available
Mem:           14514        4259         713         168        9540        9748
Swap:           2147           3        2144
Total:         16662        4263        2857

               total        used        free      shared  buff/cache   available
Mem:           14514        4247         726         168        9540        9761
Swap:           2147           3        2144
Total:         16662        4250        2870

               total        used        free      shared  buff/cache   available
Mem:           14514        4206         767         168        9540        9802
Swap:           2147           3        2144
Total:         16662        4209        2911

               total        used        free      shared  buff/cache   available
Mem:           14514        4357         613         173        9543        9645
Swap:           2147           3        2144
Total:         16662        4360        2757

               total        used        free      shared  buff/cache   available
Mem:           14514        4332         634         173        9546        9669
Swap:           2147           3        2144
Total:         16662        4336        2779

               total        used        free      shared  buff/cache   available
Mem:           14514        4369         590         182        9555        9625
Swap:           2147           3        2144
Total:         16662        4372        2734

               total        used        free      shared  buff/cache   available
Mem:           14514        4318         643         179        9552        9678
Swap:           2147           3        2144
Total:         16662        4322        2787

               total        used        free      shared  buff/cache   available
Mem:           14514        4309         652         179        9552        9687
Swap:           2147           3        2144
Total:         16662        4313        2796

               total        used        free      shared  buff/cache   available
Mem:           14514        4304         658         179        9552        9693
Swap:           2147           3        2144
Total:         16662        4307        2802

               total        used        free      shared  buff/cache   available
Mem:           14514        4375         589         179        9549        9621
Swap:           2147           3        2144
Total:         16662        4379        2733

               total        used        free      shared  buff/cache   available
Mem:           14514        4411         551         179        9552        9586
Swap:           2147           3        2144
Total:         16662        4414        2695

               total        used        free      shared  buff/cache   available
Mem:           14514        4400         562         179        9552        9597
Swap:           2147           3        2144
Total:         16662        4403        2706

               total        used        free      shared  buff/cache   available
Mem:           14514        4349         613         179        9552        9648
Swap:           2147           3        2144
Total:         16662        4352        2757

               total        used        free      shared  buff/cache   available
Mem:           14514        4337         625         179        9552        9660
Swap:           2147           3        2144
Total:         16662        4340        2769

               total        used        free      shared  buff/cache   available
Mem:           14514        4326         635         179        9552        9670
Swap:           2147           3        2144
Total:         16662        4330        2779

               total        used        free      shared  buff/cache   available
Mem:           14514        4384         580         179        9548        9612
Swap:           2147           3        2144
Total:         16662        4388        2725

               total        used        free      shared  buff/cache   available
Mem:           14514        4486         476         179        9552        9511
Swap:           2147           3        2144
Total:         16662        4489        2620

               total        used        free      shared  buff/cache   available
Mem:           14514        4460         501         179        9552        9536
Swap:           2147           3        2144
Total:         16662        4464        2645

               total        used        free      shared  buff/cache   available
Mem:           14514        4459         502         179        9552        9538
Swap:           2147           3        2144
Total:         16662        4462        2646

               total        used        free      shared  buff/cache   available
Mem:           14514        4410         551         179        9552        9586
Swap:           2147           3        2144
Total:         16662        4414        2695

               total        used        free      shared  buff/cache   available
Mem:           14514        4385         576         179        9552        9611
Swap:           2147           3        2144
Total:         16662        4389        2720

               total        used        free      shared  buff/cache   available
Mem:           14514        4331         634         179        9548        9665
Swap:           2147           3        2144
Total:         16662        4334        2778

               total        used        free      shared  buff/cache   available
Mem:           14514        4438         526         179        9550        9559
Swap:           2147           3        2144
Total:         16662        4441        2670

               total        used        free      shared  buff/cache   available
Mem:           14514        4429         532         179        9552        9568
Swap:           2147           3        2144
Total:         16662        4432        2676

               total        used        free      shared  buff/cache   available
Mem:           14514        4422         539         179        9552        9575
Swap:           2147           3        2144
Total:         16662        4425        2683

               total        used        free      shared  buff/cache   available
Mem:           14514        4385         576         179        9552        9612
Swap:           2147           3        2144
Total:         16662        4388        2720

               total        used        free      shared  buff/cache   available
Mem:           14514        4377         584         179        9552        9620
Swap:           2147           3        2144
Total:         16662        4380        2728

               total        used        free      shared  buff/cache   available
Mem:           14514        4364         597         179        9552        9633
Swap:           2147           3        2144
Total:         16662        4367        2741

               total        used        free      shared  buff/cache   available
Mem:           14514        4464         500         179        9550        9533
Swap:           2147           3        2144
Total:         16662        4467        2644

               total        used        free      shared  buff/cache   available
Mem:           14514        4461         500         179        9553        9535
Swap:           2147           3        2144
Total:         16662        4465        2644

               total        used        free      shared  buff/cache   available
Mem:           14514        4456         505         179        9553        9541
Swap:           2147           3        2144
Total:         16662        4459        2649

               total        used        free      shared  buff/cache   available
Mem:           14514        4406         555         179        9553        9590
Swap:           2147           3        2144
Total:         16662        4410        2699

               total        used        free      shared  buff/cache   available
Mem:           14514        4393         568         179        9553        9603
Swap:           2147           3        2144
Total:         16662        4396        2712

               total        used        free      shared  buff/cache   available
Mem:           14514        4384         573         182        9556        9609
Swap:           2147           3        2144
Total:         16662        4387        2718

               total        used        free      shared  buff/cache   available
Mem:           14514        4399         561         182        9553        9594
Swap:           2147           3        2144
Total:         16662        4402        2705

               total        used        free      shared  buff/cache   available
Mem:           14514        4376         581         182        9556        9617
Swap:           2147           3        2144
Total:         16662        4380        2725

               total        used        free      shared  buff/cache   available
Mem:           14514        4383         577         179        9553        9613
Swap:           2147           3        2144
Total:         16662        4386        2722

               total        used        free      shared  buff/cache   available
Mem:           14514        4338         622         179        9553        9658
Swap:           2147           3        2144
Total:         16662        4341        2766

               total        used        free      shared  buff/cache   available
Mem:           14514        4317         644         179        9553        9680
Swap:           2147           3        2144
Total:         16662        4320        2788

               total        used        free      shared  buff/cache   available
Mem:           14514        4314         646         179        9553        9682
Swap:           2147           3        2144
Total:         16662        4317        2790

               total        used        free      shared  buff/cache   available
Mem:           14514        4336         628         179        9549        9661
Swap:           2147           3        2144
Total:         16662        4339        2772

               total        used        free      shared  buff/cache   available
Mem:           14514        4369         591         179        9553        9627
Swap:           2147           3        2144
Total:         16662        4373        2735

               total        used        free      shared  buff/cache   available
Mem:           14514        4367         593         179        9553        9630
Swap:           2147           3        2144
Total:         16662        4370        2737

               total        used        free      shared  buff/cache   available
Mem:           14514        4336         625         179        9553        9661
Swap:           2147           3        2144
Total:         16662        4339        2769

               total        used        free      shared  buff/cache   available
Mem:           14514        4318         642         179        9553        9679
Swap:           2147           3        2144
Total:         16662        4321        2786

               total        used        free      shared  buff/cache   available
Mem:           14514        4298         663         179        9553        9699
Swap:           2147           3        2144
Total:         16662        4301        2807

               total        used        free      shared  buff/cache   available
Mem:           14514        4300         664         179        9549        9697
Swap:           2147           3        2144
Total:         16662        4303        2809

               total        used        free      shared  buff/cache   available
Mem:           14514        4387         576         179        9551        9610
Swap:           2147           3        2144
Total:         16662        4390        2720

               total        used        free      shared  buff/cache   available
Mem:           14514        4357         603         179        9553        9640
Swap:           2147           3        2144
Total:         16662        4360        2748

               total        used        free      shared  buff/cache   available
Mem:           14514        4354         606         179        9553        9642
Swap:           2147           3        2144
Total:         16662        4357        2750

               total        used        free      shared  buff/cache   available
Mem:           14514        4315         645         179        9553        9681
Swap:           2147           3        2144
Total:         16662        4319        2789

               total        used        free      shared  buff/cache   available
Mem:           14514        4292         668         179        9553        9704
Swap:           2147           3        2144
Total:         16662        4296        2812

               total        used        free      shared  buff/cache   available
Mem:           14514        4251         709         179        9553        9745
Swap:           2147           3        2144
Total:         16662        4255        2853

               total        used        free      shared  buff/cache   available
Mem:           14514        4384         579         179        9550        9612
Swap:           2147           3        2144
Total:         16662        4387        2723

               total        used        free      shared  buff/cache   available
Mem:           14514        4354         606         179        9553        9642
Swap:           2147           3        2144
Total:         16662        4358        2750

               total        used        free      shared  buff/cache   available
Mem:           14514        4355         605         179        9553        9641
Swap:           2147           3        2144
Total:         16662        4358        2749

               total        used        free      shared  buff/cache   available
Mem:           14514        4310         650         179        9553        9686
Swap:           2147           3        2144
Total:         16662        4314        2794

               total        used        free      shared  buff/cache   available
Mem:           14514        4294         666         179        9553        9702
Swap:           2147           3        2144
Total:         16662        4298        2810

               total        used        free      shared  buff/cache   available
Mem:           14514        4265         694         179        9553        9731
Swap:           2147           3        2144
Total:         16662        4269        2839

               total        used        free      shared  buff/cache   available
Mem:           14514        4318         645         179        9550        9678
Swap:           2147           3        2144
Total:         16662        4321        2789

               total        used        free      shared  buff/cache   available
Mem:           14514        4367         593         179        9553        9629
Swap:           2147           3        2144
Total:         16662        4371        2737

               total        used        free      shared  buff/cache   available
Mem:           14514        4376         584         179        9553        9621
Swap:           2147           3        2144
Total:         16662        4379        2728

               total        used        free      shared  buff/cache   available
Mem:           14514        4333         626         179        9553        9663
Swap:           2147           3        2144
Total:         16662        4337        2771

               total        used        free      shared  buff/cache   available
Mem:           14514        4355         592         182        9566        9638
Swap:           2147           3        2144
Total:         16662        4359        2736

               total        used        free      shared  buff/cache   available
Mem:           14514        4367         589         182        9557        9626
Swap:           2147           3        2144
Total:         16662        4371        2733

               total        used        free      shared  buff/cache   available
Mem:           14514        4351         621         171        9542        9653
Swap:           2147           3        2144
Total:         16662        4354        2765

               total        used        free      shared  buff/cache   available
Mem:           14514        4438         535         168        9540        9569
Swap:           2147           3        2144
Total:         16662        4442        2679

               total        used        free      shared  buff/cache   available
Mem:           14514        4414         556         168        9543        9593
Swap:           2147           3        2144
Total:         16662        4417        2701

               total        used        free      shared  buff/cache   available
Mem:           14514        4387         584         168        9543        9621
Swap:           2147           3        2144
Total:         16662        4390        2728

               total        used        free      shared  buff/cache   available
Mem:           14514        4336         635         168        9543        9671
Swap:           2147           3        2144
Total:         16662        4339        2779

               total        used        free      shared  buff/cache   available
Mem:           14514        4320         651         168        9543        9688
Swap:           2147           3        2144
Total:         16662        4323        2795

               total        used        free      shared  buff/cache   available
Mem:           14514        4263         707         168        9543        9744
Swap:           2147           3        2144
Total:         16662        4267        2851

               total        used        free      shared  buff/cache   available
Mem:           14514        4373         600         168        9540        9634
Swap:           2147           3        2144
Total:         16662        4377        2744

               total        used        free      shared  buff/cache   available
Mem:           14514        4354         616         168        9543        9653
Swap:           2147           3        2144
Total:         16662        4358        2760

               total        used        free      shared  buff/cache   available
Mem:           14514        4345         626         168        9543        9663
Swap:           2147           3        2144
Total:         16662        4348        2770

               total        used        free      shared  buff/cache   available
Mem:           14514        4317         654         168        9543        9690
Swap:           2147           3        2144
Total:         16662        4320        2798

               total        used        free      shared  buff/cache   available
Mem:           14514        4312         658         168        9543        9695
Swap:           2147           3        2144
Total:         16662        4316        2802

               total        used        free      shared  buff/cache   available
Mem:           14514        4297         674         168        9543        9711
Swap:           2147           3        2144
Total:         16662        4300        2818

               total        used        free      shared  buff/cache   available
Mem:           14514        4414         559         168        9540        9593
Swap:           2147           3        2144
Total:         16662        4417        2703

               total        used        free      shared  buff/cache   available
Mem:           14514        4412         558         168        9543        9595
Swap:           2147           3        2144
Total:         16662        4416        2702

               total        used        free      shared  buff/cache   available
Mem:           14514        4413         557         168        9543        9594
Swap:           2147           3        2144
Total:         16662        4416        2701

               total        used        free      shared  buff/cache   available
Mem:           14514        4326         644         168        9543        9682
Swap:           2147           3        2144
Total:         16662        4329        2789

               total        used        free      shared  buff/cache   available
Mem:           14514        4309         661         168        9543        9698
Swap:           2147           3        2144
Total:         16662        4313        2805

               total        used        free      shared  buff/cache   available
Mem:           14514        4306         664         168        9543        9701
Swap:           2147           3        2144
Total:         16662        4309        2808

               total        used        free      shared  buff/cache   available
Mem:           14514        4368         606         168        9540        9640
Swap:           2147           3        2144
Total:         16662        4371        2750

               total        used        free      shared  buff/cache   available
Mem:           14514        4376         594         168        9543        9631
Swap:           2147           3        2144
Total:         16662        4379        2738

               total        used        free      shared  buff/cache   available
Mem:           14514        4374         596         168        9543        9634
Swap:           2147           3        2144
Total:         16662        4377        2741

               total        used        free      shared  buff/cache   available
Mem:           14514        4338         632         168        9543        9669
Swap:           2147           3        2144
Total:         16662        4341        2776

               total        used        free      shared  buff/cache   available
Mem:           14514        4320         650         168        9543        9687
Swap:           2147           3        2144
Total:         16662        4323        2794

               total        used        free      shared  buff/cache   available
Mem:           14514        4304         666         168        9543        9703
Swap:           2147           3        2144
Total:         16662        4308        2810

               total        used        free      shared  buff/cache   available
Mem:           14514        4340         634         168        9539        9668
Swap:           2147           3        2144
Total:         16662        4343        2778

               total        used        free      shared  buff/cache   available
Mem:           14514        4421         551         168        9541        9586
Swap:           2147           3        2144
Total:         16662        4424        2696

               total        used        free      shared  buff/cache   available
Mem:           14514        4385         585         168        9543        9622
Swap:           2147           3        2144
Total:         16662        4388        2729

               total        used        free      shared  buff/cache   available
Mem:           14514        4383         584         171        9546        9621
Swap:           2147           3        2144
Total:         16662        4386        2728

               total        used        free      shared  buff/cache   available
Mem:           14514        4316         651         171        9547        9688
Swap:           2147           3        2144
Total:         16662        4319        2795

               total        used        free      shared  buff/cache   available
Mem:           14514        4292         675         171        9547        9712
Swap:           2147           3        2144
Total:         16662        4295        2819

               total        used        free      shared  buff/cache   available
Mem:           14514        4244         726         168        9543        9763
Swap:           2147           3        2144
Total:         16662        4248        2870

               total        used        free      shared  buff/cache   available
Mem:           14514        4399         573         168        9541        9608
Swap:           2147           3        2144
Total:         16662        4403        2717

               total        used        free      shared  buff/cache   available
Mem:           14514        4347         623         168        9544        9661
Swap:           2147           3        2144
Total:         16662        4350        2767

               total        used        free      shared  buff/cache   available
Mem:           14514        4334         635         168        9544        9673
Swap:           2147           3        2144
Total:         16662        4338        2779

               total        used        free      shared  buff/cache   available
Mem:           14514        4298         672         168        9544        9709
Swap:           2147           3        2144
Total:         16662        4301        2816

               total        used        free      shared  buff/cache   available
Mem:           14514        4283         686         168        9544        9724
Swap:           2147           3        2144
Total:         16662        4287        2830

               total        used        free      shared  buff/cache   available
Mem:           14514        4268         702         168        9544        9740
Swap:           2147           3        2144
Total:         16662        4271        2846

               total        used        free      shared  buff/cache   available
Mem:           14514        4343         629         168        9541        9664
Swap:           2147           3        2144
Total:         16662        4347        2773

               total        used        free      shared  buff/cache   available
Mem:           14514        4375         594         168        9544        9632
Swap:           2147           3        2144
Total:         16662        4379        2738

               total        used        free      shared  buff/cache   available
Mem:           14514        4367         602         168        9544        9640
Swap:           2147           3        2144
Total:         16662        4370        2747

               total        used        free      shared  buff/cache   available
Mem:           14514        4381         459         168        9673        9626
Swap:           2147           3        2144
Total:         16662        4384        2603

               total        used        free      shared  buff/cache   available
Mem:           14514        4300         670         168        9544        9708
Swap:           2147           3        2144
Total:         16662        4303        2814

               total        used        free      shared  buff/cache   available
Mem:           14514        4252         717         168        9544        9755
Swap:           2147           3        2144
Total:         16662        4256        2861

               total        used        free      shared  buff/cache   available
Mem:           14514        4299         673         168        9541        9708
Swap:           2147           3        2144
Total:         16662        4303        2817

               total        used        free      shared  buff/cache   available
Mem:           14514        4338         631         168        9544        9669
Swap:           2147           3        2144
Total:         16662        4342        2775

               total        used        free      shared  buff/cache   available
Mem:           14514        4345         624         168        9544        9662
Swap:           2147           3        2144
Total:         16662        4349        2768

               total        used        free      shared  buff/cache   available
Mem:           14514        4311         658         168        9544        9696
Swap:           2147           3        2144
Total:         16662        4315        2802

               total        used        free      shared  buff/cache   available
Mem:           14514        4293         676         168        9544        9714
Swap:           2147           3        2144
Total:         16662        4297        2820

               total        used        free      shared  buff/cache   available
Mem:           14514        4264         705         168        9544        9743
Swap:           2147           3        2144
Total:         16662        4267        2850

               total        used        free      shared  buff/cache   available
Mem:           14514        4264         709         168        9540        9743
Swap:           2147           3        2144
Total:         16662        4268        2853

               total        used        free      shared  buff/cache   available
Mem:           14514        4355         616         168        9542        9652
Swap:           2147           3        2144
Total:         16662        4359        2761

               total        used        free      shared  buff/cache   available
Mem:           14514        4321         648         168        9544        9687
Swap:           2147           3        2144
Total:         16662        4324        2793

               total        used        free      shared  buff/cache   available
Mem:           14514        4307         662         168        9544        9700
Swap:           2147           3        2144
Total:         16662        4311        2806

               total        used        free      shared  buff/cache   available
Mem:           14514        4255         714         168        9544        9752
Swap:           2147           3        2144
Total:         16662        4258        2858

               total        used        free      shared  buff/cache   available
Mem:           14514        4256         713         168        9544        9751
Swap:           2147           3        2144
Total:         16662        4259        2857

               total        used        free      shared  buff/cache   available
Mem:           14514        4184         789         168        9540        9823
Swap:           2147           3        2144
Total:         16662        4188        2933

               total        used        free      shared  buff/cache   available
Mem:           14514        4352         620         168        9541        9655
Swap:           2147           3        2144
Total:         16662        4355        2764

               total        used        free      shared  buff/cache   available
Mem:           14514        4315         651         171        9547        9689
Swap:           2147           3        2144
Total:         16662        4319        2795

               total        used        free      shared  buff/cache   available
Mem:           14514        4312         654         171        9548        9692
Swap:           2147           3        2144
Total:         16662        4315        2798

               total        used        free      shared  buff/cache   available
Mem:           14514        4282         684         171        9548        9722
Swap:           2147           3        2144
Total:         16662        4285        2828

               total        used        free      shared  buff/cache   available
Mem:           14514        4276         693         168        9544        9731
Swap:           2147           3        2144
Total:         16662        4279        2837

               total        used        free      shared  buff/cache   available
Mem:           14514        4253         715         168        9544        9754
Swap:           2147           3        2144
Total:         16662        4257        2860

               total        used        free      shared  buff/cache   available
Mem:           14514        4294         677         168        9542        9713
Swap:           2147           3        2144
Total:         16662        4298        2821

               total        used        free      shared  buff/cache   available
Mem:           14514        4316         653         168        9545        9691
Swap:           2147           3        2144
Total:         16662        4319        2797

               total        used        free      shared  buff/cache   available
Mem:           14514        4331         638         168        9545        9677
Swap:           2147           3        2144
Total:         16662        4334        2782

               total        used        free      shared  buff/cache   available
Mem:           14514        4307         662         168        9545        9701
Swap:           2147           3        2144
Total:         16662        4310        2806

               total        used        free      shared  buff/cache   available
Mem:           14514        4263         706         168        9545        9744
Swap:           2147           3        2144
Total:         16662        4266        2850

               total        used        free      shared  buff/cache   available
Mem:           14514        4253         715         168        9545        9754
Swap:           2147           3        2144
Total:         16662        4257        2859

               total        used        free      shared  buff/cache   available
Mem:           14514        4276         696         168        9541        9731
Swap:           2147           3        2144
Total:         16662        4280        2840

               total        used        free      shared  buff/cache   available
Mem:           14514        4401         569         168        9543        9606
Swap:           2147           3        2144
Total:         16662        4405        2713

               total        used        free      shared  buff/cache   available
Mem:           14514        4363         605         168        9545        9644
Swap:           2147           3        2144
Total:         16662        4367        2749

               total        used        free      shared  buff/cache   available
Mem:           14514        4355         613         168        9545        9652
Swap:           2147           3        2144
Total:         16662        4358        2758

               total        used        free      shared  buff/cache   available
Mem:           14514        4314         654         168        9545        9693
Swap:           2147           3        2144
Total:         16662        4318        2798

               total        used        free      shared  buff/cache   available
Mem:           14514        4298         670         168        9545        9709
Swap:           2147           3        2144
Total:         16662        4302        2814

               total        used        free      shared  buff/cache   available
Mem:           14514        4229         743         168        9541        9778
Swap:           2147           3        2144
Total:         16662        4232        2887

               total        used        free      shared  buff/cache   available
Mem:           14514        4395         576         168        9542        9612
Swap:           2147           3        2144
Total:         16662        4398        2721

               total        used        free      shared  buff/cache   available
Mem:           14514        4372         596         168        9545        9635
Swap:           2147           3        2144
Total:         16662        4376        2740

               total        used        free      shared  buff/cache   available
Mem:           14514        4353         615         168        9545        9654
Swap:           2147           3        2144
Total:         16662        4357        2759

               total        used        free      shared  buff/cache   available
Mem:           14514        4330         638         168        9545        9677
Swap:           2147           3        2144
Total:         16662        4334        2782

               total        used        free      shared  buff/cache   available
Mem:           14514        4308         660         168        9545        9699
Swap:           2147           3        2144
Total:         16662        4311        2804

               total        used        free      shared  buff/cache   available
Mem:           14514        4297         671         168        9545        9710
Swap:           2147           3        2144
Total:         16662        4301        2815

               total        used        free      shared  buff/cache   available
Mem:           14514        4331         640         168        9542        9676
Swap:           2147           3        2144
Total:         16662        4335        2784

               total        used        free      shared  buff/cache   available
Mem:           14514        4377         591         168        9545        9630
Swap:           2147           3        2144
Total:         16662        4381        2735

               total        used        free      shared  buff/cache   available
Mem:           14514        4387         581         168        9545        9620
Swap:           2147           3        2144
Total:         16662        4390        2725

               total        used        free      shared  buff/cache   available
Mem:           14514        4326         643         168        9545        9682
Swap:           2147           3        2144
Total:         16662        4329        2787

               total        used        free      shared  buff/cache   available
Mem:           14514        4305         663         168        9545        9702
Swap:           2147           3        2144
Total:         16662        4309        2807

               total        used        free      shared  buff/cache   available
Mem:           14514        4284         684         168        9545        9723
Swap:           2147           3        2144
Total:         16662        4288        2828

               total        used        free      shared  buff/cache   available
Mem:           14514        4322         647         171        9544        9682
Swap:           2147           3        2144
Total:         16662        4326        2791

               total        used        free      shared  buff/cache   available
Mem:           14514        4417         550         171        9546        9587
Swap:           2147           3        2144
Total:         16662        4421        2694

               total        used        free      shared  buff/cache   available
Mem:           14514        4366         599         171        9548        9638
Swap:           2147           3        2144
Total:         16662        4369        2743

               total        used        free      shared  buff/cache   available
Mem:           14514        4353         615         168        9545        9654
Swap:           2147           3        2144
Total:         16662        4357        2759

               total        used        free      shared  buff/cache   available
Mem:           14514        4299         669         168        9545        9708
Swap:           2147           3        2144
Total:         16662        4302        2813

               total        used        free      shared  buff/cache   available
Mem:           14514        4279         689         168        9545        9728
Swap:           2147           3        2144
Total:         16662        4282        2833

               total        used        free      shared  buff/cache   available
Mem:           14514        4227         742         168        9544        9780
Swap:           2147           3        2144
Total:         16662        4231        2886

               total        used        free      shared  buff/cache   available
Mem:           14514        4368         603         168        9543        9639
Swap:           2147           3        2144
Total:         16662        4371        2747

               total        used        free      shared  buff/cache   available
Mem:           14514        4317         650         168        9546        9690
Swap:           2147           3        2144
Total:         16662        4321        2794

               total        used        free      shared  buff/cache   available
Mem:           14514        4312         655         168        9546        9695
Swap:           2147           3        2144
Total:         16662        4316        2799

               total        used        free      shared  buff/cache   available
Mem:           14514        4291         677         168        9546        9716
Swap:           2147           3        2144
Total:         16662        4294        2821

               total        used        free      shared  buff/cache   available
Mem:           14514        4271         696         168        9546        9736
Swap:           2147           3        2144
Total:         16662        4275        2841

               total        used        free      shared  buff/cache   available
Mem:           14514        4234         733         168        9546        9773
Swap:           2147           3        2144
Total:         16662        4238        2877

               total        used        free      shared  buff/cache   available
Mem:           14514        4317         653         168        9543        9690
Swap:           2147           3        2144
Total:         16662        4320        2798

               total        used        free      shared  buff/cache   available
Mem:           14514        4322         646         168        9546        9685
Swap:           2147           3        2144
Total:         16662        4325        2790

               total        used        free      shared  buff/cache   available
Mem:           14514        4329         638         168        9546        9678
Swap:           2147           3        2144
Total:         16662        4333        2782

               total        used        free      shared  buff/cache   available
Mem:           14514        4299         669         168        9546        9708
Swap:           2147           3        2144
Total:         16662        4302        2813

               total        used        free      shared  buff/cache   available
Mem:           14514        4282         686         168        9546        9725
Swap:           2147           3        2144
Total:         16662        4285        2830

               total        used        free      shared  buff/cache   available
Mem:           14514        4258         709         168        9546        9749
Swap:           2147           3        2144
Total:         16662        4262        2853

               total        used        free      shared  buff/cache   available
Mem:           14514        4310         661         168        9543        9697
Swap:           2147           3        2144
Total:         16662        4313        2805

               total        used        free      shared  buff/cache   available
Mem:           14514        4361         606         168        9546        9646
Swap:           2147           3        2144
Total:         16662        4365        2750

               total        used        free      shared  buff/cache   available
Mem:           14514        4343         625         168        9546        9664
Swap:           2147           3        2144
Total:         16662        4346        2769

               total        used        free      shared  buff/cache   available
Mem:           14514        4292         676         168        9546        9715
Swap:           2147           3        2144
Total:         16662        4295        2820

               total        used        free      shared  buff/cache   available
Mem:           14514        4268         700         168        9546        9739
Swap:           2147           3        2144
Total:         16662        4271        2844

               total        used        free      shared  buff/cache   available
Mem:           14514        4258         709         168        9546        9749
Swap:           2147           3        2144
Total:         16662        4262        2853

               total        used        free      shared  buff/cache   available
Mem:           14514        4297         675         168        9542        9710
Swap:           2147           3        2144
Total:         16662        4300        2819

               total        used        free      shared  buff/cache   available
Mem:           14514        4370         599         168        9543        9637
Swap:           2147           3        2144
Total:         16662        4374        2743

               total        used        free      shared  buff/cache   available
Mem:           14514        4317         650         168        9546        9690
Swap:           2147           3        2144
Total:         16662        4321        2794

               total        used        free      shared  buff/cache   available
Mem:           14514        4300         667         168        9546        9707
Swap:           2147           3        2144
Total:         16662        4303        2812

               total        used        free      shared  buff/cache   available
Mem:           14514        4269         698         168        9546        9738
Swap:           2147           3        2144
Total:         16662        4273        2842

               total        used        free      shared  buff/cache   available
Mem:           14514        4249         715         171        9549        9755
Swap:           2147           3        2144
Total:         16662        4253        2859

               total        used        free      shared  buff/cache   available
Mem:           14514        4191         776         171        9545        9813
Swap:           2147           3        2144
Total:         16662        4195        2920

               total        used        free      shared  buff/cache   available
Mem:           14514        4337         630         171        9547        9667
Swap:           2147           3        2144
Total:         16662        4340        2774

               total        used        free      shared  buff/cache   available
Mem:           14514        4304         663         168        9546        9703
Swap:           2147           3        2144
Total:         16662        4308        2807

               total        used        free      shared  buff/cache   available
Mem:           14514        4298         669         168        9546        9709
Swap:           2147           3        2144
Total:         16662        4302        2813

               total        used        free      shared  buff/cache   available
Mem:           14514        4267         700         168        9546        9740
Swap:           2147           3        2144
Total:         16662        4271        2844

               total        used        free      shared  buff/cache   available
Mem:           14514        4237         730         168        9546        9770
Swap:           2147           3        2144
Total:         16662        4241        2874

               total        used        free      shared  buff/cache   available
Mem:           14514        4225         742         168        9546        9782
Swap:           2147           3        2144
Total:         16662        4228        2886

               total        used        free      shared  buff/cache   available
Mem:           14514        4329         641         168        9544        9678
Swap:           2147           3        2144
Total:         16662        4332        2785

               total        used        free      shared  buff/cache   available
Mem:           14514        4320         647         168        9547        9687
Swap:           2147           3        2144
Total:         16662        4323        2791

               total        used        free      shared  buff/cache   available
Mem:           14514        4320         647         168        9547        9687
Swap:           2147           3        2144
Total:         16662        4324        2791

               total        used        free      shared  buff/cache   available
Mem:           14514        4304         663         168        9547        9703
Swap:           2147           3        2144
Total:         16662        4307        2807

               total        used        free      shared  buff/cache   available
Mem:           14514        4296         670         168        9547        9711
Swap:           2147           3        2144
Total:         16662        4300        2814

               total        used        free      shared  buff/cache   available
Mem:           14514        4296         671         168        9547        9711
Swap:           2147           3        2144
Total:         16662        4299        2815

               total        used        free      shared  buff/cache   available
Mem:           14514        4337         632         168        9543        9670
Swap:           2147           3        2144
Total:         16662        4341        2777

               total        used        free      shared  buff/cache   available
Mem:           14514        4386         580         168        9547        9621
Swap:           2147           3        2144
Total:         16662        4390        2724

               total        used        free      shared  buff/cache   available
Mem:           14514        4393         574         168        9547        9614
Swap:           2147           3        2144
Total:         16662        4396        2718

               total        used        free      shared  buff/cache   available
Mem:           14514        4310         657         168        9547        9697
Swap:           2147           3        2144
Total:         16662        4313        2801

               total        used        free      shared  buff/cache   available
Mem:           14514        4302         664         168        9547        9705
Swap:           2147           3        2144
Total:         16662        4306        2808

               total        used        free      shared  buff/cache   available
Mem:           14514        4286         681         168        9547        9721
Swap:           2147           3        2144
Total:         16662        4289        2825

               total        used        free      shared  buff/cache   available
Mem:           14514        4332         638         168        9543        9675
Swap:           2147           3        2144
Total:         16662        4335        2783

               total        used        free      shared  buff/cache   available
Mem:           14514        4422         546         168        9545        9585
Swap:           2147           3        2144
Total:         16662        4426        2690

               total        used        free      shared  buff/cache   available
Mem:           14514        4374         593         168        9547        9633
Swap:           2147           3        2144
Total:         16662        4377        2737

               total        used        free      shared  buff/cache   available
Mem:           14514        4371         595         168        9547        9636
Swap:           2147           3        2144
Total:         16662        4374        2739

               total        used        free      shared  buff/cache   available
Mem:           14514        4314         652         168        9547        9693
Swap:           2147           3        2144
Total:         16662        4318        2796

               total        used        free      shared  buff/cache   available
Mem:           14514        4304         663         168        9547        9703
Swap:           2147           3        2144
Total:         16662        4307        2807

               total        used        free      shared  buff/cache   available
Mem:           14514        4258         708         168        9547        9749
Swap:           2147           3        2144
Total:         16662        4262        2852

               total        used        free      shared  buff/cache   available
Mem:           14514        4395         574         168        9544        9612
Swap:           2147           3        2144
Total:         16662        4398        2718

               total        used        free      shared  buff/cache   available
Mem:           14514        4379         587         168        9547        9628
Swap:           2147           3        2144
Total:         16662        4382        2731

               total        used        free      shared  buff/cache   available
Mem:           14514        4388         578         168        9547        9619
Swap:           2147           3        2144
Total:         16662        4391        2722

               total        used        free      shared  buff/cache   available
Mem:           14514        4323         640         172        9550        9681
Swap:           2147           3        2144
Total:         16662        4326        2784

               total        used        free      shared  buff/cache   available
Mem:           14514        4312         651         171        9550        9692
Swap:           2147           3        2144
Total:         16662        4315        2795

               total        used        free      shared  buff/cache   available
Mem:           14514        4290         673         171        9550        9714
Swap:           2147           3        2144
Total:         16662        4293        2817

               total        used        free      shared  buff/cache   available
Mem:           14514        4369         600         168        9545        9638
Swap:           2147           3        2144
Total:         16662        4372        2744

               total        used        free      shared  buff/cache   available
Mem:           14514        4363         603         168        9547        9644
Swap:           2147           3        2144
Total:         16662        4367        2747

               total        used        free      shared  buff/cache   available
Mem:           14514        4356         610         168        9547        9651
Swap:           2147           3        2144
Total:         16662        4360        2754

               total        used        free      shared  buff/cache   available
Mem:           14514        4302         664         168        9547        9705
Swap:           2147           3        2144
Total:         16662        4306        2808

               total        used        free      shared  buff/cache   available
Mem:           14514        4292         673         168        9547        9714
Swap:           2147           3        2144
Total:         16662        4296        2817

               total        used        free      shared  buff/cache   available
Mem:           14514        4283         682         168        9547        9724
Swap:           2147           3        2144
Total:         16662        4287        2827

               total        used        free      shared  buff/cache   available
Mem:           14514        4324         645         168        9544        9683
Swap:           2147           3        2144
Total:         16662        4327        2789

               total        used        free      shared  buff/cache   available
Mem:           14514        4362         604         168        9548        9645
Swap:           2147           3        2144
Total:         16662        4365        2748

               total        used        free      shared  buff/cache   available
Mem:           14514        4358         607         168        9548        9649
Swap:           2147           3        2144
Total:         16662        4362        2751

               total        used        free      shared  buff/cache   available
Mem:           14514        4280         686         168        9548        9727
Swap:           2147           3        2144
Total:         16662        4283        2830

               total        used        free      shared  buff/cache   available
Mem:           14514        4264         702         168        9548        9743
Swap:           2147           3        2144
Total:         16662        4267        2846

               total        used        free      shared  buff/cache   available
Mem:           14514        4254         712         168        9548        9753
Swap:           2147           3        2144
Total:         16662        4258        2856

               total        used        free      shared  buff/cache   available
Mem:           14514        4292         678         168        9544        9715
Swap:           2147           3        2144
Total:         16662        4295        2822

               total        used        free      shared  buff/cache   available
Mem:           14514        4397         571         168        9545        9609
Swap:           2147           3        2144
Total:         16662        4401        2715

               total        used        free      shared  buff/cache   available
Mem:           14514        4356         609         168        9548        9650
Swap:           2147           3        2144
Total:         16662        4360        2753

               total        used        free      shared  buff/cache   available
Mem:           14514        4330         635         168        9548        9676
Swap:           2147           3        2144
Total:         16662        4334        2779

               total        used        free      shared  buff/cache   available
Mem:           14514        4285         680         168        9548        9722
Swap:           2147           3        2144
Total:         16662        4289        2824

               total        used        free      shared  buff/cache   available
Mem:           14514        4273         693         168        9548        9734
Swap:           2147           3        2144
Total:         16662        4277        2837

               total        used        free      shared  buff/cache   available
Mem:           14514        4224         745         168        9544        9783
Swap:           2147           3        2144
Total:         16662        4227        2889

               total        used        free      shared  buff/cache   available
Mem:           14514        4361         607         168        9545        9646
Swap:           2147           3        2144
Total:         16662        4365        2751

               total        used        free      shared  buff/cache   available
Mem:           14514        4321         644         168        9548        9686
Swap:           2147           3        2144
Total:         16662        4324        2789

               total        used        free      shared  buff/cache   available
Mem:           14514        4319         646         168        9548        9687
Swap:           2147           3        2144
Total:         16662        4323        2790

               total        used        free      shared  buff/cache   available
Mem:           14514        4275         691         168        9548        9732
Swap:           2147           3        2144
Total:         16662        4278        2835

               total        used        free      shared  buff/cache   available
Mem:           14514        4250         716         168        9548        9757
Swap:           2147           3        2144
Total:         16662        4253        2860

               total        used        free      shared  buff/cache   available
Mem:           14514        4237         729         168        9548        9770
Swap:           2147           3        2144
Total:         16662        4240        2873

               total        used        free      shared  buff/cache   available
Mem:           14514        4316         652         168        9545        9690
Swap:           2147           3        2144
Total:         16662        4320        2796

               total        used        free      shared  buff/cache   available
Mem:           14514        4368         597         168        9548        9639
Swap:           2147           3        2144
Total:         16662        4371        2741

               total        used        free      shared  buff/cache   available
Mem:           14514        4359         603         172        9551        9644
Swap:           2147           3        2144
Total:         16662        4363        2747

               total        used        free      shared  buff/cache   available
Mem:           14514        4313         649         172        9551        9691
Swap:           2147           3        2144
Total:         16662        4316        2793

               total        used        free      shared  buff/cache   available
Mem:           14514        4290         672         172        9551        9714
Swap:           2147           3        2144
Total:         16662        4293        2816

               total        used        free      shared  buff/cache   available
Mem:           14514        4269         696         168        9548        9738
Swap:           2147           3        2144
Total:         16662        4272        2840

               total        used        free      shared  buff/cache   available
Mem:           14514        4314         654         168        9545        9693
Swap:           2147           3        2144
Total:         16662        4317        2798

               total        used        free      shared  buff/cache   available
Mem:           14514        4330         635         168        9548        9677
Swap:           2147           3        2144
Total:         16662        4333        2779

               total        used        free      shared  buff/cache   available
Mem:           14514        4329         636         168        9548        9678
Swap:           2147           3        2144
Total:         16662        4332        2780

               total        used        free      shared  buff/cache   available
Mem:           14514        4271         694         168        9548        9736
Swap:           2147           3        2144
Total:         16662        4275        2838

               total        used        free      shared  buff/cache   available
Mem:           14514        4255         710         168        9548        9752
Swap:           2147           3        2144
Total:         16662        4259        2854

               total        used        free      shared  buff/cache   available
Mem:           14514        4248         717         168        9548        9759
Swap:           2147           3        2144
Total:         16662        4251        2861

               total        used        free      shared  buff/cache   available
Mem:           14514        4280         689         168        9544        9727
Swap:           2147           3        2144
Total:         16662        4283        2833

               total        used        free      shared  buff/cache   available
Mem:           14514        4388         579         168        9547        9619
Swap:           2147           3        2144
Total:         16662        4391        2723

               total        used        free      shared  buff/cache   available
Mem:           14514        4388         576         168        9548        9618
Swap:           2147           3        2144
Total:         16662        4392        2721

               total        used        free      shared  buff/cache   available
Mem:           14514        4374         591         168        9548        9633
Swap:           2147           3        2144
Total:         16662        4377        2735

               total        used        free      shared  buff/cache   available
Mem:           14514        4313         652         168        9548        9694
Swap:           2147           3        2144
Total:         16662        4316        2796

               total        used        free      shared  buff/cache   available
Mem:           14514        4293         672         168        9548        9714
Swap:           2147           3        2144
Total:         16662        4296        2816

               total        used        free      shared  buff/cache   available
Mem:           14514        4276         693         168        9544        9731
Swap:           2147           3        2144
Total:         16662        4279        2837

               total        used        free      shared  buff/cache   available
Mem:           14514        4387         580         168        9546        9619
Swap:           2147           3        2144
Total:         16662        4391        2724

               total        used        free      shared  buff/cache   available
Mem:           14514        4372         592         168        9549        9634
Swap:           2147           3        2144
Total:         16662        4376        2736

               total        used        free      shared  buff/cache   available
Mem:           14514        4352         613         168        9549        9655
Swap:           2147           3        2144
Total:         16662        4355        2757

               total        used        free      shared  buff/cache   available
Mem:           14514        4320         645         168        9549        9687
Swap:           2147           3        2144
Total:         16662        4323        2789

               total        used        free      shared  buff/cache   available
Mem:           14514        4292         673         168        9549        9715
Swap:           2147           3        2144
Total:         16662        4295        2817

               total        used        free      shared  buff/cache   available
Mem:           14514        4263         702         168        9549        9744
Swap:           2147           3        2144
Total:         16662        4266        2846

               total        used        free      shared  buff/cache   available
Mem:           14514        4381         587         167        9545        9627
Swap:           2147           3        2144
Total:         16662        4384        2731

               total        used        free      shared  buff/cache   available
Mem:           14514        4377         589         167        9548        9631
Swap:           2147           3        2144
Total:         16662        4380        2733

               total        used        free      shared  buff/cache   available
Mem:           14514        4378         588         167        9548        9630
Swap:           2147           3        2144
Total:         16662        4381        2732

               total        used        free      shared  buff/cache   available
Mem:           14514        4336         630         167        9548        9672
Swap:           2147           3        2144
Total:         16662        4339        2774

               total        used        free      shared  buff/cache   available
Mem:           14514        4304         662         167        9548        9704
Swap:           2147           3        2144
Total:         16662        4307        2806

               total        used        free      shared  buff/cache   available
Mem:           14514        4300         665         167        9548        9707
Swap:           2147           3        2144
Total:         16662        4304        2809

               total        used        free      shared  buff/cache   available
Mem:           14514        4344         624         167        9545        9663
Swap:           2147           3        2144
Total:         16662        4348        2768

               total        used        free      shared  buff/cache   available
Mem:           14514        4338         624         171        9551        9667
Swap:           2147           3        2144
Total:         16662        4341        2768

               total        used        free      shared  buff/cache   available
Mem:           14514        4338         624         171        9551        9667
Swap:           2147           3        2144
Total:         16662        4341        2768

               total        used        free      shared  buff/cache   available
Mem:           14514        4280         682         171        9551        9725
Swap:           2147           3        2144
Total:         16662        4283        2826

               total        used        free      shared  buff/cache   available
Mem:           14514        4267         698         167        9548        9741
Swap:           2147           3        2144
Total:         16662        4270        2842

               total        used        free      shared  buff/cache   available
Mem:           14514        4269         696         167        9548        9739
Swap:           2147           3        2144
Total:         16662        4272        2840

               total        used        free      shared  buff/cache   available
Mem:           14514        4264         705         167        9544        9744
Swap:           2147           3        2144
Total:         16662        4267        2850

               total        used        free      shared  buff/cache   available
Mem:           14514        4383         585         167        9545        9625
Swap:           2147           3        2144
Total:         16662        4387        2729

               total        used        free      shared  buff/cache   available
Mem:           14514        4349         616         167        9548        9659
Swap:           2147           3        2144
Total:         16662        4352        2760

               total        used        free      shared  buff/cache   available
Mem:           14514        4333         632         167        9548        9675
Swap:           2147           3        2144
Total:         16662        4337        2776

               total        used        free      shared  buff/cache   available
Mem:           14514        4286         679         167        9548        9722
Swap:           2147           3        2144
Total:         16662        4289        2823

               total        used        free      shared  buff/cache   available
Mem:           14514        4277         688         167        9548        9731
Swap:           2147           3        2144
Total:         16662        4280        2832

               total        used        free      shared  buff/cache   available
Mem:           14514        4228         737         167        9548        9780
Swap:           2147           3        2144
Total:         16662        4232        2881

               total        used        free      shared  buff/cache   available
Mem:           14514        4374         594         167        9546        9634
Swap:           2147           3        2144
Total:         16662        4377        2738

               total        used        free      shared  buff/cache   available
Mem:           14514        4339         626         167        9548        9669
Swap:           2147           3        2144
Total:         16662        4342        2770

               total        used        free      shared  buff/cache   available
Mem:           14514        4329         636         167        9548        9679
Swap:           2147           3        2144
Total:         16662        4333        2780

               total        used        free      shared  buff/cache   available
Mem:           14514        4288         677         167        9548        9720
Swap:           2147           3        2144
Total:         16662        4292        2821

               total        used        free      shared  buff/cache   available
Mem:           14514        4282         683         167        9548        9726
Swap:           2147           3        2144
Total:         16662        4285        2827

               total        used        free      shared  buff/cache   available
Mem:           14514        4280         685         167        9548        9728
Swap:           2147           3        2144
Total:         16662        4283        2829

               total        used        free      shared  buff/cache   available
Mem:           14514        4324         644         167        9545        9684
Swap:           2147           3        2144
Total:         16662        4328        2788

               total        used        free      shared  buff/cache   available
Mem:           14514        4361         603         167        9549        9647
Swap:           2147           3        2144
Total:         16662        4365        2748

               total        used        free      shared  buff/cache   available
Mem:           14514        4351         613         167        9549        9656
Swap:           2147           3        2144
Total:         16662        4355        2757

               total        used        free      shared  buff/cache   available
Mem:           14514        4313         652         167        9549        9695
Swap:           2147           3        2144
Total:         16662        4316        2796

               total        used        free      shared  buff/cache   available
Mem:           14514        4283         682         167        9549        9725
Swap:           2147           3        2144
Total:         16662        4286        2826

               total        used        free      shared  buff/cache   available
Mem:           14514        4279         685         167        9549        9729
Swap:           2147           3        2144
Total:         16662        4283        2829

               total        used        free      shared  buff/cache   available
Mem:           14514        4295         674         167        9545        9713
Swap:           2147           3        2144
Total:         16662        4298        2818

               total        used        free      shared  buff/cache   available
Mem:           14514        4394         573         167        9547        9614
Swap:           2147           3        2144
Total:         16662        4397        2717

               total        used        free      shared  buff/cache   available
Mem:           14514        4344         620         167        9549        9663
Swap:           2147           3        2144
Total:         16662        4348        2764

               total        used        free      shared  buff/cache   available
Mem:           14514        4334         630         167        9549        9674
Swap:           2147           3        2144
Total:         16662        4338        2774

               total        used        free      shared  buff/cache   available
Mem:           14514        4296         669         168        9549        9712
Swap:           2147           3        2144
Total:         16662        4299        2813

               total        used        free      shared  buff/cache   available
Mem:           14514        4275         689         168        9549        9732
Swap:           2147           3        2144
Total:         16662        4279        2833

               total        used        free      shared  buff/cache   available
Mem:           14514        4301         662         173        9551        9701
Swap:           2147           3        2144
Total:         16662        4304        2806

               total        used        free      shared  buff/cache   available
Mem:           14514        4411         550         173        9552        9591
Swap:           2147           3        2144
Total:         16662        4414        2694

               total        used        free      shared  buff/cache   available
Mem:           14514        4402         550         179        9561        9594
Swap:           2147           3        2144
Total:         16662        4406        2694

               total        used        free      shared  buff/cache   available
Mem:           14514        4399         556         176        9558        9600
Swap:           2147           3        2144
Total:         16662        4403        2700

               total        used        free      shared  buff/cache   available
Mem:           14514        4348         607         176        9558        9651
Swap:           2147           3        2144
Total:         16662        4352        2751

               total        used        free      shared  buff/cache   available
Mem:           14514        4324         631         176        9558        9675
Swap:           2147           3        2144
Total:         16662        4328        2775

               total        used        free      shared  buff/cache   available
Mem:           14514        4299         656         176        9558        9700
Swap:           2147           3        2144
Total:         16662        4303        2800

               total        used        free      shared  buff/cache   available
Mem:           14514        4409         549         176        9556        9590
Swap:           2147           3        2144
Total:         16662        4412        2693

               total        used        free      shared  buff/cache   available
Mem:           14514        4336         619         176        9559        9663
Swap:           2147           3        2144
Total:         16662        4339        2763

               total        used        free      shared  buff/cache   available
Mem:           14514        4335         620         176        9559        9664
Swap:           2147           3        2144
Total:         16662        4338        2764

               total        used        free      shared  buff/cache   available
Mem:           14514        4297         657         176        9559        9702
Swap:           2147           3        2144
Total:         16662        4301        2801

               total        used        free      shared  buff/cache   available
Mem:           14514        4290         665         176        9559        9709
Swap:           2147           3        2144
Total:         16662        4293        2809

               total        used        free      shared  buff/cache   available
Mem:           14514        4314         640         176        9559        9685
Swap:           2147           3        2144
Total:         16662        4318        2784

               total        used        free      shared  buff/cache   available
Mem:           14514        4411         546         176        9556        9588
Swap:           2147           3        2144
Total:         16662        4415        2690

               total        used        free      shared  buff/cache   available
Mem:           14514        4417         538         176        9559        9583
Swap:           2147           3        2144
Total:         16662        4420        2682

               total        used        free      shared  buff/cache   available
Mem:           14514        4412         542         176        9559        9587
Swap:           2147           3        2144
Total:         16662        4415        2686

               total        used        free      shared  buff/cache   available
Mem:           14514        4350         604         176        9559        9649
Swap:           2147           3        2144
Total:         16662        4354        2748

               total        used        free      shared  buff/cache   available
Mem:           14514        4349         605         176        9559        9650
Swap:           2147           3        2144
Total:         16662        4352        2750

               total        used        free      shared  buff/cache   available
Mem:           14514        4333         621         176        9559        9666
Swap:           2147           3        2144
Total:         16662        4337        2765

               total        used        free      shared  buff/cache   available
Mem:           14514        4379         579         176        9556        9620
Swap:           2147           3        2144
Total:         16662        4382        2723

               total        used        free      shared  buff/cache   available
Mem:           14514        4409         545         176        9559        9590
Swap:           2147           3        2144
Total:         16662        4412        2689

               total        used        free      shared  buff/cache   available
Mem:           14514        4414         540         176        9559        9585
Swap:           2147           3        2144
Total:         16662        4418        2684

               total        used        free      shared  buff/cache   available
Mem:           14514        4369         585         176        9559        9630
Swap:           2147           3        2144
Total:         16662        4372        2729

               total        used        free      shared  buff/cache   available
Mem:           14514        4352         602         176        9559        9647
Swap:           2147           3        2144
Total:         16662        4355        2746

               total        used        free      shared  buff/cache   available
Mem:           14514        4351         603         176        9559        9648
Swap:           2147           3        2144
Total:         16662        4355        2747

               total        used        free      shared  buff/cache   available
Mem:           14514        4392         566         176        9555        9608
Swap:           2147           3        2144
Total:         16662        4395        2711

               total        used        free      shared  buff/cache   available
Mem:           14514        4501         453         179        9560        9495
Swap:           2147           3        2144
Total:         16662        4504        2597

               total        used        free      shared  buff/cache   available
Mem:           14514        4460         510         160        9543        9555
Swap:           2147           3        2144
Total:         16662        4463        2654

               total        used        free      shared  buff/cache   available
Mem:           14514        4461         509         160        9543        9554
Swap:           2147           3        2144
Total:         16662        4464        2653

               total        used        free      shared  buff/cache   available
Mem:           14514        4416         557         157        9540        9602
Swap:           2147           3        2144
Total:         16662        4419        2701

               total        used        free      shared  buff/cache   available
Mem:           14514        4403         567         160        9543        9612
Swap:           2147           3        2144
Total:         16662        4406        2711

               total        used        free      shared  buff/cache   available
Mem:           14514        4320         654         160        9539        9695
Swap:           2147           3        2144
Total:         16662        4324        2798

               total        used        free      shared  buff/cache   available
Mem:           14514        4417         552         164        9544        9594
Swap:           2147           3        2144
Total:         16662        4421        2696

               total        used        free      shared  buff/cache   available
Mem:           14514        4431         536         164        9547        9581
Swap:           2147           3        2144
Total:         16662        4434        2680

               total        used        free      shared  buff/cache   available
Mem:           14514        4418         549         164        9547        9594
Swap:           2147           3        2144
Total:         16662        4421        2693

               total        used        free      shared  buff/cache   available
Mem:           14514        4352         614         164        9547        9659
Swap:           2147           3        2144
Total:         16662        4356        2758

               total        used        free      shared  buff/cache   available
Mem:           14514        4349         620         161        9544        9665
Swap:           2147           3        2144
Total:         16662        4353        2764

               total        used        free      shared  buff/cache   available
Mem:           14514        4316         654         161        9544        9699
Swap:           2147           3        2144
Total:         16662        4319        2798

               total        used        free      shared  buff/cache   available
Mem:           14514        4416         556         161        9541        9599
Swap:           2147           3        2144
Total:         16662        4419        2700

               total        used        free      shared  buff/cache   available
Mem:           14514        4389         584         157        9541        9629
Swap:           2147           3        2144
Total:         16662        4392        2728

               total        used        free      shared  buff/cache   available
Mem:           14514        4378         595         157        9541        9640
Swap:           2147           3        2144
Total:         16662        4381        2739

               total        used        free      shared  buff/cache   available
Mem:           14514        4348         625         157        9541        9670
Swap:           2147           3        2144
Total:         16662        4351        2769

               total        used        free      shared  buff/cache   available
Mem:           14514        4300         672         157        9541        9718
Swap:           2147           3        2144
Total:         16662        4304        2816

               total        used        free      shared  buff/cache   available
Mem:           14514        4290         683         157        9540        9729
Swap:           2147           3        2144
Total:         16662        4293        2827

               total        used        free      shared  buff/cache   available
Mem:           14514        4359         617         157        9537        9660
Swap:           2147           3        2144
Total:         16662        4362        2761

               total        used        free      shared  buff/cache   available
Mem:           14514        4409         564         157        9540        9610
Swap:           2147           3        2144
Total:         16662        4412        2708

               total        used        free      shared  buff/cache   available
Mem:           14514        4411         563         157        9540        9608
Swap:           2147           3        2144
Total:         16662        4414        2707

               total        used        free      shared  buff/cache   available
Mem:           14514        4365         608         157        9540        9654
Swap:           2147           3        2144
Total:         16662        4368        2752

               total        used        free      shared  buff/cache   available
Mem:           14514        4347         626         157        9540        9672
Swap:           2147           3        2144
Total:         16662        4350        2770

               total        used        free      shared  buff/cache   available
Mem:           14514        4324         649         157        9540        9694
Swap:           2147           3        2144
Total:         16662        4328        2793

               total        used        free      shared  buff/cache   available
Mem:           14514        4354         623         157        9536        9665
Swap:           2147           3        2144
Total:         16662        4357        2767

               total        used        free      shared  buff/cache   available
Mem:           14514        4441         534         157        9538        9577
Swap:           2147           3        2144
Total:         16662        4444        2678

               total        used        free      shared  buff/cache   available
Mem:           14514        4375         598         157        9540        9644
Swap:           2147           3        2144
Total:         16662        4378        2742

               total        used        free      shared  buff/cache   available
Mem:           14514        4362         611         157        9540        9656
Swap:           2147           3        2144
Total:         16662        4366        2755

               total        used        free      shared  buff/cache   available
Mem:           14514        4349         624         157        9540        9669
Swap:           2147           3        2144
Total:         16662        4353        2768

               total        used        free      shared  buff/cache   available
Mem:           14514        4336         637         157        9540        9683
Swap:           2147           3        2144
Total:         16662        4339        2781

               total        used        free      shared  buff/cache   available
Mem:           14514        4262         713         157        9539        9757
Swap:           2147           3        2144
Total:         16662        4265        2857

               total        used        free      shared  buff/cache   available
Mem:           14514        4401         575         157        9537        9618
Swap:           2147           3        2144
Total:         16662        4404        2719

               total        used        free      shared  buff/cache   available
Mem:           14514        4366         607         157        9540        9652
Swap:           2147           3        2144
Total:         16662        4370        2751

               total        used        free      shared  buff/cache   available
Mem:           14514        4376         597         157        9540        9643
Swap:           2147           3        2144
Total:         16662        4379        2741

               total        used        free      shared  buff/cache   available
Mem:           14514        4340         630         160        9544        9675
Swap:           2147           3        2144
Total:         16662        4343        2774

               total        used        free      shared  buff/cache   available
Mem:           14514        4325         645         160        9544        9690
Swap:           2147           3        2144
Total:         16662        4328        2789

               total        used        free      shared  buff/cache   available
Mem:           14514        4292         680         157        9541        9726
Swap:           2147           3        2144
Total:         16662        4295        2824

               total        used        free      shared  buff/cache   available
Mem:           14514        4375         604         154        9535        9647
Swap:           2147           3        2144
Total:         16662        4378        2748

               total        used        free      shared  buff/cache   available
Mem:           14514        4373         602         154        9538        9648
Swap:           2147           3        2144
Total:         16662        4377        2746

               total        used        free      shared  buff/cache   available
Mem:           14514        4379         596         154        9538        9642
Swap:           2147           3        2144
Total:         16662        4383        2740

               total        used        free      shared  buff/cache   available
Mem:           14514        4338         637         154        9538        9683
Swap:           2147           3        2144
Total:         16662        4341        2781

               total        used        free      shared  buff/cache   available
Mem:           14514        4316         659         154        9538        9705
Swap:           2147           3        2144
Total:         16662        4320        2803

               total        used        free      shared  buff/cache   available
Mem:           14514        4302         673         154        9538        9719
Swap:           2147           3        2144
Total:         16662        4305        2817

               total        used        free      shared  buff/cache   available
Mem:           14514        4334         644         154        9535        9687
Swap:           2147           3        2144
Total:         16662        4337        2789

               total        used        free      shared  buff/cache   available
Mem:           14514        4358         617         154        9538        9663
Swap:           2147           3        2144
Total:         16662        4362        2761

               total        used        free      shared  buff/cache   available
Mem:           14514        4352         623         154        9538        9669
Swap:           2147           3        2144
Total:         16662        4355        2767

               total        used        free      shared  buff/cache   available
Mem:           14514        4373         602         154        9538        9648
Swap:           2147           3        2144
Total:         16662        4376        2746

               total        used        free      shared  buff/cache   available
Mem:           14514        4322         653         154        9538        9699
Swap:           2147           3        2144
Total:         16662        4325        2797

               total        used        free      shared  buff/cache   available
Mem:           14514        4303         672         154        9538        9718
Swap:           2147           3        2144
Total:         16662        4307        2816

               total        used        free      shared  buff/cache   available
Mem:           14514        4351         628         154        9534        9671
Swap:           2147           3        2144
Total:         16662        4354        2772

               total        used        free      shared  buff/cache   available
Mem:           14514        4434         544         154        9536        9587
Swap:           2147           3        2144
Total:         16662        4437        2688

               total        used        free      shared  buff/cache   available
Mem:           14514        4391         581         156        9540        9628
Swap:           2147           3        2144
Total:         16662        4395        2726

               total        used        free      shared  buff/cache   available
Mem:           14514        4387         585         156        9540        9632
Swap:           2147           3        2144
Total:         16662        4391        2729

               total        used        free      shared  buff/cache   available
Mem:           14514        4336         637         156        9541        9683
Swap:           2147           3        2144
Total:         16662        4339        2781

               total        used        free      shared  buff/cache   available
Mem:           14514        4318         653         158        9542        9699
Swap:           2147           3        2144
Total:         16662        4322        2797

               total        used        free      shared  buff/cache   available
Mem:           14514        4274         702         157        9537        9744
Swap:           2147           3        2144
Total:         16662        4278        2846

               total        used        free      shared  buff/cache   available
Mem:           14514        4370         610         151        9533        9654
Swap:           2147           3        2144
Total:         16662        4373        2754

               total        used        free      shared  buff/cache   available
Mem:           14514        4393         584         151        9536        9631
Swap:           2147           3        2144
Total:         16662        4397        2728

               total        used        free      shared  buff/cache   available
Mem:           14514        4401         575         152        9537        9622
Swap:           2147           3        2144
Total:         16662        4405        2719

               total        used        free      shared  buff/cache   available
Mem:           14514        4337         640         152        9537        9686
Swap:           2147           3        2144
Total:         16662        4340        2784

               total        used        free      shared  buff/cache   available
Mem:           14514        4335         642         152        9537        9688
Swap:           2147           3        2144
Total:         16662        4338        2786

               total        used        free      shared  buff/cache   available
Mem:           14514        4319         657         152        9537        9704
Swap:           2147           3        2144
Total:         16662        4323        2801

               total        used        free      shared  buff/cache   available
Mem:           14514        4426         553         152        9534        9597
Swap:           2147           3        2144
Total:         16662        4429        2697

               total        used        free      shared  buff/cache   available
Mem:           14514        4410         560         159        9543        9607
Swap:           2147           3        2144
Total:         16662        4413        2704

               total        used        free      shared  buff/cache   available
Mem:           14514        4407         567         159        9540        9610
Swap:           2147           3        2144
Total:         16662        4410        2711

               total        used        free      shared  buff/cache   available
Mem:           14514        4355         623         154        9535        9666
Swap:           2147           3        2144
Total:         16662        4358        2767

               total        used        free      shared  buff/cache   available
Mem:           14514        4316         666         151        9532        9709
Swap:           2147           3        2144
Total:         16662        4319        2810

               total        used        free      shared  buff/cache   available
Mem:           14514        4325         654         154        9535        9697
Swap:           2147           3        2144
Total:         16662        4328        2798

               total        used        free      shared  buff/cache   available
Mem:           14514        4369         613         154        9532        9653
Swap:           2147           3        2144
Total:         16662        4372        2757

               total        used        free      shared  buff/cache   available
Mem:           14514        4385         594         154        9535        9637
Swap:           2147           3        2144
Total:         16662        4388        2738

               total        used        free      shared  buff/cache   available
Mem:           14514        4382         600         150        9532        9643
Swap:           2147           3        2144
Total:         16662        4385        2744

               total        used        free      shared  buff/cache   available
Mem:           14514        4318         664         150        9532        9707
Swap:           2147           3        2144
Total:         16662        4322        2808

               total        used        free      shared  buff/cache   available
Mem:           14514        4299         680         154        9535        9723
Swap:           2147           3        2144
Total:         16662        4302        2824

               total        used        free      shared  buff/cache   available
Mem:           14514        4282         698         151        9532        9742
Swap:           2147           3        2144
Total:         16662        4286        2842

               total        used        free      shared  buff/cache   available
Mem:           14514        4321         664         151        9529        9703
Swap:           2147           3        2144
Total:         16662        4324        2808

               total        used        free      shared  buff/cache   available
Mem:           14514        4446         540         148        9527        9581
Swap:           2147           3        2144
Total:         16662        4449        2684

               total        used        free      shared  buff/cache   available
Mem:           14514        4371         613         148        9529        9656
Swap:           2147           3        2144
Total:         16662        4374        2757

               total        used        free      shared  buff/cache   available
Mem:           14514        4367         616         148        9529        9660
Swap:           2147           3        2144
Total:         16662        4371        2760

               total        used        free      shared  buff/cache   available
Mem:           14514        4305         679         148        9529        9722
Swap:           2147           3        2144
Total:         16662        4308        2823

               total        used        free      shared  buff/cache   available
Mem:           14514        4287         696         148        9529        9740
Swap:           2147           3        2144
Total:         16662        4291        2840

               total        used        free      shared  buff/cache   available
Mem:           14514        4248         740         148        9526        9779
Swap:           2147           3        2144
Total:         16662        4251        2884

               total        used        free      shared  buff/cache   available
Mem:           14514        4383         603         148        9527        9644
Swap:           2147           3        2144
Total:         16662        4386        2748

               total        used        free      shared  buff/cache   available
Mem:           14514        4329         654         148        9530        9698
Swap:           2147           3        2144
Total:         16662        4333        2798

               total        used        free      shared  buff/cache   available
Mem:           14514        4339         645         148        9530        9688
Swap:           2147           3        2144
Total:         16662        4342        2789

               total        used        free      shared  buff/cache   available
Mem:           14514        4289         694         148        9530        9738
Swap:           2147           3        2144
Total:         16662        4292        2839

               total        used        free      shared  buff/cache   available
Mem:           14514        4274         709         148        9530        9753
Swap:           2147           3        2144
Total:         16662        4278        2853

               total        used        free      shared  buff/cache   available
Mem:           14514        4254         729         148        9530        9773
Swap:           2147           3        2144
Total:         16662        4258        2873

               total        used        free      shared  buff/cache   available
Mem:           14514        4347         640         148        9527        9681
Swap:           2147           3        2144
Total:         16662        4350        2784

               total        used        free      shared  buff/cache   available
Mem:           14514        4314         670         148        9530        9713
Swap:           2147           3        2144
Total:         16662        4317        2814

               total        used        free      shared  buff/cache   available
Mem:           14514        4317         666         148        9530        9710
Swap:           2147           3        2144
Total:         16662        4320        2811

               total        used        free      shared  buff/cache   available
Mem:           14514        4279         704         148        9530        9748
Swap:           2147           3        2144
Total:         16662        4282        2849

               total        used        free      shared  buff/cache   available
Mem:           14514        4269         714         148        9530        9758
Swap:           2147           3        2144
Total:         16662        4273        2858

               total        used        free      shared  buff/cache   available
Mem:           14514        4251         732         148        9530        9776
Swap:           2147           3        2144
Total:         16662        4255        2876

               total        used        free      shared  buff/cache   available
Mem:           14514        4304         682         148        9527        9723
Swap:           2147           3        2144
Total:         16662        4307        2826

               total        used        free      shared  buff/cache   available
Mem:           14514        4339         641         151        9533        9685
Swap:           2147           3        2144
Total:         16662        4342        2785

               total        used        free      shared  buff/cache   available
Mem:           14514        4334         646         151        9533        9690
Swap:           2147           3        2144
Total:         16662        4338        2790

               total        used        free      shared  buff/cache   available
Mem:           14514        4332         648         151        9533        9692
Swap:           2147           3        2144
Total:         16662        4336        2792

               total        used        free      shared  buff/cache   available
Mem:           14514        4374         479         148        9660        9653
Swap:           2147           3        2144
Total:         16662        4378        2623

               total        used        free      shared  buff/cache   available
Mem:           14514        4297         686         148        9530        9730
Swap:           2147           3        2144
Total:         16662        4300        2830

               total        used        free      shared  buff/cache   available
Mem:           14514        4352         635         148        9526        9676
Swap:           2147           3        2144
Total:         16662        4355        2779

               total        used        free      shared  buff/cache   available
Mem:           14514        4439         545         148        9529        9588
Swap:           2147           3        2144
Total:         16662        4443        2689

               total        used        free      shared  buff/cache   available
Mem:           14514        4405         578         148        9530        9622
Swap:           2147           3        2144
Total:         16662        4409        2722

               total        used        free      shared  buff/cache   available
Mem:           14514        4384         599         148        9530        9643
Swap:           2147           3        2144
Total:         16662        4387        2743

               total        used        free      shared  buff/cache   available
Mem:           14514        4332         651         148        9530        9695
Swap:           2147           3        2144
Total:         16662        4336        2795

               total        used        free      shared  buff/cache   available
Mem:           14514        4312         671         148        9530        9715
Swap:           2147           3        2144
Total:         16662        4315        2815

               total        used        free      shared  buff/cache   available
Mem:           14514        4276         708         148        9530        9751
Swap:           2147           3        2144
Total:         16662        4279        2852

               total        used        free      shared  buff/cache   available
Mem:           14514        4433         552         148        9528        9594
Swap:           2147           3        2144
Total:         16662        4436        2696

               total        used        free      shared  buff/cache   available
Mem:           14514        4424         558         148        9531        9603
Swap:           2147           3        2144
Total:         16662        4428        2702

               total        used        free      shared  buff/cache   available
Mem:           14514        4420         562         148        9531        9607
Swap:           2147           3        2144
Total:         16662        4424        2706

               total        used        free      shared  buff/cache   available
Mem:           14514        4350         632         148        9531        9677
Swap:           2147           3        2144
Total:         16662        4353        2776

               total        used        free      shared  buff/cache   available
Mem:           14514        4331         652         148        9531        9696
Swap:           2147           3        2144
Total:         16662        4334        2796

               total        used        free      shared  buff/cache   available
Mem:           14514        4322         660         148        9531        9705
Swap:           2147           3        2144
Total:         16662        4325        2804

               total        used        free      shared  buff/cache   available
Mem:           14514        4388         597         148        9529        9639
Swap:           2147           3        2144
Total:         16662        4391        2741

               total        used        free      shared  buff/cache   available
Mem:           14514        4395         587         148        9532        9632
Swap:           2147           3        2144
Total:         16662        4398        2731

               total        used        free      shared  buff/cache   available
Mem:           14514        4400         581         148        9532        9627
Swap:           2147           3        2144
Total:         16662        4404        2725

               total        used        free      shared  buff/cache   available
Mem:           14514        4324         658         148        9532        9703
Swap:           2147           3        2144
Total:         16662        4327        2802

               total        used        free      shared  buff/cache   available
Mem:           14514        4315         667         148        9532        9712
Swap:           2147           3        2144
Total:         16662        4318        2811

               total        used        free      shared  buff/cache   available
Mem:           14514        4310         671         148        9532        9717
Swap:           2147           3        2144
Total:         16662        4314        2815

               total        used        free      shared  buff/cache   available
Mem:           14514        4339         646         148        9528        9688
Swap:           2147           3        2144
Total:         16662        4343        2790

               total        used        free      shared  buff/cache   available
Mem:           14514        4362         620         148        9532        9665
Swap:           2147           3        2144
Total:         16662        4365        2764

               total        used        free      shared  buff/cache   available
Mem:           14514        4355         627         148        9532        9672
Swap:           2147           3        2144
Total:         16662        4358        2771

               total        used        free      shared  buff/cache   available
Mem:           14514        4358         623         148        9532        9669
Swap:           2147           3        2144
Total:         16662        4362        2768

               total        used        free      shared  buff/cache   available
Mem:           14514        4321         661         148        9532        9706
Swap:           2147           3        2144
Total:         16662        4325        2805

               total        used        free      shared  buff/cache   available
Mem:           14514        4309         669         151        9535        9714
Swap:           2147           3        2144
Total:         16662        4313        2813

               total        used        free      shared  buff/cache   available
Mem:           14514        4315         667         151        9531        9709
Swap:           2147           3        2144
Total:         16662        4318        2811

               total        used        free      shared  buff/cache   available
Mem:           14514        4400         581         151        9532        9624
Swap:           2147           3        2144
Total:         16662        4403        2725

               total        used        free      shared  buff/cache   available
Mem:           14514        4342         639         149        9532        9685
Swap:           2147           3        2144
Total:         16662        4345        2783

               total        used        free      shared  buff/cache   available
Mem:           14514        4331         651         148        9532        9696
Swap:           2147           3        2144
Total:         16662        4334        2795

               total        used        free      shared  buff/cache   available
Mem:           14514        4293         689         148        9532        9734
Swap:           2147           3        2144
Total:         16662        4296        2833

               total        used        free      shared  buff/cache   available
Mem:           14514        4289         692         148        9532        9738
Swap:           2147           3        2144
Total:         16662        4292        2836

               total        used        free      shared  buff/cache   available
Mem:           14514        4244         738         148        9532        9783
Swap:           2147           3        2144
Total:         16662        4247        2882

               total        used        free      shared  buff/cache   available
Mem:           14514        4385         599         148        9529        9642
Swap:           2147           3        2144
Total:         16662        4389        2743

               total        used        free      shared  buff/cache   available
Mem:           14514        4343         638         148        9532        9684
Swap:           2147           3        2144
Total:         16662        4346        2782

               total        used        free      shared  buff/cache   available
Mem:           14514        4336         645         148        9532        9691
Swap:           2147           3        2144
Total:         16662        4339        2789

               total        used        free      shared  buff/cache   available
Mem:           14514        4302         680         148        9532        9725
Swap:           2147           3        2144
Total:         16662        4305        2824

               total        used        free      shared  buff/cache   available
Mem:           14514        4297         684         148        9532        9730
Swap:           2147           3        2144
Total:         16662        4301        2828

               total        used        free      shared  buff/cache   available
Mem:           14514        4255         726         148        9532        9772
Swap:           2147           3        2144
Total:         16662        4259        2870

               total        used        free      shared  buff/cache   available
Mem:           14514        4334         650         148        9529        9693
Swap:           2147           3        2144
Total:         16662        4338        2794

               total        used        free      shared  buff/cache   available
Mem:           14514        4334         647         148        9532        9693
Swap:           2147           3        2144
Total:         16662        4337        2792

               total        used        free      shared  buff/cache   available
Mem:           14514        4341         640         148        9532        9686
Swap:           2147           3        2144
Total:         16662        4345        2784

               total        used        free      shared  buff/cache   available
Mem:           14514        4299         683         148        9532        9728
Swap:           2147           3        2144
Total:         16662        4302        2827

               total        used        free      shared  buff/cache   available
Mem:           14514        4283         699         148        9532        9744
Swap:           2147           3        2144
Total:         16662        4286        2843

               total        used        free      shared  buff/cache   available
Mem:           14514        4264         717         148        9532        9763
Swap:           2147           3        2144
Total:         16662        4267        2861

               total        used        free      shared  buff/cache   available
Mem:           14514        4291         694         148        9528        9736
Swap:           2147           3        2144
Total:         16662        4295        2838

               total        used        free      shared  buff/cache   available
Mem:           14514        4373         608         148        9532        9654
Swap:           2147           3        2144
Total:         16662        4376        2752

               total        used        free      shared  buff/cache   available
Mem:           14514        4338         643         148        9532        9689
Swap:           2147           3        2144
Total:         16662        4341        2787

               total        used        free      shared  buff/cache   available
Mem:           14514        4341         640         148        9532        9686
Swap:           2147           3        2144
Total:         16662        4344        2784

               total        used        free      shared  buff/cache   available
Mem:           14514        4294         687         148        9532        9733
Swap:           2147           3        2144
Total:         16662        4297        2831

               total        used        free      shared  buff/cache   available
Mem:           14514        4290         691         148        9532        9737
Swap:           2147           3        2144
Total:         16662        4293        2835

               total        used        free      shared  buff/cache   available
Mem:           14514        4220         765         148        9528        9807
Swap:           2147           3        2144
Total:         16662        4223        2909

               total        used        free      shared  buff/cache   available
Mem:           14514        4378         605         148        9530        9649
Swap:           2147           3        2144
Total:         16662        4382        2749

               total        used        free      shared  buff/cache   available
Mem:           14514        4369         611         148        9533        9658
Swap:           2147           3        2144
Total:         16662        4373        2755

               total        used        free      shared  buff/cache   available
Mem:           14514        4357         623         148        9533        9670
Swap:           2147           3        2144
Total:         16662        4361        2767

               total        used        free      shared  buff/cache   available
Mem:           14514        4301         677         152        9536        9723
Swap:           2147           3        2144
Total:         16662        4304        2821

               total        used        free      shared  buff/cache   available
Mem:           14514        4280         698         152        9536        9744
Swap:           2147           3        2144
Total:         16662        4283        2842

               total        used        free      shared  buff/cache   available
Mem:           14514        4225         752         151        9536        9799
Swap:           2147           3        2144
Total:         16662        4228        2896

               total        used        free      shared  buff/cache   available
Mem:           14514        4358         625         148        9530        9669
Swap:           2147           3        2144
Total:         16662        4361        2769

               total        used        free      shared  buff/cache   available
Mem:           14514        4334         646         148        9533        9693
Swap:           2147           3        2144
Total:         16662        4337        2790

               total        used        free      shared  buff/cache   available
Mem:           14514        4337         644         148        9533        9690
Swap:           2147           3        2144
Total:         16662        4340        2788

               total        used        free      shared  buff/cache   available
Mem:           14514        4287         693         148        9533        9740
Swap:           2147           3        2144
Total:         16662        4290        2837

               total        used        free      shared  buff/cache   available
Mem:           14514        4277         703         148        9533        9750
Swap:           2147           3        2144
Total:         16662        4281        2847

               total        used        free      shared  buff/cache   available
Mem:           14514        4261         719         148        9533        9765
Swap:           2147           3        2144
Total:         16662        4265        2863

               total        used        free      shared  buff/cache   available
Mem:           14514        4338         645         148        9530        9689
Swap:           2147           3        2144
Total:         16662        4341        2789

               total        used        free      shared  buff/cache   available
Mem:           14514        4344         637         148        9533        9683
Swap:           2147           3        2144
Total:         16662        4347        2781

               total        used        free      shared  buff/cache   available
Mem:           14514        4343         638         148        9533        9684
Swap:           2147           3        2144
Total:         16662        4346        2782

               total        used        free      shared  buff/cache   available
Mem:           14514        4289         691         148        9533        9738
Swap:           2147           3        2144
Total:         16662        4292        2835

               total        used        free      shared  buff/cache   available
Mem:           14514        4305         675         148        9533        9722
Swap:           2147           3        2144
Total:         16662        4308        2820

               total        used        free      shared  buff/cache   available
Mem:           14514        4299         681         148        9533        9728
Swap:           2147           3        2144
Total:         16662        4303        2825

               total        used        free      shared  buff/cache   available
Mem:           14514        4332         652         148        9529        9694
Swap:           2147           3        2144
Total:         16662        4336        2796

               total        used        free      shared  buff/cache   available
Mem:           14514        4363         618         148        9533        9664
Swap:           2147           3        2144
Total:         16662        4366        2762

               total        used        free      shared  buff/cache   available
Mem:           14514        4352         628         148        9533        9675
Swap:           2147           3        2144
Total:         16662        4355        2773

               total        used        free      shared  buff/cache   available
Mem:           14514        4344         636         148        9533        9683
Swap:           2147           3        2144
Total:         16662        4347        2780

               total        used        free      shared  buff/cache   available
Mem:           14514        4299         681         148        9533        9728
Swap:           2147           3        2144
Total:         16662        4302        2825

               total        used        free      shared  buff/cache   available
Mem:           14514        4289         691         148        9533        9738
Swap:           2147           3        2144
Total:         16662        4292        2835

               total        used        free      shared  buff/cache   available
Mem:           14514        4290         694         148        9529        9737
Swap:           2147           3        2144
Total:         16662        4294        2838

               total        used        free      shared  buff/cache   available
Mem:           14514        4391         591         148        9531        9635
Swap:           2147           3        2144
Total:         16662        4395        2735

               total        used        free      shared  buff/cache   available
Mem:           14514        4347         633         148        9533        9680
Swap:           2147           3        2144
Total:         16662        4351        2777

               total        used        free      shared  buff/cache   available
Mem:           14514        4336         644         148        9533        9691
Swap:           2147           3        2144
Total:         16662        4340        2788

               total        used        free      shared  buff/cache   available
Mem:           14514        4300         680         148        9533        9727
Swap:           2147           3        2144
Total:         16662        4303        2824

               total        used        free      shared  buff/cache   available
Mem:           14514        4280         700         148        9533        9747
Swap:           2147           3        2144
Total:         16662        4283        2844

               total        used        free      shared  buff/cache   available
Mem:           14514        4253         727         148        9533        9774
Swap:           2147           3        2144
Total:         16662        4257        2871

               total        used        free      shared  buff/cache   available
Mem:           14514        4381         602         148        9530        9646
Swap:           2147           3        2144
Total:         16662        4384        2746

               total        used        free      shared  buff/cache   available
Mem:           14514        4359         621         148        9533        9668
Swap:           2147           3        2144
Total:         16662        4362        2765

               total        used        free      shared  buff/cache   available
Mem:           14514        4358         619         152        9537        9666
Swap:           2147           3        2144
Total:         16662        4361        2763

               total        used        free      shared  buff/cache   available
Mem:           14514        4307         670         152        9537        9717
Swap:           2147           3        2144
Total:         16662        4310        2814

               total        used        free      shared  buff/cache   available
Mem:           14514        4295         681         152        9537        9729
Swap:           2147           3        2144
Total:         16662        4298        2825

               total        used        free      shared  buff/cache   available
Mem:           14514        4271         708         148        9534        9755
Swap:           2147           3        2144
Total:         16662        4275        2852

               total        used        free      shared  buff/cache   available
Mem:           14514        4308         675         148        9530        9719
Swap:           2147           3        2144
Total:         16662        4311        2819

               total        used        free      shared  buff/cache   available
Mem:           14514        4369         610         148        9534        9657
Swap:           2147           3        2144
Total:         16662        4373        2754

               total        used        free      shared  buff/cache   available
Mem:           14514        4360         619         148        9534        9666
Swap:           2147           3        2144
Total:         16662        4364        2763

               total        used        free      shared  buff/cache   available
Mem:           14514        4381         598         148        9534        9645
Swap:           2147           3        2144
Total:         16662        4385        2742

               total        used        free      shared  buff/cache   available
Mem:           14514        4354         626         148        9534        9673
Swap:           2147           3        2144
Total:         16662        4357        2770

               total        used        free      shared  buff/cache   available
Mem:           14514        4323         656         148        9534        9704
Swap:           2147           3        2144
Total:         16662        4326        2800

               total        used        free      shared  buff/cache   available
Mem:           14514        4301         682         148        9530        9726
Swap:           2147           3        2144
Total:         16662        4304        2826

               total        used        free      shared  buff/cache   available
Mem:           14514        4366         616         148        9531        9661
Swap:           2147           3        2144
Total:         16662        4369        2760

               total        used        free      shared  buff/cache   available
Mem:           14514        4352         627         148        9534        9675
Swap:           2147           3        2144
Total:         16662        4355        2772

               total        used        free      shared  buff/cache   available
Mem:           14514        4322         657         148        9534        9705
Swap:           2147           3        2144
Total:         16662        4325        2801

               total        used        free      shared  buff/cache   available
Mem:           14514        4245         735         149        9534        9782
Swap:           2147           3        2144
Total:         16662        4248        2879

               total        used        free      shared  buff/cache   available
Mem:           14514        4242         738         149        9534        9785
Swap:           2147           3        2144
Total:         16662        4245        2882

               total        used        free      shared  buff/cache   available
Mem:           14514        4218         762         148        9534        9809
Swap:           2147           3        2144
Total:         16662        4221        2906

               total        used        free      shared  buff/cache   available
Mem:           14514        4341         641         149        9531        9686
Swap:           2147           3        2144
Total:         16662        4344        2785

               total        used        free      shared  buff/cache   available
Mem:           14514        4305         674         149        9534        9722
Swap:           2147           3        2144
Total:         16662        4308        2818

               total        used        free      shared  buff/cache   available
Mem:           14514        4304         675         149        9534        9722
Swap:           2147           3        2144
Total:         16662        4308        2819

               total        used        free      shared  buff/cache   available
Mem:           14514        4243         736         149        9534        9784
Swap:           2147           3        2144
Total:         16662        4246        2880

               total        used        free      shared  buff/cache   available
Mem:           14514        4243         736         149        9534        9784
Swap:           2147           3        2144
Total:         16662        4246        2880

               total        used        free      shared  buff/cache   available
Mem:           14514        4236         743         149        9534        9791
Swap:           2147           3        2144
Total:         16662        4240        2887

               total        used        free      shared  buff/cache   available
Mem:           14514        4327         655         149        9531        9700
Swap:           2147           3        2144
Total:         16662        4330        2799

               total        used        free      shared  buff/cache   available
Mem:           14514        4283         695         149        9534        9743
Swap:           2147           3        2144
Total:         16662        4287        2839

               total        used        free      shared  buff/cache   available
Mem:           14514        4290         689         149        9534        9737
Swap:           2147           3        2144
Total:         16662        4293        2833

               total        used        free      shared  buff/cache   available
Mem:           14514        4262         717         149        9534        9765
Swap:           2147           3        2144
Total:         16662        4265        2861

               total        used        free      shared  buff/cache   available
Mem:           14514        4253         726         149        9534        9774
Swap:           2147           3        2144
Total:         16662        4256        2870

               total        used        free      shared  buff/cache   available
Mem:           14514        4241         737         149        9534        9785
Swap:           2147           3        2144
Total:         16662        4245        2881

               total        used        free      shared  buff/cache   available
Mem:           14514        4276         707         149        9530        9751
Swap:           2147           3        2144
Total:         16662        4279        2851

               total        used        free      shared  buff/cache   available
Mem:           14514        4352         628         149        9534        9675
Swap:           2147           3        2144
Total:         16662        4355        2772

               total        used        free      shared  buff/cache   available
Mem:           14514        4295         681         152        9538        9729
Swap:           2147           3        2144
Total:         16662        4298        2825

               total        used        free      shared  buff/cache   available
Mem:           14514        4297         678         152        9538        9726
Swap:           2147           3        2144
Total:         16662        4301        2822

               total        used        free      shared  buff/cache   available
Mem:           14514        4256         719         152        9538        9768
Swap:           2147           3        2144
Total:         16662        4259        2863

               total        used        free      shared  buff/cache   available
Mem:           14514        4244         735         149        9535        9783
Swap:           2147           3        2144
Total:         16662        4247        2879

               total        used        free      shared  buff/cache   available
Mem:           14514        4199         784         148        9531        9828
Swap:           2147           3        2144
Total:         16662        4202        2928

               total        used        free      shared  buff/cache   available
Mem:           14514        4197         786         148        9531        9830
Swap:           2147           3        2144
Total:         16662        4200        2930

               total        used        free      shared  buff/cache   available
Mem:           14514        4189         794         148        9531        9838
Swap:           2147           3        2144
Total:         16662        4192        2938

               total        used        free      shared  buff/cache   available
Mem:           14514        4185         798         148        9531        9842
Swap:           2147           3        2144
Total:         16662        4188        2942

               total        used        free      shared  buff/cache   available
Mem:           14514        4181         801         148        9531        9846
Swap:           2147           3        2144
Total:         16662        4184        2945

               total        used        free      shared  buff/cache   available
Mem:           14514        4179         803         148        9531        9848
Swap:           2147           3        2144
Total:         16662        4182        2948

               total        used        free      shared  buff/cache   available
Mem:           14514        4178         805         148        9531        9849
Swap:           2147           3        2144
Total:         16662        4181        2949

               total        used        free      shared  buff/cache   available
Mem:           14514        4174         808         148        9531        9853
Swap:           2147           3        2144
Total:         16662        4178        2952

               total        used        free      shared  buff/cache   available
Mem:           14514        4213         769         148        9531        9814
Swap:           2147           3        2144
Total:         16662        4217        2913

               total        used        free      shared  buff/cache   available
Mem:           14514        4213         770         148        9531        9814
Swap:           2147           3        2144
Total:         16662        4216        2914
