               total        used        free      shared  buff/cache   available
Mem:           14514        4466         672         178        9375        9531
Swap:           2147           3        2144
Total:         16662        4470        2817

               total        used        free      shared  buff/cache   available
Mem:           14514        4471         668         178        9375        9527
Swap:           2147           3        2144
Total:         16662        4474        2812

               total        used        free      shared  buff/cache   available
Mem:           14514        4474         665         178        9375        9524
Swap:           2147           3        2144
Total:         16662        4477        2809

               total        used        free      shared  buff/cache   available
Mem:           14514        4472         667         178        9375        9526
Swap:           2147           3        2144
Total:         16662        4475        2811

               total        used        free      shared  buff/cache   available
Mem:           14514        4468         670         178        9375        9529
Swap:           2147           3        2144
Total:         16662        4472        2814

               total        used        free      shared  buff/cache   available
Mem:           14514        4465         676         174        9372        9535
Swap:           2147           3        2144
Total:         16662        4469        2820

               total        used        free      shared  buff/cache   available
Mem:           14514        4463         679         174        9372        9538
Swap:           2147           3        2144
Total:         16662        4466        2823

               total        used        free      shared  buff/cache   available
Mem:           14514        4462         680         174        9372        9539
Swap:           2147           3        2144
Total:         16662        4465        2824

               total        used        free      shared  buff/cache   available
Mem:           14514        4460         681         174        9372        9540
Swap:           2147           3        2144
Total:         16662        4464        2825

               total        used        free      shared  buff/cache   available
Mem:           14514        4460         682         174        9372        9541
Swap:           2147           3        2144
Total:         16662        4463        2826

               total        used        free      shared  buff/cache   available
Mem:           14514        4459         682         174        9372        9542
Swap:           2147           3        2144
Total:         16662        4463        2827

               total        used        free      shared  buff/cache   available
Mem:           14514        4590         551         175        9373        9411
Swap:           2147           3        2144
Total:         16662        4593        2695

               total        used        free      shared  buff/cache   available
Mem:           14514        4581         555         175        9377        9420
Swap:           2147           3        2144
Total:         16662        4584        2699

               total        used        free      shared  buff/cache   available
Mem:           14514        4579         557         175        9377        9422
Swap:           2147           3        2144
Total:         16662        4582        2701

               total        used        free      shared  buff/cache   available
Mem:           14514        4570         566         175        9377        9430
Swap:           2147           3        2144
Total:         16662        4574        2710

               total        used        free      shared  buff/cache   available
Mem:           14514        4525         611         175        9377        9476
Swap:           2147           3        2144
Total:         16662        4528        2755

               total        used        free      shared  buff/cache   available
Mem:           14514        4522         614         175        9377        9479
Swap:           2147           3        2144
Total:         16662        4525        2758

               total        used        free      shared  buff/cache   available
Mem:           14514        4559         574         178        9380        9438
Swap:           2147           3        2144
Total:         16662        4563        2718

               total        used        free      shared  buff/cache   available
Mem:           14514        4563         569         178        9381        9434
Swap:           2147           3        2144
Total:         16662        4567        2713

               total        used        free      shared  buff/cache   available
Mem:           14514        4564         572         175        9378        9437
Swap:           2147           3        2144
Total:         16662        4567        2716

               total        used        free      shared  buff/cache   available
Mem:           14514        4562         573         175        9378        9439
Swap:           2147           3        2144
Total:         16662        4565        2718

               total        used        free      shared  buff/cache   available
Mem:           14514        4524         611         175        9378        9476
Swap:           2147           3        2144
Total:         16662        4528        2755

               total        used        free      shared  buff/cache   available
Mem:           14514        4521         614         175        9378        9479
Swap:           2147           3        2144
Total:         16662        4525        2758

               total        used        free      shared  buff/cache   available
Mem:           14514        4568         569         175        9376        9433
Swap:           2147           3        2144
Total:         16662        4571        2713

               total        used        free      shared  buff/cache   available
Mem:           14514        4580         556         175        9378        9421
Swap:           2147           3        2144
Total:         16662        4583        2700

               total        used        free      shared  buff/cache   available
Mem:           14514        4576         559         175        9378        9424
Swap:           2147           3        2144
Total:         16662        4580        2703

               total        used        free      shared  buff/cache   available
Mem:           14514        4575         561         175        9378        9426
Swap:           2147           3        2144
Total:         16662        4578        2705

               total        used        free      shared  buff/cache   available
Mem:           14514        4530         606         175        9378        9471
Swap:           2147           3        2144
Total:         16662        4533        2750

               total        used        free      shared  buff/cache   available
Mem:           14514        4526         610         175        9378        9475
Swap:           2147           3        2144
Total:         16662        4529        2754

               total        used        free      shared  buff/cache   available
Mem:           14514        4519         616         176        9378        9480
Swap:           2147           3        2144
Total:         16662        4523        2760

               total        used        free      shared  buff/cache   available
Mem:           14514        4707         421         181        9385        9287
Swap:           2147           3        2144
Total:         16662        4711        2565

               total        used        free      shared  buff/cache   available
Mem:           14514        4676         453         181        9384        9318
Swap:           2147           3        2144
Total:         16662        4679        2597

               total        used        free      shared  buff/cache   available
Mem:           14514        4679         450         181        9385        9315
Swap:           2147           3        2144
Total:         16662        4682        2594

               total        used        free      shared  buff/cache   available
Mem:           14514        4651         480         178        9381        9346
Swap:           2147           3        2144
Total:         16662        4655        2624

               total        used        free      shared  buff/cache   available
Mem:           14514        4608         526         175        9379        9392
Swap:           2147           3        2144
Total:         16662        4612        2670

               total        used        free      shared  buff/cache   available
Mem:           14514        4626         519         166        9368        9383
Swap:           2147           3        2144
Total:         16662        4630        2663

               total        used        free      shared  buff/cache   available
Mem:           14514        4633         511         166        9370        9376
Swap:           2147           3        2144
Total:         16662        4636        2655

               total        used        free      shared  buff/cache   available
Mem:           14514        4629         515         166        9370        9380
Swap:           2147           3        2144
Total:         16662        4632        2659

               total        used        free      shared  buff/cache   available
Mem:           14514        4628         515         166        9370        9381
Swap:           2147           3        2144
Total:         16662        4632        2659

               total        used        free      shared  buff/cache   available
Mem:           14514        4560         583         166        9370        9449
Swap:           2147           3        2144
Total:         16662        4564        2728

               total        used        free      shared  buff/cache   available
Mem:           14514        4544         600         166        9370        9466
Swap:           2147           3        2144
Total:         16662        4547        2744

               total        used        free      shared  buff/cache   available
Mem:           14514        4545         603         164        9366        9467
Swap:           2147           3        2144
Total:         16662        4548        2747

               total        used        free      shared  buff/cache   available
Mem:           14514        4593         551         166        9370        9417
Swap:           2147           3        2144
Total:         16662        4596        2695

               total        used        free      shared  buff/cache   available
Mem:           14514        4582         561         166        9370        9427
Swap:           2147           3        2144
Total:         16662        4586        2705

               total        used        free      shared  buff/cache   available
Mem:           14514        4590         554         166        9370        9419
Swap:           2147           3        2144
Total:         16662        4593        2698

               total        used        free      shared  buff/cache   available
Mem:           14514        4581         562         166        9370        9428
Swap:           2147           3        2144
Total:         16662        4585        2706

               total        used        free      shared  buff/cache   available
Mem:           14514        4541         602         166        9370        9468
Swap:           2147           3        2144
Total:         16662        4545        2746

               total        used        free      shared  buff/cache   available
Mem:           14514        4566         579         166        9369        9443
Swap:           2147           3        2144
Total:         16662        4569        2723

               total        used        free      shared  buff/cache   available
Mem:           14514        4599         544         166        9370        9410
Swap:           2147           3        2144
Total:         16662        4603        2688

               total        used        free      shared  buff/cache   available
Mem:           14514        4594         549         166        9370        9415
Swap:           2147           3        2144
Total:         16662        4597        2693

               total        used        free      shared  buff/cache   available
Mem:           14514        4588         555         166        9370        9422
Swap:           2147           3        2144
Total:         16662        4591        2699

               total        used        free      shared  buff/cache   available
Mem:           14514        4582         561         166        9370        9428
Swap:           2147           3        2144
Total:         16662        4585        2705

               total        used        free      shared  buff/cache   available
Mem:           14514        4532         612         166        9370        9478
Swap:           2147           3        2144
Total:         16662        4535        2756

               total        used        free      shared  buff/cache   available
Mem:           14514        4554         591         166        9369        9456
Swap:           2147           3        2144
Total:         16662        4557        2735

               total        used        free      shared  buff/cache   available
Mem:           14514        4587         549         172        9377        9416
Swap:           2147           3        2144
Total:         16662        4591        2693

               total        used        free      shared  buff/cache   available
Mem:           14514        4580         557         172        9377        9423
Swap:           2147           3        2144
Total:         16662        4583        2701

               total        used        free      shared  buff/cache   available
Mem:           14514        4575         562         172        9377        9428
Swap:           2147           3        2144
Total:         16662        4578        2706

               total        used        free      shared  buff/cache   available
Mem:           14514        4529         611         169        9374        9478
Swap:           2147           3        2144
Total:         16662        4532        2755

               total        used        free      shared  buff/cache   available
Mem:           14514        4520         620         169        9374        9487
Swap:           2147           3        2144
Total:         16662        4523        2764

               total        used        free      shared  buff/cache   available
Mem:           14514        4573         568         169        9372        9433
Swap:           2147           3        2144
Total:         16662        4577        2712

               total        used        free      shared  buff/cache   available
Mem:           14514        4573         566         169        9374        9433
Swap:           2147           3        2144
Total:         16662        4577        2710

               total        used        free      shared  buff/cache   available
Mem:           14514        4601         529         178        9383        9396
Swap:           2147           3        2144
Total:         16662        4604        2674

               total        used        free      shared  buff/cache   available
Mem:           14514        4597         534         178        9383        9401
Swap:           2147           3        2144
Total:         16662        4600        2678

               total        used        free      shared  buff/cache   available
Mem:           14514        4532         600         176        9381        9467
Swap:           2147           3        2144
Total:         16662        4536        2744

               total        used        free      shared  buff/cache   available
Mem:           14514        4509         623         176        9381        9490
Swap:           2147           3        2144
Total:         16662        4513        2767

               total        used        free      shared  buff/cache   available
Mem:           14514        4575         552         182        9386        9418
Swap:           2147           3        2144
Total:         16662        4579        2696

               total        used        free      shared  buff/cache   available
Mem:           14514        4618         508         182        9387        9375
Swap:           2147           3        2144
Total:         16662        4622        2652

               total        used        free      shared  buff/cache   available
Mem:           14514        4612         519         178        9383        9386
Swap:           2147           3        2144
Total:         16662        4615        2663

               total        used        free      shared  buff/cache   available
Mem:           14514        4599         534         175        9381        9401
Swap:           2147           3        2144
Total:         16662        4602        2678

               total        used        free      shared  buff/cache   available
Mem:           14514        4551         582         176        9381        9449
Swap:           2147           3        2144
Total:         16662        4554        2726

               total        used        free      shared  buff/cache   available
Mem:           14514        4544         589         176        9381        9456
Swap:           2147           3        2144
Total:         16662        4547        2733

               total        used        free      shared  buff/cache   available
Mem:           14514        4555         578         176        9379        9444
Swap:           2147           3        2144
Total:         16662        4559        2723

               total        used        free      shared  buff/cache   available
Mem:           14514        4579         555         174        9379        9422
Swap:           2147           3        2144
Total:         16662        4582        2699

               total        used        free      shared  buff/cache   available
Mem:           14514        4579         555         174        9379        9422
Swap:           2147           3        2144
Total:         16662        4583        2699

               total        used        free      shared  buff/cache   available
Mem:           14514        4590         535         183        9388        9403
Swap:           2147           3        2144
Total:         16662        4593        2679

               total        used        free      shared  buff/cache   available
Mem:           14514        4433         701         174        9380        9568
Swap:           2147           3        2144
Total:         16662        4436        2845

               total        used        free      shared  buff/cache   available
Mem:           14514        4420         718         170        9375        9585
Swap:           2147           3        2144
Total:         16662        4424        2862

               total        used        free      shared  buff/cache   available
Mem:           14514        4468         671         170        9374        9537
Swap:           2147           3        2144
Total:         16662        4472        2815

               total        used        free      shared  buff/cache   available
Mem:           14514        4454         683         170        9376        9551
Swap:           2147           3        2144
Total:         16662        4458        2827

               total        used        free      shared  buff/cache   available
Mem:           14514        4447         687         173        9379        9555
Swap:           2147           3        2144
Total:         16662        4451        2831

               total        used        free      shared  buff/cache   available
Mem:           14514        4434         704         170        9376        9572
Swap:           2147           3        2144
Total:         16662        4437        2848

               total        used        free      shared  buff/cache   available
Mem:           14514        4394         740         173        9379        9608
Swap:           2147           3        2144
Total:         16662        4397        2885

               total        used        free      shared  buff/cache   available
Mem:           14514        4390         744         173        9379        9612
Swap:           2147           3        2144
Total:         16662        4393        2888

               total        used        free      shared  buff/cache   available
Mem:           14514        4472         664         173        9378        9530
Swap:           2147           3        2144
Total:         16662        4475        2808

               total        used        free      shared  buff/cache   available
Mem:           14514        4455         679         173        9379        9547
Swap:           2147           3        2144
Total:         16662        4459        2823

               total        used        free      shared  buff/cache   available
Mem:           14514        4461         673         173        9379        9541
Swap:           2147           3        2144
Total:         16662        4464        2817

               total        used        free      shared  buff/cache   available
Mem:           14514        4453         681         173        9379        9549
Swap:           2147           3        2144
Total:         16662        4456        2825

               total        used        free      shared  buff/cache   available
Mem:           14514        4405         729         173        9379        9597
Swap:           2147           3        2144
Total:         16662        4408        2874

               total        used        free      shared  buff/cache   available
Mem:           14514        4402         732         173        9379        9600
Swap:           2147           3        2144
Total:         16662        4406        2876

               total        used        free      shared  buff/cache   available
Mem:           14514        4472         658         177        9383        9526
Swap:           2147           3        2144
Total:         16662        4475        2802

               total        used        free      shared  buff/cache   available
Mem:           14514        4464         666         177        9383        9534
Swap:           2147           3        2144
Total:         16662        4467        2810

               total        used        free      shared  buff/cache   available
Mem:           14514        4460         674         173        9379        9542
Swap:           2147           3        2144
Total:         16662        4463        2818

               total        used        free      shared  buff/cache   available
Mem:           14514        4463         668         176        9382        9536
Swap:           2147           3        2144
Total:         16662        4466        2812

               total        used        free      shared  buff/cache   available
Mem:           14514        4401         730         176        9382        9598
Swap:           2147           3        2144
Total:         16662        4404        2874

               total        used        free      shared  buff/cache   available
Mem:           14514        4397         733         176        9383        9601
Swap:           2147           3        2144
Total:         16662        4401        2877

               total        used        free      shared  buff/cache   available
Mem:           14514        4478         657         173        9378        9524
Swap:           2147           3        2144
Total:         16662        4482        2801

               total        used        free      shared  buff/cache   available
Mem:           14514        4451         682         174        9381        9550
Swap:           2147           3        2144
Total:         16662        4454        2826

               total        used        free      shared  buff/cache   available
Mem:           14514        4441         692         174        9381        9560
Swap:           2147           3        2144
Total:         16662        4444        2836

               total        used        free      shared  buff/cache   available
Mem:           14514        4432         700         174        9381        9569
Swap:           2147           3        2144
Total:         16662        4436        2845

               total        used        free      shared  buff/cache   available
Mem:           14514        4393         740         174        9381        9608
Swap:           2147           3        2144
Total:         16662        4397        2884

               total        used        free      shared  buff/cache   available
Mem:           14514        4388         745         174        9381        9613
Swap:           2147           3        2144
Total:         16662        4391        2889

               total        used        free      shared  buff/cache   available
Mem:           14514        4481         648         178        9384        9515
Swap:           2147           3        2144
Total:         16662        4485        2792

               total        used        free      shared  buff/cache   available
Mem:           14514        4469         660         178        9385        9528
Swap:           2147           3        2144
Total:         16662        4472        2804

               total        used        free      shared  buff/cache   available
Mem:           14514        4471         663         173        9380        9531
Swap:           2147           3        2144
Total:         16662        4474        2807

               total        used        free      shared  buff/cache   available
Mem:           14514        4514         613         180        9386        9482
Swap:           2147           3        2144
Total:         16662        4517        2757

               total        used        free      shared  buff/cache   available
Mem:           14514        4606         517         183        9390        9386
Swap:           2147           3        2144
Total:         16662        4610        2661

               total        used        free      shared  buff/cache   available
Mem:           14514        4600         530         175        9382        9399
Swap:           2147           3        2144
Total:         16662        4604        2675

               total        used        free      shared  buff/cache   available
Mem:           14514        4714         397         175        9402        9286
Swap:           2147           3        2144
Total:         16662        4718        2541

               total        used        free      shared  buff/cache   available
Mem:           14514        4714         415         178        9385        9284
Swap:           2147           3        2144
Total:         16662        4717        2559

               total        used        free      shared  buff/cache   available
Mem:           14514        4706         422         178        9385        9291
Swap:           2147           3        2144
Total:         16662        4710        2566

               total        used        free      shared  buff/cache   available
Mem:           14514        4682         447         178        9385        9316
Swap:           2147           3        2144
Total:         16662        4685        2591

               total        used        free      shared  buff/cache   available
Mem:           14514        4633         495         178        9385        9364
Swap:           2147           3        2144
Total:         16662        4637        2639

               total        used        free      shared  buff/cache   available
Mem:           14514        4626         503         178        9385        9372
Swap:           2147           3        2144
Total:         16662        4629        2647

               total        used        free      shared  buff/cache   available
Mem:           14514        4655         473         178        9385        9342
Swap:           2147           3        2144
Total:         16662        4659        2617

               total        used        free      shared  buff/cache   available
Mem:           14514        4617         511         178        9385        9380
Swap:           2147           3        2144
Total:         16662        4620        2655

               total        used        free      shared  buff/cache   available
Mem:           14514        4615         513         178        9385        9382
Swap:           2147           3        2144
Total:         16662        4619        2657

               total        used        free      shared  buff/cache   available
Mem:           14514        4620         505         181        9388        9374
Swap:           2147           3        2144
Total:         16662        4623        2649

               total        used        free      shared  buff/cache   available
Mem:           14514        4577         550         179        9386        9419
Swap:           2147           3        2144
Total:         16662        4581        2694

               total        used        free      shared  buff/cache   available
Mem:           14514        4572         552         182        9389        9421
Swap:           2147           3        2144
Total:         16662        4575        2696

               total        used        free      shared  buff/cache   available
Mem:           14514        4624         500         182        9389        9369
Swap:           2147           3        2144
Total:         16662        4628        2644

               total        used        free      shared  buff/cache   available
Mem:           14514        4622         502         182        9389        9372
Swap:           2147           3        2144
Total:         16662        4625        2646

               total        used        free      shared  buff/cache   available
Mem:           14514        4624         504         178        9385        9374
Swap:           2147           3        2144
Total:         16662        4627        2648

               total        used        free      shared  buff/cache   available
Mem:           14514        4620         508         178        9385        9378
Swap:           2147           3        2144
Total:         16662        4623        2652

               total        used        free      shared  buff/cache   available
Mem:           14514        4566         562         178        9385        9432
Swap:           2147           3        2144
Total:         16662        4569        2706

               total        used        free      shared  buff/cache   available
Mem:           14514        4559         574         173        9380        9444
Swap:           2147           3        2144
Total:         16662        4562        2718

               total        used        free      shared  buff/cache   available
Mem:           14514        4617         519         170        9377        9388
Swap:           2147           3        2144
Total:         16662        4621        2663

               total        used        free      shared  buff/cache   available
Mem:           14514        4612         524         170        9377        9393
Swap:           2147           3        2144
Total:         16662        4616        2668

               total        used        free      shared  buff/cache   available
Mem:           14514        4622         513         171        9378        9382
Swap:           2147           3        2144
Total:         16662        4626        2657

               total        used        free      shared  buff/cache   available
Mem:           14514        4617         518         171        9378        9387
Swap:           2147           3        2144
Total:         16662        4620        2662

               total        used        free      shared  buff/cache   available
Mem:           14514        4566         568         171        9378        9438
Swap:           2147           3        2144
Total:         16662        4570        2712

               total        used        free      shared  buff/cache   available
Mem:           14514        4523         617         166        9374        9486
Swap:           2147           3        2144
Total:         16662        4526        2761

               total        used        free      shared  buff/cache   available
Mem:           14514        4602         534         169        9376        9404
Swap:           2147           3        2144
Total:         16662        4606        2678

               total        used        free      shared  buff/cache   available
Mem:           14514        4603         534         169        9377        9404
Swap:           2147           3        2144
Total:         16662        4606        2678

               total        used        free      shared  buff/cache   available
Mem:           14514        4625         511         169        9377        9381
Swap:           2147           3        2144
Total:         16662        4629        2656

               total        used        free      shared  buff/cache   available
Mem:           14514        4606         531         168        9376        9401
Swap:           2147           3        2144
Total:         16662        4609        2675

               total        used        free      shared  buff/cache   available
Mem:           14514        4515         622         168        9376        9492
Swap:           2147           3        2144
Total:         16662        4518        2767

               total        used        free      shared  buff/cache   available
Mem:           14514        4371         772         163        9370        9642
Swap:           2147           3        2144
Total:         16662        4374        2916

               total        used        free      shared  buff/cache   available
Mem:           14514        4461         682         163        9371        9552
Swap:           2147           3        2144
Total:         16662        4464        2826

               total        used        free      shared  buff/cache   available
Mem:           14514        4462         680         163        9371        9550
Swap:           2147           3        2144
Total:         16662        4466        2824

               total        used        free      shared  buff/cache   available
Mem:           14514        4456         686         163        9371        9556
Swap:           2147           3        2144
Total:         16662        4459        2830

               total        used        free      shared  buff/cache   available
Mem:           14514        4435         707         163        9371        9578
Swap:           2147           3        2144
Total:         16662        4438        2851

               total        used        free      shared  buff/cache   available
Mem:           14514        4412         731         163        9371        9601
Swap:           2147           3        2144
Total:         16662        4415        2875

               total        used        free      shared  buff/cache   available
Mem:           14514        4362         780         163        9371        9650
Swap:           2147           3        2144
Total:         16662        4366        2924

               total        used        free      shared  buff/cache   available
Mem:           14514        4439         703         163        9371        9573
Swap:           2147           3        2144
Total:         16662        4443        2847

               total        used        free      shared  buff/cache   available
Mem:           14514        4439         703         163        9371        9573
Swap:           2147           3        2144
Total:         16662        4443        2847

               total        used        free      shared  buff/cache   available
Mem:           14514        4437         705         163        9371        9575
Swap:           2147           3        2144
Total:         16662        4440        2849

               total        used        free      shared  buff/cache   available
Mem:           14514        4435         707         163        9371        9577
Swap:           2147           3        2144
Total:         16662        4439        2851

               total        used        free      shared  buff/cache   available
Mem:           14514        4390         751         164        9372        9621
Swap:           2147           3        2144
Total:         16662        4394        2895

               total        used        free      shared  buff/cache   available
Mem:           14514        4335         806         164        9372        9676
Swap:           2147           3        2144
Total:         16662        4339        2950

               total        used        free      shared  buff/cache   available
Mem:           14514        4440         701         164        9372        9572
Swap:           2147           3        2144
Total:         16662        4443        2846

               total        used        free      shared  buff/cache   available
Mem:           14514        4439         702         164        9372        9573
Swap:           2147           3        2144
Total:         16662        4442        2846

               total        used        free      shared  buff/cache   available
Mem:           14514        4437         704         164        9372        9574
Swap:           2147           3        2144
Total:         16662        4441        2848

               total        used        free      shared  buff/cache   available
Mem:           14514        4435         706         164        9372        9576
Swap:           2147           3        2144
Total:         16662        4439        2850

               total        used        free      shared  buff/cache   available
Mem:           14514        4389         752         164        9372        9622
Swap:           2147           3        2144
Total:         16662        4393        2896

               total        used        free      shared  buff/cache   available
Mem:           14514        4330         812         163        9371        9682
Swap:           2147           3        2144
Total:         16662        4334        2956

               total        used        free      shared  buff/cache   available
Mem:           14514        4412         732         160        9369        9603
Swap:           2147           3        2144
Total:         16662        4415        2876

               total        used        free      shared  buff/cache   available
Mem:           14514        4408         737         160        9369        9607
Swap:           2147           3        2144
Total:         16662        4411        2881

               total        used        free      shared  buff/cache   available
Mem:           14514        4404         739         160        9369        9610
Swap:           2147           3        2144
Total:         16662        4408        2883

               total        used        free      shared  buff/cache   available
Mem:           14514        4403         741         160        9369        9612
Swap:           2147           3        2144
Total:         16662        4406        2885

               total        used        free      shared  buff/cache   available
Mem:           14514        4363         781         160        9369        9652
Swap:           2147           3        2144
Total:         16662        4366        2925

               total        used        free      shared  buff/cache   available
Mem:           14514        4309         837         160        9367        9706
Swap:           2147           3        2144
Total:         16662        4312        2981

               total        used        free      shared  buff/cache   available
Mem:           14514        4441         703         160        9370        9574
Swap:           2147           3        2144
Total:         16662        4444        2847

               total        used        free      shared  buff/cache   available
Mem:           14514        4435         708         160        9369        9579
Swap:           2147           3        2144
Total:         16662        4439        2852

               total        used        free      shared  buff/cache   available
Mem:           14514        4432         712         160        9370        9583
Swap:           2147           3        2144
Total:         16662        4435        2856

               total        used        free      shared  buff/cache   available
Mem:           14514        4478         663         163        9372        9534
Swap:           2147           3        2144
Total:         16662        4481        2807

               total        used        free      shared  buff/cache   available
Mem:           14514        4588         550         166        9375        9421
Swap:           2147           3        2144
Total:         16662        4591        2694

               total        used        free      shared  buff/cache   available
Mem:           14514        4549         591         166        9373        9460
Swap:           2147           3        2144
Total:         16662        4553        2735

               total        used        free      shared  buff/cache   available
Mem:           14514        4674         447         166        9392        9335
Swap:           2147           3        2144
Total:         16662        4677        2591

               total        used        free      shared  buff/cache   available
Mem:           14514        4682         456         166        9375        9327
Swap:           2147           3        2144
Total:         16662        4685        2600

               total        used        free      shared  buff/cache   available
Mem:           14514        4659         479         166        9376        9350
Swap:           2147           3        2144
Total:         16662        4662        2623

               total        used        free      shared  buff/cache   available
Mem:           14514        4651         487         166        9376        9358
Swap:           2147           3        2144
Total:         16662        4655        2631

               total        used        free      shared  buff/cache   available
Mem:           14514        4601         536         166        9376        9408
Swap:           2147           3        2144
Total:         16662        4605        2680

               total        used        free      shared  buff/cache   available
Mem:           14514        4552         588         166        9373        9457
Swap:           2147           3        2144
Total:         16662        4555        2732

               total        used        free      shared  buff/cache   available
Mem:           14514        4635         502         166        9376        9374
Swap:           2147           3        2144
Total:         16662        4639        2646

               total        used        free      shared  buff/cache   available
Mem:           14514        4630         507         166        9376        9379
Swap:           2147           3        2144
Total:         16662        4634        2651

               total        used        free      shared  buff/cache   available
Mem:           14514        4626         511         166        9376        9383
Swap:           2147           3        2144
Total:         16662        4630        2655

               total        used        free      shared  buff/cache   available
Mem:           14514        4617         520         166        9376        9392
Swap:           2147           3        2144
Total:         16662        4621        2664

               total        used        free      shared  buff/cache   available
Mem:           14514        4569         569         166        9376        9441
Swap:           2147           3        2144
Total:         16662        4572        2713

               total        used        free      shared  buff/cache   available
Mem:           14514        4510         629         166        9373        9499
Swap:           2147           3        2144
Total:         16662        4514        2774

               total        used        free      shared  buff/cache   available
Mem:           14514        4625         512         166        9376        9384
Swap:           2147           3        2144
Total:         16662        4629        2656

               total        used        free      shared  buff/cache   available
Mem:           14514        4618         520         166        9376        9392
Swap:           2147           3        2144
Total:         16662        4621        2664

               total        used        free      shared  buff/cache   available
Mem:           14514        4608         529         166        9376        9401
Swap:           2147           3        2144
Total:         16662        4612        2673

               total        used        free      shared  buff/cache   available
Mem:           14514        4604         530         169        9379        9402
Swap:           2147           3        2144
Total:         16662        4607        2674

               total        used        free      shared  buff/cache   available
Mem:           14514        4556         578         169        9379        9450
Swap:           2147           3        2144
Total:         16662        4560        2722

               total        used        free      shared  buff/cache   available
Mem:           14514        4553         583         169        9377        9453
Swap:           2147           3        2144
Total:         16662        4556        2727

               total        used        free      shared  buff/cache   available
Mem:           14514        4607         530         166        9376        9402
Swap:           2147           3        2144
Total:         16662        4610        2674

               total        used        free      shared  buff/cache   available
Mem:           14514        4604         533         166        9376        9405
Swap:           2147           3        2144
Total:         16662        4607        2677

               total        used        free      shared  buff/cache   available
Mem:           14514        4595         542         166        9376        9414
Swap:           2147           3        2144
Total:         16662        4598        2686

               total        used        free      shared  buff/cache   available
Mem:           14514        4595         542         166        9376        9414
Swap:           2147           3        2144
Total:         16662        4598        2686

               total        used        free      shared  buff/cache   available
Mem:           14514        4533         604         166        9376        9476
Swap:           2147           3        2144
Total:         16662        4536        2748

               total        used        free      shared  buff/cache   available
Mem:           14514        4539         600         166        9374        9470
Swap:           2147           3        2144
Total:         16662        4542        2744

               total        used        free      shared  buff/cache   available
Mem:           14514        4614         523         166        9376        9395
Swap:           2147           3        2144
Total:         16662        4618        2667

               total        used        free      shared  buff/cache   available
Mem:           14514        4604         533         166        9376        9405
Swap:           2147           3        2144
Total:         16662        4607        2677

               total        used        free      shared  buff/cache   available
Mem:           14514        4599         538         166        9376        9410
Swap:           2147           3        2144
Total:         16662        4603        2682

               total        used        free      shared  buff/cache   available
Mem:           14514        4551         586         166        9376        9459
Swap:           2147           3        2144
Total:         16662        4554        2730

               total        used        free      shared  buff/cache   available
Mem:           14514        4507         630         166        9376        9502
Swap:           2147           3        2144
Total:         16662        4511        2774

               total        used        free      shared  buff/cache   available
Mem:           14514        4494         645         166        9374        9515
Swap:           2147           3        2144
Total:         16662        4497        2789

               total        used        free      shared  buff/cache   available
Mem:           14514        4539         597         166        9377        9470
Swap:           2147           3        2144
Total:         16662        4542        2742

               total        used        free      shared  buff/cache   available
Mem:           14514        4533         604         166        9377        9477
Swap:           2147           3        2144
Total:         16662        4536        2748

               total        used        free      shared  buff/cache   available
Mem:           14514        4527         609         166        9377        9482
Swap:           2147           3        2144
Total:         16662        4531        2753

               total        used        free      shared  buff/cache   available
Mem:           14514        4484         652         166        9377        9525
Swap:           2147           3        2144
Total:         16662        4488        2796

               total        used        free      shared  buff/cache   available
Mem:           14514        4467         670         166        9377        9542
Swap:           2147           3        2144
Total:         16662        4470        2814

               total        used        free      shared  buff/cache   available
Mem:           14514        4499         639         166        9375        9510
Swap:           2147           3        2144
Total:         16662        4503        2783

               total        used        free      shared  buff/cache   available
Mem:           14514        4511         625         166        9377        9498
Swap:           2147           3        2144
Total:         16662        4515        2769

               total        used        free      shared  buff/cache   available
Mem:           14514        4525         611         166        9377        9484
Swap:           2147           3        2144
Total:         16662        4529        2755

               total        used        free      shared  buff/cache   available
Mem:           14514        4521         616         166        9377        9488
Swap:           2147           3        2144
Total:         16662        4524        2760

               total        used        free      shared  buff/cache   available
Mem:           14514        4484         653         166        9377        9526
Swap:           2147           3        2144
Total:         16662        4487        2797

               total        used        free      shared  buff/cache   available
Mem:           14514        4483         654         166        9377        9527
Swap:           2147           3        2144
Total:         16662        4486        2798

               total        used        free      shared  buff/cache   available
Mem:           14514        4523         615         166        9376        9486
Swap:           2147           3        2144
Total:         16662        4526        2759

               total        used        free      shared  buff/cache   available
Mem:           14514        4568         569         166        9377        9441
Swap:           2147           3        2144
Total:         16662        4571        2713

               total        used        free      shared  buff/cache   available
Mem:           14514        4566         570         166        9377        9443
Swap:           2147           3        2144
Total:         16662        4570        2714

               total        used        free      shared  buff/cache   available
Mem:           14514        4562         575         166        9377        9447
Swap:           2147           3        2144
Total:         16662        4565        2719

               total        used        free      shared  buff/cache   available
Mem:           14514        4489         644         169        9380        9517
Swap:           2147           3        2144
Total:         16662        4492        2788

               total        used        free      shared  buff/cache   available
Mem:           14514        4477         656         169        9380        9529
Swap:           2147           3        2144
Total:         16662        4480        2800

               total        used        free      shared  buff/cache   available
Mem:           14514        4542         592         169        9379        9464
Swap:           2147           3        2144
Total:         16662        4545        2736

               total        used        free      shared  buff/cache   available
Mem:           14514        4539         597         166        9377        9471
Swap:           2147           3        2144
Total:         16662        4542        2741

               total        used        free      shared  buff/cache   available
Mem:           14514        4527         609         166        9377        9482
Swap:           2147           3        2144
Total:         16662        4530        2753

               total        used        free      shared  buff/cache   available
Mem:           14514        4525         611         166        9377        9484
Swap:           2147           3        2144
Total:         16662        4529        2755

               total        used        free      shared  buff/cache   available
Mem:           14514        4368         774         161        9372        9647
Swap:           2147           3        2144
Total:         16662        4371        2918

               total        used        free      shared  buff/cache   available
Mem:           14514        4360         782         161        9372        9655
Swap:           2147           3        2144
Total:         16662        4363        2926

               total        used        free      shared  buff/cache   available
Mem:           14514        4429         714         161        9371        9586
Swap:           2147           3        2144
Total:         16662        4432        2858

               total        used        free      shared  buff/cache   available
Mem:           14514        4441         701         161        9372        9574
Swap:           2147           3        2144
Total:         16662        4444        2845

               total        used        free      shared  buff/cache   available
Mem:           14514        4437         705         161        9372        9578
Swap:           2147           3        2144
Total:         16662        4440        2849

               total        used        free      shared  buff/cache   available
Mem:           14514        4479         661         163        9374        9534
Swap:           2147           3        2144
Total:         16662        4482        2805

               total        used        free      shared  buff/cache   available
Mem:           14514        4564         572         166        9377        9445
Swap:           2147           3        2144
Total:         16662        4567        2716

               total        used        free      shared  buff/cache   available
Mem:           14514        4574         561         166        9377        9435
Swap:           2147           3        2144
Total:         16662        4578        2706

               total        used        free      shared  buff/cache   available
Mem:           14514        4679         456         166        9378        9330
Swap:           2147           3        2144
Total:         16662        4682        2600

               total        used        free      shared  buff/cache   available
Mem:           14514        4732         404         166        9378        9277
Swap:           2147           3        2144
Total:         16662        4735        2548

               total        used        free      shared  buff/cache   available
Mem:           14514        4719         417         166        9378        9290
Swap:           2147           3        2144
Total:         16662        4722        2561

               total        used        free      shared  buff/cache   available
Mem:           14514        4699         437         166        9378        9310
Swap:           2147           3        2144
Total:         16662        4702        2581

               total        used        free      shared  buff/cache   available
Mem:           14514        4630         506         166        9378        9379
Swap:           2147           3        2144
Total:         16662        4633        2650

               total        used        free      shared  buff/cache   available
Mem:           14514        4618         517         166        9378        9391
Swap:           2147           3        2144
Total:         16662        4622        2661

               total        used        free      shared  buff/cache   available
Mem:           14514        4662         473         166        9378        9347
Swap:           2147           3        2144
Total:         16662        4666        2617

               total        used        free      shared  buff/cache   available
Mem:           14514        4652         483         166        9378        9357
Swap:           2147           3        2144
Total:         16662        4655        2627

               total        used        free      shared  buff/cache   available
Mem:           14514        4636         499         166        9378        9373
Swap:           2147           3        2144
Total:         16662        4640        2643

               total        used        free      shared  buff/cache   available
Mem:           14514        4626         509         166        9378        9383
Swap:           2147           3        2144
Total:         16662        4630        2653

               total        used        free      shared  buff/cache   available
Mem:           14514        4579         556         166        9378        9430
Swap:           2147           3        2144
Total:         16662        4583        2700

               total        used        free      shared  buff/cache   available
Mem:           14514        4572         563         166        9378        9437
Swap:           2147           3        2144
Total:         16662        4576        2707

               total        used        free      shared  buff/cache   available
Mem:           14514        4607         528         166        9378        9402
Swap:           2147           3        2144
Total:         16662        4610        2673

               total        used        free      shared  buff/cache   available
Mem:           14514        4604         531         166        9378        9405
Swap:           2147           3        2144
Total:         16662        4608        2675

               total        used        free      shared  buff/cache   available
Mem:           14514        4598         537         166        9378        9411
Swap:           2147           3        2144
Total:         16662        4602        2681

               total        used        free      shared  buff/cache   available
Mem:           14514        4596         539         166        9378        9413
Swap:           2147           3        2144
Total:         16662        4600        2683

               total        used        free      shared  buff/cache   available
Mem:           14514        4556         575         169        9381        9449
Swap:           2147           3        2144
Total:         16662        4560        2719

               total        used        free      shared  buff/cache   available
Mem:           14514        4518         614         169        9381        9488
Swap:           2147           3        2144
Total:         16662        4521        2758

               total        used        free      shared  buff/cache   available
Mem:           14514        4620         511         169        9382        9386
Swap:           2147           3        2144
Total:         16662        4624        2655

               total        used        free      shared  buff/cache   available
Mem:           14514        4614         521         166        9379        9395
Swap:           2147           3        2144
Total:         16662        4617        2665

               total        used        free      shared  buff/cache   available
Mem:           14514        4611         524         166        9379        9398
Swap:           2147           3        2144
Total:         16662        4614        2668

               total        used        free      shared  buff/cache   available
Mem:           14514        4606         529         166        9379        9403
Swap:           2147           3        2144
Total:         16662        4609        2673

               total        used        free      shared  buff/cache   available
Mem:           14514        4554         581         166        9379        9455
Swap:           2147           3        2144
Total:         16662        4557        2725

               total        used        free      shared  buff/cache   available
Mem:           14514        4511         624         166        9379        9499
Swap:           2147           3        2144
Total:         16662        4514        2768

               total        used        free      shared  buff/cache   available
Mem:           14514        4584         551         166        9379        9425
Swap:           2147           3        2144
Total:         16662        4587        2695

               total        used        free      shared  buff/cache   available
Mem:           14514        4585         550         166        9379        9424
Swap:           2147           3        2144
Total:         16662        4588        2694

               total        used        free      shared  buff/cache   available
Mem:           14514        4597         537         166        9379        9412
Swap:           2147           3        2144
Total:         16662        4601        2681

               total        used        free      shared  buff/cache   available
Mem:           14514        4596         538         166        9379        9413
Swap:           2147           3        2144
Total:         16662        4600        2682

               total        used        free      shared  buff/cache   available
Mem:           14514        4511         623         166        9379        9498
Swap:           2147           3        2144
Total:         16662        4514        2768

               total        used        free      shared  buff/cache   available
Mem:           14514        4454         682         166        9377        9555
Swap:           2147           3        2144
Total:         16662        4457        2826

               total        used        free      shared  buff/cache   available
Mem:           14514        4534         601         166        9379        9475
Swap:           2147           3        2144
Total:         16662        4537        2745

               total        used        free      shared  buff/cache   available
Mem:           14514        4530         605         166        9379        9479
Swap:           2147           3        2144
Total:         16662        4533        2749

               total        used        free      shared  buff/cache   available
Mem:           14514        4525         610         166        9379        9484
Swap:           2147           3        2144
Total:         16662        4528        2754

               total        used        free      shared  buff/cache   available
Mem:           14514        4521         613         166        9379        9488
Swap:           2147           3        2144
Total:         16662        4524        2757

               total        used        free      shared  buff/cache   available
Mem:           14514        4370         770         161        9373        9645
Swap:           2147           3        2144
Total:         16662        4373        2914

               total        used        free      shared  buff/cache   available
Mem:           14514        4316         827         161        9371        9699
Swap:           2147           3        2144
Total:         16662        4319        2971

               total        used        free      shared  buff/cache   available
Mem:           14514        4476         661         163        9376        9536
Swap:           2147           3        2144
Total:         16662        4480        2805

               total        used        free      shared  buff/cache   available
Mem:           14514        4641         493         166        9379        9368
Swap:           2147           3        2144
Total:         16662        4644        2637

               total        used        free      shared  buff/cache   available
Mem:           14514        4626         508         166        9379        9383
Swap:           2147           3        2144
Total:         16662        4629        2652

               total        used        free      shared  buff/cache   available
Mem:           14514        4654         463         166        9397        9355
Swap:           2147           3        2144
Total:         16662        4657        2607

               total        used        free      shared  buff/cache   available
Mem:           14514        4617         517         166        9379        9392
Swap:           2147           3        2144
Total:         16662        4620        2661

               total        used        free      shared  buff/cache   available
Mem:           14514        4566         570         166        9377        9443
Swap:           2147           3        2144
Total:         16662        4569        2714

               total        used        free      shared  buff/cache   available
Mem:           14514        4625         509         166        9379        9384
Swap:           2147           3        2144
Total:         16662        4629        2653

               total        used        free      shared  buff/cache   available
Mem:           14514        4606         528         166        9379        9403
Swap:           2147           3        2144
Total:         16662        4610        2672

               total        used        free      shared  buff/cache   available
Mem:           14514        4595         538         166        9379        9414
Swap:           2147           3        2144
Total:         16662        4599        2682

               total        used        free      shared  buff/cache   available
Mem:           14514        4589         545         166        9379        9420
Swap:           2147           3        2144
Total:         16662        4593        2689

               total        used        free      shared  buff/cache   available
Mem:           14514        4537         591         172        9385        9466
Swap:           2147           3        2144
Total:         16662        4541        2735

               total        used        free      shared  buff/cache   available
Mem:           14514        4556         574         172        9383        9447
Swap:           2147           3        2144
Total:         16662        4560        2718

               total        used        free      shared  buff/cache   available
Mem:           14514        4621         498         180        9394        9374
Swap:           2147           3        2144
Total:         16662        4625        2642

               total        used        free      shared  buff/cache   available
Mem:           14514        4618         505         177        9390        9380
Swap:           2147           3        2144
Total:         16662        4622        2649

               total        used        free      shared  buff/cache   available
Mem:           14514        4617         506         177        9390        9381
Swap:           2147           3        2144
Total:         16662        4620        2650

               total        used        free      shared  buff/cache   available
Mem:           14514        4611         512         177        9390        9387
Swap:           2147           3        2144
Total:         16662        4614        2656

               total        used        free      shared  buff/cache   available
Mem:           14514        4560         563         177        9391        9438
Swap:           2147           3        2144
Total:         16662        4563        2707

               total        used        free      shared  buff/cache   available
Mem:           14514        4571         554         177        9388        9428
Swap:           2147           3        2144
Total:         16662        4574        2698

               total        used        free      shared  buff/cache   available
Mem:           14514        4629         493         177        9391        9369
Swap:           2147           3        2144
Total:         16662        4633        2637

               total        used        free      shared  buff/cache   available
Mem:           14514        4625         497         177        9391        9373
Swap:           2147           3        2144
Total:         16662        4629        2641

               total        used        free      shared  buff/cache   available
Mem:           14514        4622         501         177        9391        9376
Swap:           2147           3        2144
Total:         16662        4625        2645

               total        used        free      shared  buff/cache   available
Mem:           14514        4576         547         177        9391        9422
Swap:           2147           3        2144
Total:         16662        4579        2691

               total        used        free      shared  buff/cache   available
Mem:           14514        4583         540         177        9391        9415
Swap:           2147           3        2144
Total:         16662        4586        2684

               total        used        free      shared  buff/cache   available
Mem:           14514        4615         509         177        9389        9383
Swap:           2147           3        2144
Total:         16662        4619        2653

               total        used        free      shared  buff/cache   available
Mem:           14514        4668         454         177        9391        9330
Swap:           2147           3        2144
Total:         16662        4671        2598

               total        used        free      shared  buff/cache   available
Mem:           14514        4661         462         177        9391        9337
Swap:           2147           3        2144
Total:         16662        4664        2606

               total        used        free      shared  buff/cache   available
Mem:           14514        4655         467         177        9391        9343
Swap:           2147           3        2144
Total:         16662        4658        2612

               total        used        free      shared  buff/cache   available
Mem:           14514        4608         515         177        9391        9391
Swap:           2147           3        2144
Total:         16662        4611        2659

               total        used        free      shared  buff/cache   available
Mem:           14514        4603         519         177        9391        9395
Swap:           2147           3        2144
Total:         16662        4606        2663

               total        used        free      shared  buff/cache   available
Mem:           14514        4603         521         177        9389        9395
Swap:           2147           3        2144
Total:         16662        4607        2665

               total        used        free      shared  buff/cache   available
Mem:           14514        4629         493         177        9391        9369
Swap:           2147           3        2144
Total:         16662        4632        2637

               total        used        free      shared  buff/cache   available
Mem:           14514        4603         519         177        9391        9395
Swap:           2147           3        2144
Total:         16662        4607        2663

               total        used        free      shared  buff/cache   available
Mem:           14514        4603         519         177        9391        9395
Swap:           2147           3        2144
Total:         16662        4606        2663

               total        used        free      shared  buff/cache   available
Mem:           14514        4555         567         177        9391        9443
Swap:           2147           3        2144
Total:         16662        4559        2711

               total        used        free      shared  buff/cache   available
Mem:           14514        4553         569         177        9391        9446
Swap:           2147           3        2144
Total:         16662        4556        2713

               total        used        free      shared  buff/cache   available
Mem:           14514        4579         545         177        9390        9419
Swap:           2147           3        2144
Total:         16662        4582        2689

               total        used        free      shared  buff/cache   available
Mem:           14514        4625         497         177        9391        9373
Swap:           2147           3        2144
Total:         16662        4628        2641

               total        used        free      shared  buff/cache   available
Mem:           14514        4620         502         177        9391        9378
Swap:           2147           3        2144
Total:         16662        4623        2646

               total        used        free      shared  buff/cache   available
Mem:           14514        4618         504         177        9391        9380
Swap:           2147           3        2144
Total:         16662        4621        2648

               total        used        free      shared  buff/cache   available
Mem:           14514        4572         550         177        9391        9426
Swap:           2147           3        2144
Total:         16662        4576        2694

               total        used        free      shared  buff/cache   available
Mem:           14514        4568         550         180        9395        9427
Swap:           2147           3        2144
Total:         16662        4571        2695

               total        used        free      shared  buff/cache   available
Mem:           14514        4603         517         180        9393        9392
Swap:           2147           3        2144
Total:         16662        4606        2661

               total        used        free      shared  buff/cache   available
Mem:           14514        4624         494         180        9395        9371
Swap:           2147           3        2144
Total:         16662        4628        2638

               total        used        free      shared  buff/cache   available
Mem:           14514        4608         514         177        9392        9390
Swap:           2147           3        2144
Total:         16662        4611        2658

               total        used        free      shared  buff/cache   available
Mem:           14514        4599         522         177        9392        9399
Swap:           2147           3        2144
Total:         16662        4603        2666

               total        used        free      shared  buff/cache   available
Mem:           14514        4554         567         177        9392        9444
Swap:           2147           3        2144
Total:         16662        4558        2711

               total        used        free      shared  buff/cache   available
Mem:           14514        4551         571         177        9392        9447
Swap:           2147           3        2144
Total:         16662        4554        2715

               total        used        free      shared  buff/cache   available
Mem:           14514        4599         523         177        9390        9399
Swap:           2147           3        2144
Total:         16662        4603        2667

               total        used        free      shared  buff/cache   available
Mem:           14514        4611         510         177        9392        9387
Swap:           2147           3        2144
Total:         16662        4615        2654

               total        used        free      shared  buff/cache   available
Mem:           14514        4607         514         177        9392        9391
Swap:           2147           3        2144
Total:         16662        4611        2658

               total        used        free      shared  buff/cache   available
Mem:           14514        4605         516         177        9392        9393
Swap:           2147           3        2144
Total:         16662        4609        2660

               total        used        free      shared  buff/cache   available
Mem:           14514        4560         561         177        9392        9438
Swap:           2147           3        2144
Total:         16662        4563        2705

               total        used        free      shared  buff/cache   available
Mem:           14514        4543         579         177        9392        9455
Swap:           2147           3        2144
Total:         16662        4546        2723

               total        used        free      shared  buff/cache   available
Mem:           14514        4572         550         177        9391        9426
Swap:           2147           3        2144
Total:         16662        4576        2694

               total        used        free      shared  buff/cache   available
Mem:           14514        4570         551         177        9392        9428
Swap:           2147           3        2144
Total:         16662        4573        2695

               total        used        free      shared  buff/cache   available
Mem:           14514        4568         553         177        9392        9430
Swap:           2147           3        2144
Total:         16662        4571        2697

               total        used        free      shared  buff/cache   available
Mem:           14514        4567         554         177        9392        9431
Swap:           2147           3        2144
Total:         16662        4570        2698

               total        used        free      shared  buff/cache   available
Mem:           14514        4528         593         177        9392        9470
Swap:           2147           3        2144
Total:         16662        4531        2737

               total        used        free      shared  buff/cache   available
Mem:           14514        4526         595         177        9392        9472
Swap:           2147           3        2144
Total:         16662        4529        2739

               total        used        free      shared  buff/cache   available
Mem:           14514        4574         546         177        9392        9424
Swap:           2147           3        2144
Total:         16662        4578        2691

               total        used        free      shared  buff/cache   available
Mem:           14514        4576         545         177        9393        9422
Swap:           2147           3        2144
Total:         16662        4579        2689

               total        used        free      shared  buff/cache   available
Mem:           14514        4574         547         177        9393        9424
Swap:           2147           3        2144
Total:         16662        4577        2691

               total        used        free      shared  buff/cache   available
Mem:           14514        4572         548         177        9393        9426
Swap:           2147           3        2144
Total:         16662        4576        2692

               total        used        free      shared  buff/cache   available
Mem:           14514        4521         600         177        9392        9477
Swap:           2147           3        2144
Total:         16662        4524        2744

               total        used        free      shared  buff/cache   available
Mem:           14514        4513         608         177        9392        9485
Swap:           2147           3        2144
Total:         16662        4517        2752

               total        used        free      shared  buff/cache   available
Mem:           14514        4563         557         177        9393        9435
Swap:           2147           3        2144
Total:         16662        4567        2701

               total        used        free      shared  buff/cache   available
Mem:           14514        4570         551         177        9393        9428
Swap:           2147           3        2144
Total:         16662        4573        2695

               total        used        free      shared  buff/cache   available
Mem:           14514        4579         542         177        9393        9419
Swap:           2147           3        2144
Total:         16662        4582        2686

               total        used        free      shared  buff/cache   available
Mem:           14514        4670         450         177        9393        9328
Swap:           2147           3        2144
Total:         16662        4673        2595

               total        used        free      shared  buff/cache   available
Mem:           14514        4610         510         177        9393        9388
Swap:           2147           3        2144
Total:         16662        4614        2654

               total        used        free      shared  buff/cache   available
Mem:           14514        4639         482         177        9393        9360
Swap:           2147           3        2144
Total:         16662        4642        2626

               total        used        free      shared  buff/cache   available
Mem:           14514        4691         427         180        9396        9304
Swap:           2147           3        2144
Total:         16662        4694        2571

               total        used        free      shared  buff/cache   available
Mem:           14514        4683         434         180        9396        9312
Swap:           2147           3        2144
Total:         16662        4686        2578

               total        used        free      shared  buff/cache   available
Mem:           14514        4636         491         169        9385        9369
Swap:           2147           3        2144
Total:         16662        4640        2636

               total        used        free      shared  buff/cache   available
Mem:           14514        4627         504         166        9382        9382
Swap:           2147           3        2144
Total:         16662        4630        2648

               total        used        free      shared  buff/cache   available
Mem:           14514        4567         564         166        9382        9442
Swap:           2147           3        2144
Total:         16662        4570        2708

               total        used        free      shared  buff/cache   available
Mem:           14514        4555         576         166        9382        9454
Swap:           2147           3        2144
Total:         16662        4559        2720

               total        used        free      shared  buff/cache   available
Mem:           14514        4575         558         166        9380        9434
Swap:           2147           3        2144
Total:         16662        4579        2702

               total        used        free      shared  buff/cache   available
Mem:           14514        4570         563         166        9380        9439
Swap:           2147           3        2144
Total:         16662        4574        2707

               total        used        free      shared  buff/cache   available
Mem:           14514        4562         571         166        9380        9447
Swap:           2147           3        2144
Total:         16662        4566        2715

               total        used        free      shared  buff/cache   available
Mem:           14514        4558         577         164        9378        9453
Swap:           2147           3        2144
Total:         16662        4562        2721

               total        used        free      shared  buff/cache   available
Mem:           14514        4574         557         166        9382        9435
Swap:           2147           3        2144
Total:         16662        4577        2701

               total        used        free      shared  buff/cache   available
Mem:           14514        4575         556         166        9382        9434
Swap:           2147           3        2144
Total:         16662        4578        2700

               total        used        free      shared  buff/cache   available
Mem:           14514        4573         558         166        9382        9436
Swap:           2147           3        2144
Total:         16662        4576        2702

               total        used        free      shared  buff/cache   available
Mem:           14514        4571         560         166        9382        9438
Swap:           2147           3        2144
Total:         16662        4574        2704

               total        used        free      shared  buff/cache   available
Mem:           14514        4569         562         166        9382        9440
Swap:           2147           3        2144
Total:         16662        4572        2706

               total        used        free      shared  buff/cache   available
Mem:           14514        4581         552         166        9380        9428
Swap:           2147           3        2144
Total:         16662        4584        2696

               total        used        free      shared  buff/cache   available
Mem:           14514        4641         489         166        9383        9367
Swap:           2147           3        2144
Total:         16662        4645        2633

               total        used        free      shared  buff/cache   available
Mem:           14514        4644         487         166        9383        9365
Swap:           2147           3        2144
Total:         16662        4647        2631

               total        used        free      shared  buff/cache   available
Mem:           14514        4643         487         166        9383        9366
Swap:           2147           3        2144
Total:         16662        4646        2632

               total        used        free      shared  buff/cache   available
Mem:           14514        4606         524         166        9383        9403
Swap:           2147           3        2144
Total:         16662        4610        2668

               total        used        free      shared  buff/cache   available
Mem:           14514        4598         532         166        9383        9410
Swap:           2147           3        2144
Total:         16662        4602        2676

               total        used        free      shared  buff/cache   available
Mem:           14514        4615         518         166        9381        9394
Swap:           2147           3        2144
Total:         16662        4618        2662

               total        used        free      shared  buff/cache   available
Mem:           14514        4666         464         166        9383        9343
Swap:           2147           3        2144
Total:         16662        4670        2608

               total        used        free      shared  buff/cache   available
Mem:           14514        4664         466         166        9383        9344
Swap:           2147           3        2144
Total:         16662        4668        2610

               total        used        free      shared  buff/cache   available
Mem:           14514        4660         470         166        9383        9349
Swap:           2147           3        2144
Total:         16662        4663        2615

               total        used        free      shared  buff/cache   available
Mem:           14514        4622         509         166        9383        9387
Swap:           2147           3        2144
Total:         16662        4625        2653

               total        used        free      shared  buff/cache   available
Mem:           14514        4596         534         166        9383        9413
Swap:           2147           3        2144
Total:         16662        4600        2678

               total        used        free      shared  buff/cache   available
Mem:           14514        4601         531         166        9381        9408
Swap:           2147           3        2144
Total:         16662        4604        2675

               total        used        free      shared  buff/cache   available
Mem:           14514        4631         499         166        9383        9378
Swap:           2147           3        2144
Total:         16662        4635        2643

               total        used        free      shared  buff/cache   available
Mem:           14514        4615         512         169        9386        9391
Swap:           2147           3        2144
Total:         16662        4618        2656

               total        used        free      shared  buff/cache   available
Mem:           14514        4606         521         169        9386        9400
Swap:           2147           3        2144
Total:         16662        4609        2665

               total        used        free      shared  buff/cache   available
Mem:           14514        4567         560         169        9386        9438
Swap:           2147           3        2144
Total:         16662        4571        2704

               total        used        free      shared  buff/cache   available
Mem:           14514        4562         568         166        9383        9447
Swap:           2147           3        2144
Total:         16662        4566        2712

               total        used        free      shared  buff/cache   available
Mem:           14514        4586         545         166        9382        9422
Swap:           2147           3        2144
Total:         16662        4590        2689

               total        used        free      shared  buff/cache   available
Mem:           14514        4621         509         166        9384        9388
Swap:           2147           3        2144
Total:         16662        4624        2653

               total        used        free      shared  buff/cache   available
Mem:           14514        4616         514         166        9384        9393
Swap:           2147           3        2144
Total:         16662        4619        2658

               total        used        free      shared  buff/cache   available
Mem:           14514        4610         519         166        9384        9399
Swap:           2147           3        2144
Total:         16662        4614        2663

               total        used        free      shared  buff/cache   available
Mem:           14514        4565         564         166        9384        9444
Swap:           2147           3        2144
Total:         16662        4568        2709

               total        used        free      shared  buff/cache   available
Mem:           14514        4555         575         166        9384        9454
Swap:           2147           3        2144
Total:         16662        4558        2719

               total        used        free      shared  buff/cache   available
Mem:           14514        4591         539         166        9383        9418
Swap:           2147           3        2144
Total:         16662        4595        2683

               total        used        free      shared  buff/cache   available
Mem:           14514        4596         533         166        9384        9413
Swap:           2147           3        2144
Total:         16662        4600        2677

               total        used        free      shared  buff/cache   available
Mem:           14514        4581         548         166        9384        9428
Swap:           2147           3        2144
Total:         16662        4584        2692

               total        used        free      shared  buff/cache   available
Mem:           14514        4580         549         166        9384        9429
Swap:           2147           3        2144
Total:         16662        4583        2693

               total        used        free      shared  buff/cache   available
Mem:           14514        4521         608         166        9384        9488
Swap:           2147           3        2144
Total:         16662        4524        2752

               total        used        free      shared  buff/cache   available
Mem:           14514        4505         624         166        9384        9504
Swap:           2147           3        2144
Total:         16662        4508        2768

               total        used        free      shared  buff/cache   available
Mem:           14514        4565         565         166        9383        9444
Swap:           2147           3        2144
Total:         16662        4568        2709

               total        used        free      shared  buff/cache   available
Mem:           14514        4563         565         166        9384        9445
Swap:           2147           3        2144
Total:         16662        4567        2709

               total        used        free      shared  buff/cache   available
Mem:           14514        4560         569         166        9384        9449
Swap:           2147           3        2144
Total:         16662        4563        2713

               total        used        free      shared  buff/cache   available
Mem:           14514        4555         574         166        9384        9454
Swap:           2147           3        2144
Total:         16662        4558        2718

               total        used        free      shared  buff/cache   available
Mem:           14514        4507         621         166        9384        9501
Swap:           2147           3        2144
Total:         16662        4511        2765

               total        used        free      shared  buff/cache   available
Mem:           14514        4497         632         166        9384        9512
Swap:           2147           3        2144
Total:         16662        4500        2776

               total        used        free      shared  buff/cache   available
Mem:           14514        4552         576         166        9385        9456
Swap:           2147           3        2144
Total:         16662        4556        2720

               total        used        free      shared  buff/cache   available
Mem:           14514        4549         579         166        9385        9460
Swap:           2147           3        2144
Total:         16662        4553        2723

               total        used        free      shared  buff/cache   available
Mem:           14514        4546         582         166        9385        9463
Swap:           2147           3        2144
Total:         16662        4550        2726

               total        used        free      shared  buff/cache   available
Mem:           14514        4543         585         166        9385        9465
Swap:           2147           3        2144
Total:         16662        4547        2729

               total        used        free      shared  buff/cache   available
Mem:           14514        4491         637         166        9385        9518
Swap:           2147           3        2144
Total:         16662        4495        2782

               total        used        free      shared  buff/cache   available
Mem:           14514        4455         673         166        9385        9554
Swap:           2147           3        2144
Total:         16662        4459        2817

               total        used        free      shared  buff/cache   available
Mem:           14514        4536         592         166        9385        9472
Swap:           2147           3        2144
Total:         16662        4540        2736

               total        used        free      shared  buff/cache   available
Mem:           14514        4535         594         166        9385        9474
Swap:           2147           3        2144
Total:         16662        4538        2738

               total        used        free      shared  buff/cache   available
Mem:           14514        4528         597         170        9388        9478
Swap:           2147           3        2144
Total:         16662        4531        2741

               total        used        free      shared  buff/cache   available
Mem:           14514        4526         599         170        9388        9479
Swap:           2147           3        2144
Total:         16662        4530        2743

               total        used        free      shared  buff/cache   available
Mem:           14514        4481         645         170        9388        9525
Swap:           2147           3        2144
Total:         16662        4484        2789

               total        used        free      shared  buff/cache   available
Mem:           14514        4446         683         166        9385        9563
Swap:           2147           3        2144
Total:         16662        4449        2827

               total        used        free      shared  buff/cache   available
Mem:           14514        4525         603         166        9385        9484
Swap:           2147           3        2144
Total:         16662        4529        2747

               total        used        free      shared  buff/cache   available
Mem:           14514        4525         603         166        9385        9484
Swap:           2147           3        2144
Total:         16662        4529        2747

               total        used        free      shared  buff/cache   available
Mem:           14514        4523         605         166        9385        9486
Swap:           2147           3        2144
Total:         16662        4526        2749

               total        used        free      shared  buff/cache   available
Mem:           14514        4521         607         166        9385        9488
Swap:           2147           3        2144
Total:         16662        4524        2751

               total        used        free      shared  buff/cache   available
Mem:           14514        4490         638         166        9385        9518
Swap:           2147           3        2144
Total:         16662        4494        2782

               total        used        free      shared  buff/cache   available
Mem:           14514        4459         669         166        9385        9550
Swap:           2147           3        2144
Total:         16662        4462        2813

               total        used        free      shared  buff/cache   available
Mem:           14514        4535         593         166        9385        9474
Swap:           2147           3        2144
Total:         16662        4538        2737

               total        used        free      shared  buff/cache   available
Mem:           14514        4571         556         166        9385        9437
Swap:           2147           3        2144
Total:         16662        4575        2700

               total        used        free      shared  buff/cache   available
Mem:           14514        4613         515         166        9385        9396
Swap:           2147           3        2144
Total:         16662        4617        2659

               total        used        free      shared  buff/cache   available
Mem:           14514        4621         507         167        9386        9388
Swap:           2147           3        2144
Total:         16662        4624        2651

               total        used        free      shared  buff/cache   available
Mem:           14514        4597         528         170        9389        9409
Swap:           2147           3        2144
Total:         16662        4600        2672

               total        used        free      shared  buff/cache   available
Mem:           14514        4552         573         170        9389        9454
Swap:           2147           3        2144
Total:         16662        4555        2717

               total        used        free      shared  buff/cache   available
Mem:           14514        4640         487         167        9386        9368
Swap:           2147           3        2144
Total:         16662        4644        2631

               total        used        free      shared  buff/cache   available
Mem:           14514        4641         486         167        9386        9367
Swap:           2147           3        2144
Total:         16662        4645        2630

               total        used        free      shared  buff/cache   available
Mem:           14514        4628         499         167        9386        9380
Swap:           2147           3        2144
Total:         16662        4632        2643

               total        used        free      shared  buff/cache   available
Mem:           14514        4639         487         169        9388        9368
Swap:           2147           3        2144
Total:         16662        4642        2631

               total        used        free      shared  buff/cache   available
Mem:           14514        4604         522         169        9388        9403
Swap:           2147           3        2144
Total:         16662        4607        2666

               total        used        free      shared  buff/cache   available
Mem:           14514        4557         573         166        9384        9452
Swap:           2147           3        2144
Total:         16662        4560        2717

               total        used        free      shared  buff/cache   available
Mem:           14514        4632         495         167        9386        9376
Swap:           2147           3        2144
Total:         16662        4636        2639

               total        used        free      shared  buff/cache   available
Mem:           14514        4619         508         167        9386        9389
Swap:           2147           3        2144
Total:         16662        4623        2652

               total        used        free      shared  buff/cache   available
Mem:           14514        4612         515         167        9386        9396
Swap:           2147           3        2144
Total:         16662        4616        2659

               total        used        free      shared  buff/cache   available
Mem:           14514        4609         518         167        9386        9400
Swap:           2147           3        2144
Total:         16662        4612        2663

               total        used        free      shared  buff/cache   available
Mem:           14514        4571         556         167        9386        9438
Swap:           2147           3        2144
Total:         16662        4574        2700

               total        used        free      shared  buff/cache   available
Mem:           14514        4569         561         166        9384        9440
Swap:           2147           3        2144
Total:         16662        4572        2705

               total        used        free      shared  buff/cache   available
Mem:           14514        4630         497         167        9386        9379
Swap:           2147           3        2144
Total:         16662        4633        2642

               total        used        free      shared  buff/cache   available
Mem:           14514        4629         498         167        9386        9380
Swap:           2147           3        2144
Total:         16662        4633        2642

               total        used        free      shared  buff/cache   available
Mem:           14514        4609         515         170        9389        9396
Swap:           2147           3        2144
Total:         16662        4613        2659

               total        used        free      shared  buff/cache   available
Mem:           14514        4597         527         170        9389        9409
Swap:           2147           3        2144
Total:         16662        4600        2671

               total        used        free      shared  buff/cache   available
Mem:           14514        4532         592         170        9389        9473
Swap:           2147           3        2144
Total:         16662        4535        2736

               total        used        free      shared  buff/cache   available
Mem:           14514        4564         565         166        9384        9444
Swap:           2147           3        2144
Total:         16662        4568        2709

               total        used        free      shared  buff/cache   available
Mem:           14514        4623         503         167        9386        9385
Swap:           2147           3        2144
Total:         16662        4627        2648

               total        used        free      shared  buff/cache   available
Mem:           14514        4619         508         167        9386        9390
Swap:           2147           3        2144
Total:         16662        4622        2652

               total        used        free      shared  buff/cache   available
Mem:           14514        4614         513         167        9386        9395
Swap:           2147           3        2144
Total:         16662        4618        2657

               total        used        free      shared  buff/cache   available
Mem:           14514        4558         569         167        9386        9451
Swap:           2147           3        2144
Total:         16662        4561        2713

               total        used        free      shared  buff/cache   available
Mem:           14514        4551         576         167        9386        9457
Swap:           2147           3        2144
Total:         16662        4555        2720

               total        used        free      shared  buff/cache   available
Mem:           14514        4558         571         167        9384        9451
Swap:           2147           3        2144
Total:         16662        4562        2715

               total        used        free      shared  buff/cache   available
Mem:           14514        4596         530         167        9387        9412
Swap:           2147           3        2144
Total:         16662        4600        2674

               total        used        free      shared  buff/cache   available
Mem:           14514        4582         544         167        9387        9426
Swap:           2147           3        2144
Total:         16662        4586        2688

               total        used        free      shared  buff/cache   available
Mem:           14514        4545         581         167        9387        9463
Swap:           2147           3        2144
Total:         16662        4549        2725

               total        used        free      shared  buff/cache   available
Mem:           14514        4497         629         167        9387        9511
Swap:           2147           3        2144
Total:         16662        4501        2773

               total        used        free      shared  buff/cache   available
Mem:           14514        4495         631         167        9387        9514
Swap:           2147           3        2144
Total:         16662        4498        2775

               total        used        free      shared  buff/cache   available
Mem:           14514        4519         610         167        9385        9490
Swap:           2147           3        2144
Total:         16662        4522        2754

               total        used        free      shared  buff/cache   available
Mem:           14514        4546         581         167        9387        9463
Swap:           2147           3        2144
Total:         16662        4549        2725

               total        used        free      shared  buff/cache   available
Mem:           14514        4546         581         167        9387        9463
Swap:           2147           3        2144
Total:         16662        4549        2725

               total        used        free      shared  buff/cache   available
Mem:           14514        4561         566         167        9387        9448
Swap:           2147           3        2144
Total:         16662        4564        2710

               total        used        free      shared  buff/cache   available
Mem:           14514        4519         605         170        9390        9487
Swap:           2147           3        2144
Total:         16662        4522        2749

               total        used        free      shared  buff/cache   available
Mem:           14514        4501         622         170        9390        9505
Swap:           2147           3        2144
Total:         16662        4504        2766

               total        used        free      shared  buff/cache   available
Mem:           14514        4533         595         167        9385        9475
Swap:           2147           3        2144
Total:         16662        4537        2739

               total        used        free      shared  buff/cache   available
Mem:           14514        4571         555         167        9387        9437
Swap:           2147           3        2144
Total:         16662        4575        2699

               total        used        free      shared  buff/cache   available
Mem:           14514        4570         556         167        9387        9439
Swap:           2147           3        2144
Total:         16662        4573        2700

               total        used        free      shared  buff/cache   available
Mem:           14514        4568         558         167        9387        9440
Swap:           2147           3        2144
Total:         16662        4572        2702

               total        used        free      shared  buff/cache   available
Mem:           14514        4517         609         167        9387        9492
Swap:           2147           3        2144
Total:         16662        4520        2753

               total        used        free      shared  buff/cache   available
Mem:           14514        4519         607         167        9387        9490
Swap:           2147           3        2144
Total:         16662        4522        2751

               total        used        free      shared  buff/cache   available
Mem:           14514        4548         579         167        9386        9460
Swap:           2147           3        2144
Total:         16662        4552        2723

               total        used        free      shared  buff/cache   available
Mem:           14514        4595         531         167        9387        9414
Swap:           2147           3        2144
Total:         16662        4599        2675

               total        used        free      shared  buff/cache   available
Mem:           14514        4592         534         167        9387        9417
Swap:           2147           3        2144
Total:         16662        4595        2678

               total        used        free      shared  buff/cache   available
Mem:           14514        4582         541         170        9390        9423
Swap:           2147           3        2144
Total:         16662        4586        2685

               total        used        free      shared  buff/cache   available
Mem:           14514        4532         591         170        9390        9473
Swap:           2147           3        2144
Total:         16662        4535        2735

               total        used        free      shared  buff/cache   available
Mem:           14514        4518         605         170        9390        9487
Swap:           2147           3        2144
Total:         16662        4522        2749

               total        used        free      shared  buff/cache   available
Mem:           14514        4551         576         167        9386        9457
Swap:           2147           3        2144
Total:         16662        4555        2720

               total        used        free      shared  buff/cache   available
Mem:           14514        4581         545         167        9387        9428
Swap:           2147           3        2144
Total:         16662        4584        2689

               total        used        free      shared  buff/cache   available
Mem:           14514        4579         547         167        9387        9429
Swap:           2147           3        2144
Total:         16662        4583        2691

               total        used        free      shared  buff/cache   available
Mem:           14514        4574         552         167        9387        9434
Swap:           2147           3        2144
Total:         16662        4578        2696

               total        used        free      shared  buff/cache   available
Mem:           14514        4522         604         167        9387        9486
Swap:           2147           3        2144
Total:         16662        4526        2748

               total        used        free      shared  buff/cache   available
Mem:           14514        4513         610         170        9391        9493
Swap:           2147           3        2144
Total:         16662        4516        2754

               total        used        free      shared  buff/cache   available
Mem:           14514        4541         583         170        9389        9464
Swap:           2147           3        2144
Total:         16662        4544        2727

               total        used        free      shared  buff/cache   available
Mem:           14514        4573         553         167        9388        9436
Swap:           2147           3        2144
Total:         16662        4576        2697

               total        used        free      shared  buff/cache   available
Mem:           14514        4550         575         167        9388        9458
Swap:           2147           3        2144
Total:         16662        4554        2719

               total        used        free      shared  buff/cache   available
Mem:           14514        4601         525         167        9388        9408
Swap:           2147           3        2144
Total:         16662        4604        2669

               total        used        free      shared  buff/cache   available
Mem:           14514        4560         564         169        9390        9447
Swap:           2147           3        2144
Total:         16662        4563        2708

               total        used        free      shared  buff/cache   available
Mem:           14514        4548         575         169        9390        9458
Swap:           2147           3        2144
Total:         16662        4551        2719

               total        used        free      shared  buff/cache   available
Mem:           14514        4589         538         167        9386        9419
Swap:           2147           3        2144
Total:         16662        4592        2682

               total        used        free      shared  buff/cache   available
Mem:           14514        4617         508         167        9388        9392
Swap:           2147           3        2144
Total:         16662        4620        2653

               total        used        free      shared  buff/cache   available
Mem:           14514        4603         522         167        9388        9406
Swap:           2147           3        2144
Total:         16662        4606        2666

               total        used        free      shared  buff/cache   available
Mem:           14514        4600         525         167        9388        9408
Swap:           2147           3        2144
Total:         16662        4604        2669

               total        used        free      shared  buff/cache   available
Mem:           14514        4549         576         167        9388        9459
Swap:           2147           3        2144
Total:         16662        4553        2720

               total        used        free      shared  buff/cache   available
Mem:           14514        4539         586         167        9388        9469
Swap:           2147           3        2144
Total:         16662        4543        2730

               total        used        free      shared  buff/cache   available
Mem:           14514        4596         531         167        9387        9413
Swap:           2147           3        2144
Total:         16662        4599        2675

               total        used        free      shared  buff/cache   available
Mem:           14514        4579         546         167        9388        9429
Swap:           2147           3        2144
Total:         16662        4583        2690

               total        used        free      shared  buff/cache   available
Mem:           14514        4575         550         167        9388        9434
Swap:           2147           3        2144
Total:         16662        4578        2694

               total        used        free      shared  buff/cache   available
Mem:           14514        4575         550         167        9388        9433
Swap:           2147           3        2144
Total:         16662        4579        2694

               total        used        free      shared  buff/cache   available
Mem:           14514        4530         595         167        9388        9478
Swap:           2147           3        2144
Total:         16662        4534        2739

               total        used        free      shared  buff/cache   available
Mem:           14514        4519         606         167        9388        9489
Swap:           2147           3        2144
Total:         16662        4523        2750

               total        used        free      shared  buff/cache   available
Mem:           14514        4603         522         167        9388        9405
Swap:           2147           3        2144
Total:         16662        4607        2666

               total        used        free      shared  buff/cache   available
Mem:           14514        4609         516         167        9388        9399
Swap:           2147           3        2144
Total:         16662        4613        2660

               total        used        free      shared  buff/cache   available
Mem:           14514        4605         520         167        9388        9404
Swap:           2147           3        2144
Total:         16662        4608        2664

               total        used        free      shared  buff/cache   available
Mem:           14514        4604         518         170        9391        9402
Swap:           2147           3        2144
Total:         16662        4607        2662

               total        used        free      shared  buff/cache   available
Mem:           14514        4551         571         170        9391        9454
Swap:           2147           3        2144
Total:         16662        4555        2715

               total        used        free      shared  buff/cache   available
Mem:           14514        4520         602         170        9391        9486
Swap:           2147           3        2144
Total:         16662        4523        2746

               total        used        free      shared  buff/cache   available
Mem:           14514        4606         518         167        9388        9402
Swap:           2147           3        2144
Total:         16662        4610        2662

               total        used        free      shared  buff/cache   available
Mem:           14514        4605         519         167        9388        9403
Swap:           2147           3        2144
Total:         16662        4609        2663

               total        used        free      shared  buff/cache   available
Mem:           14514        4600         524         167        9388        9408
Swap:           2147           3        2144
Total:         16662        4604        2668

               total        used        free      shared  buff/cache   available
Mem:           14514        4596         529         167        9389        9413
Swap:           2147           3        2144
Total:         16662        4599        2673

               total        used        free      shared  buff/cache   available
Mem:           14514        4554         571         167        9389        9455
Swap:           2147           3        2144
Total:         16662        4557        2715

               total        used        free      shared  buff/cache   available
Mem:           14514        4521         604         167        9389        9488
Swap:           2147           3        2144
Total:         16662        4524        2748

               total        used        free      shared  buff/cache   available
Mem:           14514        4611         513         167        9389        9397
Swap:           2147           3        2144
Total:         16662        4615        2657

               total        used        free      shared  buff/cache   available
Mem:           14514        4608         516         167        9389        9401
Swap:           2147           3        2144
Total:         16662        4611        2661

               total        used        free      shared  buff/cache   available
Mem:           14514        4594         530         167        9389        9414
Swap:           2147           3        2144
Total:         16662        4598        2674

               total        used        free      shared  buff/cache   available
Mem:           14514        4574         550         167        9389        9434
Swap:           2147           3        2144
Total:         16662        4578        2694

               total        used        free      shared  buff/cache   available
Mem:           14514        4525         600         167        9389        9484
Swap:           2147           3        2144
Total:         16662        4528        2744

               total        used        free      shared  buff/cache   available
Mem:           14514        4484         640         167        9389        9524
Swap:           2147           3        2144
Total:         16662        4488        2784

               total        used        free      shared  buff/cache   available
Mem:           14514        4546         575         170        9392        9460
Swap:           2147           3        2144
Total:         16662        4549        2719

               total        used        free      shared  buff/cache   available
Mem:           14514        4545         576         170        9392        9460
Swap:           2147           3        2144
Total:         16662        4549        2720

               total        used        free      shared  buff/cache   available
Mem:           14514        4536         588         167        9389        9472
Swap:           2147           3        2144
Total:         16662        4539        2732

               total        used        free      shared  buff/cache   available
Mem:           14514        4533         591         167        9389        9475
Swap:           2147           3        2144
Total:         16662        4537        2735

               total        used        free      shared  buff/cache   available
Mem:           14514        4500         624         167        9389        9508
Swap:           2147           3        2144
Total:         16662        4504        2768

               total        used        free      shared  buff/cache   available
Mem:           14514        4448         676         169        9389        9559
Swap:           2147           3        2144
Total:         16662        4451        2820

               total        used        free      shared  buff/cache   available
Mem:           14514        4569         552         169        9391        9437
Swap:           2147           3        2144
Total:         16662        4573        2696

               total        used        free      shared  buff/cache   available
Mem:           14514        4571         553         167        9389        9438
Swap:           2147           3        2144
Total:         16662        4574        2697

               total        used        free      shared  buff/cache   available
Mem:           14514        4562         562         167        9389        9447
Swap:           2147           3        2144
Total:         16662        4565        2706

               total        used        free      shared  buff/cache   available
Mem:           14514        4555         569         167        9389        9454
Swap:           2147           3        2144
Total:         16662        4558        2713

               total        used        free      shared  buff/cache   available
Mem:           14514        4501         623         167        9389        9507
Swap:           2147           3        2144
Total:         16662        4504        2767

               total        used        free      shared  buff/cache   available
Mem:           14514        4458         665         170        9390        9547
Swap:           2147           3        2144
Total:         16662        4461        2809

               total        used        free      shared  buff/cache   available
Mem:           14514        4536         584         170        9393        9469
Swap:           2147           3        2144
Total:         16662        4540        2729

               total        used        free      shared  buff/cache   available
Mem:           14514        4541         583         167        9389        9468
Swap:           2147           3        2144
Total:         16662        4544        2727

               total        used        free      shared  buff/cache   available
Mem:           14514        4542         582         167        9389        9466
Swap:           2147           3        2144
Total:         16662        4545        2726

               total        used        free      shared  buff/cache   available
Mem:           14514        4556         565         170        9393        9449
Swap:           2147           3        2144
Total:         16662        4559        2709

               total        used        free      shared  buff/cache   available
Mem:           14514        4504         616         170        9393        9501
Swap:           2147           3        2144
Total:         16662        4508        2760

               total        used        free      shared  buff/cache   available
Mem:           14514        4463         660         170        9391        9543
Swap:           2147           3        2144
Total:         16662        4466        2804

               total        used        free      shared  buff/cache   available
Mem:           14514        4571         552         167        9390        9437
Swap:           2147           3        2144
Total:         16662        4574        2696

               total        used        free      shared  buff/cache   available
Mem:           14514        4575         548         167        9390        9433
Swap:           2147           3        2144
Total:         16662        4579        2692

               total        used        free      shared  buff/cache   available
Mem:           14514        4557         567         167        9390        9452
Swap:           2147           3        2144
Total:         16662        4560        2711

               total        used        free      shared  buff/cache   available
Mem:           14514        4558         562         170        9393        9447
Swap:           2147           3        2144
Total:         16662        4562        2706

               total        used        free      shared  buff/cache   available
Mem:           14514        4520         600         170        9393        9485
Swap:           2147           3        2144
Total:         16662        4524        2744

               total        used        free      shared  buff/cache   available
Mem:           14514        4523         603         167        9388        9486
Swap:           2147           3        2144
Total:         16662        4526        2747

               total        used        free      shared  buff/cache   available
Mem:           14514        4588         535         167        9390        9421
Swap:           2147           3        2144
Total:         16662        4591        2680

               total        used        free      shared  buff/cache   available
Mem:           14514        4578         545         167        9390        9430
Swap:           2147           3        2144
Total:         16662        4582        2689

               total        used        free      shared  buff/cache   available
Mem:           14514        4565         556         169        9392        9441
Swap:           2147           3        2144
Total:         16662        4568        2700

               total        used        free      shared  buff/cache   available
Mem:           14514        4609         512         169        9392        9397
Swap:           2147           3        2144
Total:         16662        4613        2656

               total        used        free      shared  buff/cache   available
Mem:           14514        4566         557         167        9390        9442
Swap:           2147           3        2144
Total:         16662        4570        2701

               total        used        free      shared  buff/cache   available
Mem:           14514        4591         534         167        9388        9417
Swap:           2147           3        2144
Total:         16662        4595        2678

               total        used        free      shared  buff/cache   available
Mem:           14514        4622         501         167        9390        9387
Swap:           2147           3        2144
Total:         16662        4625        2645

               total        used        free      shared  buff/cache   available
Mem:           14514        4621         502         167        9390        9388
Swap:           2147           3        2144
Total:         16662        4624        2646

               total        used        free      shared  buff/cache   available
Mem:           14514        4620         503         167        9390        9389
Swap:           2147           3        2144
Total:         16662        4623        2647

               total        used        free      shared  buff/cache   available
Mem:           14514        4617         506         167        9390        9392
Swap:           2147           3        2144
Total:         16662        4620        2650

               total        used        free      shared  buff/cache   available
Mem:           14514        4564         559         167        9390        9445
Swap:           2147           3        2144
Total:         16662        4567        2703

               total        used        free      shared  buff/cache   available
Mem:           14514        4558         567         167        9388        9450
Swap:           2147           3        2144
Total:         16662        4562        2711

               total        used        free      shared  buff/cache   available
Mem:           14514        4592         531         167        9390        9416
Swap:           2147           3        2144
Total:         16662        4595        2675

               total        used        free      shared  buff/cache   available
Mem:           14514        4589         534         167        9390        9419
Swap:           2147           3        2144
Total:         16662        4593        2678

               total        used        free      shared  buff/cache   available
Mem:           14514        4591         532         167        9390        9418
Swap:           2147           3        2144
Total:         16662        4594        2676

               total        used        free      shared  buff/cache   available
Mem:           14514        4558         565         167        9390        9450
Swap:           2147           3        2144
Total:         16662        4562        2709

               total        used        free      shared  buff/cache   available
Mem:           14514        4552         571         167        9390        9456
Swap:           2147           3        2144
Total:         16662        4555        2715

               total        used        free      shared  buff/cache   available
Mem:           14514        4579         545         167        9389        9429
Swap:           2147           3        2144
Total:         16662        4583        2689

               total        used        free      shared  buff/cache   available
Mem:           14514        4623         499         167        9391        9385
Swap:           2147           3        2144
Total:         16662        4627        2643

               total        used        free      shared  buff/cache   available
Mem:           14514        4618         504         167        9391        9390
Swap:           2147           3        2144
Total:         16662        4622        2649

               total        used        free      shared  buff/cache   available
Mem:           14514        4611         512         167        9391        9398
Swap:           2147           3        2144
Total:         16662        4614        2656

               total        used        free      shared  buff/cache   available
Mem:           14514        4556         564         170        9394        9450
Swap:           2147           3        2144
Total:         16662        4559        2708

               total        used        free      shared  buff/cache   available
Mem:           14514        4548         571         170        9394        9457
Swap:           2147           3        2144
Total:         16662        4551        2715

               total        used        free      shared  buff/cache   available
Mem:           14514        4572         549         170        9392        9433
Swap:           2147           3        2144
Total:         16662        4576        2693

               total        used        free      shared  buff/cache   available
Mem:           14514        4605         518         167        9391        9404
Swap:           2147           3        2144
Total:         16662        4608        2662

               total        used        free      shared  buff/cache   available
Mem:           14514        4602         520         167        9391        9406
Swap:           2147           3        2144
Total:         16662        4606        2664

               total        used        free      shared  buff/cache   available
Mem:           14514        4596         526         167        9391        9412
Swap:           2147           3        2144
Total:         16662        4600        2670

               total        used        free      shared  buff/cache   available
Mem:           14514        4547         572         170        9394        9458
Swap:           2147           3        2144
Total:         16662        4551        2716

               total        used        free      shared  buff/cache   available
Mem:           14514        4532         587         170        9394        9473
Swap:           2147           3        2144
Total:         16662        4535        2731

               total        used        free      shared  buff/cache   available
Mem:           14514        4574         549         167        9390        9434
Swap:           2147           3        2144
Total:         16662        4578        2693

               total        used        free      shared  buff/cache   available
Mem:           14514        4609         513         167        9391        9400
Swap:           2147           3        2144
Total:         16662        4612        2657

               total        used        free      shared  buff/cache   available
Mem:           14514        4603         519         167        9391        9405
Swap:           2147           3        2144
Total:         16662        4607        2663

               total        used        free      shared  buff/cache   available
Mem:           14514        4596         526         167        9391        9413
Swap:           2147           3        2144
Total:         16662        4599        2671

               total        used        free      shared  buff/cache   available
Mem:           14514        4530         589         170        9394        9475
Swap:           2147           3        2144
Total:         16662        4533        2733

               total        used        free      shared  buff/cache   available
Mem:           14514        4523         595         170        9394        9482
Swap:           2147           3        2144
Total:         16662        4527        2739

               total        used        free      shared  buff/cache   available
Mem:           14514        4547         576         167        9390        9461
Swap:           2147           3        2144
Total:         16662        4550        2720

               total        used        free      shared  buff/cache   available
Mem:           14514        4563         559         167        9391        9445
Swap:           2147           3        2144
Total:         16662        4567        2703

               total        used        free      shared  buff/cache   available
Mem:           14514        4557         565         167        9391        9451
Swap:           2147           3        2144
Total:         16662        4561        2709

               total        used        free      shared  buff/cache   available
Mem:           14514        4553         569         167        9391        9456
Swap:           2147           3        2144
Total:         16662        4556        2713

               total        used        free      shared  buff/cache   available
Mem:           14514        4498         624         167        9391        9510
Swap:           2147           3        2144
Total:         16662        4502        2768

               total        used        free      shared  buff/cache   available
Mem:           14514        4488         634         167        9391        9521
Swap:           2147           3        2144
Total:         16662        4491        2778

               total        used        free      shared  buff/cache   available
Mem:           14514        4571         551         167        9391        9438
Swap:           2147           3        2144
Total:         16662        4574        2695

               total        used        free      shared  buff/cache   available
Mem:           14514        4571         551         167        9392        9437
Swap:           2147           3        2144
Total:         16662        4575        2695

               total        used        free      shared  buff/cache   available
Mem:           14514        4560         562         167        9392        9449
Swap:           2147           3        2144
Total:         16662        4563        2706

               total        used        free      shared  buff/cache   available
Mem:           14514        4552         570         167        9392        9456
Swap:           2147           3        2144
Total:         16662        4555        2714

               total        used        free      shared  buff/cache   available
Mem:           14514        4499         623         167        9392        9510
Swap:           2147           3        2144
Total:         16662        4502        2767

               total        used        free      shared  buff/cache   available
Mem:           14514        4491         630         167        9392        9517
Swap:           2147           3        2144
Total:         16662        4495        2774

               total        used        free      shared  buff/cache   available
Mem:           14514        4575         546         167        9392        9433
Swap:           2147           3        2144
Total:         16662        4579        2690

               total        used        free      shared  buff/cache   available
Mem:           14514        4567         555         167        9392        9442
Swap:           2147           3        2144
Total:         16662        4570        2699

               total        used        free      shared  buff/cache   available
Mem:           14514        4562         559         167        9392        9446
Swap:           2147           3        2144
Total:         16662        4565        2704

               total        used        free      shared  buff/cache   available
Mem:           14514        4558         564         167        9392        9451
Swap:           2147           3        2144
Total:         16662        4561        2708

               total        used        free      shared  buff/cache   available
Mem:           14514        4530         586         173        9398        9473
Swap:           2147           3        2144
Total:         16662        4533        2730

               total        used        free      shared  buff/cache   available
Mem:           14514        4497         619         172        9398        9506
Swap:           2147           3        2144
Total:         16662        4500        2763

               total        used        free      shared  buff/cache   available
Mem:           14514        4633         476         179        9404        9363
Swap:           2147           3        2144
Total:         16662        4637        2620

               total        used        free      shared  buff/cache   available
Mem:           14514        4633         479         176        9401        9367
Swap:           2147           3        2144
Total:         16662        4636        2623

               total        used        free      shared  buff/cache   available
Mem:           14514        4628         484         176        9401        9372
Swap:           2147           3        2144
Total:         16662        4631        2628

               total        used        free      shared  buff/cache   available
Mem:           14514        4625         487         176        9401        9374
Swap:           2147           3        2144
Total:         16662        4629        2631

               total        used        free      shared  buff/cache   available
Mem:           14514        4565         543         179        9404        9431
Swap:           2147           3        2144
Total:         16662        4569        2687

               total        used        free      shared  buff/cache   available
Mem:           14514        4512         596         179        9404        9484
Swap:           2147           3        2144
Total:         16662        4516        2740

               total        used        free      shared  buff/cache   available
Mem:           14514        4631         481         176        9401        9369
Swap:           2147           3        2144
Total:         16662        4634        2625

               total        used        free      shared  buff/cache   available
Mem:           14514        4622         489         176        9401        9377
Swap:           2147           3        2144
Total:         16662        4626        2633

               total        used        free      shared  buff/cache   available
Mem:           14514        4616         496         176        9401        9384
Swap:           2147           3        2144
Total:         16662        4619        2640

               total        used        free      shared  buff/cache   available
Mem:           14514        4612         500         176        9401        9388
Swap:           2147           3        2144
Total:         16662        4615        2644

               total        used        free      shared  buff/cache   available
Mem:           14514        4594         518         176        9402        9406
Swap:           2147           3        2144
Total:         16662        4597        2662

               total        used        free      shared  buff/cache   available
Mem:           14514        4562         547         179        9404        9434
Swap:           2147           3        2144
Total:         16662        4566        2691

               total        used        free      shared  buff/cache   available
Mem:           14514        4658         451         179        9405        9339
Swap:           2147           3        2144
Total:         16662        4661        2595

               total        used        free      shared  buff/cache   available
Mem:           14514        4662         450         175        9401        9338
Swap:           2147           3        2144
Total:         16662        4665        2594

               total        used        free      shared  buff/cache   available
Mem:           14514        4658         454         175        9401        9342
Swap:           2147           3        2144
Total:         16662        4661        2598

               total        used        free      shared  buff/cache   available
Mem:           14514        4646         466         175        9401        9354
Swap:           2147           3        2144
Total:         16662        4649        2610

               total        used        free      shared  buff/cache   available
Mem:           14514        4623         486         178        9404        9374
Swap:           2147           3        2144
Total:         16662        4627        2630

               total        used        free      shared  buff/cache   available
Mem:           14514        4565         545         178        9403        9432
Swap:           2147           3        2144
Total:         16662        4569        2689

               total        used        free      shared  buff/cache   available
Mem:           14514        4670         442         175        9402        9330
Swap:           2147           3        2144
Total:         16662        4673        2586

               total        used        free      shared  buff/cache   available
Mem:           14514        4673         439         175        9402        9327
Swap:           2147           3        2144
Total:         16662        4676        2583

               total        used        free      shared  buff/cache   available
Mem:           14514        4669         442         175        9402        9330
Swap:           2147           3        2144
Total:         16662        4673        2586

               total        used        free      shared  buff/cache   available
Mem:           14514        4666         443         178        9404        9331
Swap:           2147           3        2144
Total:         16662        4670        2587

               total        used        free      shared  buff/cache   available
Mem:           14514        4636         473         178        9404        9361
Swap:           2147           3        2144
Total:         16662        4639        2617

               total        used        free      shared  buff/cache   available
Mem:           14514        4579         535         175        9399        9420
Swap:           2147           3        2144
Total:         16662        4583        2679

               total        used        free      shared  buff/cache   available
Mem:           14514        4663         448         175        9402        9337
Swap:           2147           3        2144
Total:         16662        4666        2593

               total        used        free      shared  buff/cache   available
Mem:           14514        4664         447         175        9402        9336
Swap:           2147           3        2144
Total:         16662        4667        2591

               total        used        free      shared  buff/cache   available
Mem:           14514        4673         436         178        9404        9325
Swap:           2147           3        2144
Total:         16662        4676        2581

               total        used        free      shared  buff/cache   available
Mem:           14514        4652         457         178        9404        9346
Swap:           2147           3        2144
Total:         16662        4655        2601

               total        used        free      shared  buff/cache   available
Mem:           14514        4622         486         179        9405        9375
Swap:           2147           3        2144
Total:         16662        4625        2631

               total        used        free      shared  buff/cache   available
Mem:           14514        4599         511         179        9403        9397
Swap:           2147           3        2144
Total:         16662        4603        2655

               total        used        free      shared  buff/cache   available
Mem:           14514        4655         453         179        9405        9342
Swap:           2147           3        2144
Total:         16662        4658        2597

               total        used        free      shared  buff/cache   available
Mem:           14514        4660         448         178        9404        9337
Swap:           2147           3        2144
Total:         16662        4664        2592

               total        used        free      shared  buff/cache   available
Mem:           14514        4654         455         178        9404        9344
Swap:           2147           3        2144
Total:         16662        4657        2599

               total        used        free      shared  buff/cache   available
Mem:           14514        4616         495         176        9402        9383
Swap:           2147           3        2144
Total:         16662        4620        2639

               total        used        free      shared  buff/cache   available
Mem:           14514        4596         515         176        9402        9404
Swap:           2147           3        2144
Total:         16662        4599        2659

               total        used        free      shared  buff/cache   available
Mem:           14514        4519         594         175        9400        9481
Swap:           2147           3        2144
Total:         16662        4522        2738

               total        used        free      shared  buff/cache   available
Mem:           14514        4519         594         175        9400        9481
Swap:           2147           3        2144
Total:         16662        4523        2738

               total        used        free      shared  buff/cache   available
Mem:           14514        4527         586         175        9400        9472
Swap:           2147           3        2144
Total:         16662        4531        2730

               total        used        free      shared  buff/cache   available
Mem:           14514        4513         597         179        9403        9483
Swap:           2147           3        2144
Total:         16662        4517        2741

               total        used        free      shared  buff/cache   available
Mem:           14514        4513         598         178        9402        9484
Swap:           2147           3        2144
Total:         16662        4517        2742

               total        used        free      shared  buff/cache   available
Mem:           14514        4505         609         175        9399        9495
Swap:           2147           3        2144
Total:         16662        4509        2753

               total        used        free      shared  buff/cache   available
Mem:           14514        4505         609         175        9399        9495
Swap:           2147           3        2144
Total:         16662        4508        2753

               total        used        free      shared  buff/cache   available
Mem:           14514        4504         609         175        9399        9496
Swap:           2147           3        2144
Total:         16662        4508        2754

               total        used        free      shared  buff/cache   available
Mem:           14514        4504         610         175        9399        9497
Swap:           2147           3        2144
Total:         16662        4507        2754

               total        used        free      shared  buff/cache   available
Mem:           14514        4503         611         175        9399        9498
Swap:           2147           3        2144
Total:         16662        4506        2755
